channel,VTP_FIRMWAREVERSION,VTP_FIRMWARETYPE,VTP_W_WIDTH,VTP_W_OFFSET,VTP_FIBER_EN_0,VTP_FIBER_EN_1,VTP_FIBER_EN_2,VTP_FIBER_EN_3,VTP_NPS_TRIG_WIDTH,VTP_NPS_TRIG_LATENCY,VTP_NPS_TRIG_PRESCALE_0,VTP_NPS_TRIG_DELAY_0,VTP_NPS_TRIG_PRESCALE_1,VTP_NPS_TRIG_DELAY_1,VTP_NPS_TRIG_PRESCALE_2,VTP_NPS_TRIG_DELAY_2,VTP_NPS_TRIG_PRESCALE_3,VTP_NPS_TRIG_DELAY_3,VTP_NPS_TRIG_PRESCALE_4,VTP_NPS_TRIG_DELAY_4,VTP_NPS_TRIG_PRESCALE_5,VTP_NPS_TRIG_DELAY_5,VTP_NPS_TRIG_PRESCALE_6,VTP_NPS_TRIG_DELAY_6,VTP_NPS_TRIG_PRESCALE_7,VTP_NPS_TRIG_DELAY_7,VTP_NPS_TRIG_PRESCALE_8,VTP_NPS_TRIG_DELAY_8,VTP_NPS_TRIG_PRESCALE_9,VTP_NPS_TRIG_DELAY_9,VTP_NPS_TRIG_PRESCALE_10,VTP_NPS_TRIG_DELAY_10,VTP_NPS_TRIG_PRESCALE_11,VTP_NPS_TRIG_DELAY_11,VTP_NPS_TRIG_PRESCALE_12,VTP_NPS_TRIG_DELAY_12,VTP_NPS_TRIG_PRESCALE_13,VTP_NPS_TRIG_DELAY_13,VTP_NPS_TRIG_PRESCALE_14,VTP_NPS_TRIG_DELAY_14,VTP_NPS_TRIG_PRESCALE_15,VTP_NPS_TRIG_DELAY_15,VTP_NPS_TRIG_PRESCALE_16,VTP_NPS_TRIG_DELAY_16,VTP_NPS_TRIG_PRESCALE_17,VTP_NPS_TRIG_DELAY_17,VTP_NPS_TRIG_PRESCALE_18,VTP_NPS_TRIG_DELAY_18,VTP_NPS_TRIG_PRESCALE_19,VTP_NPS_TRIG_DELAY_19,VTP_NPS_TRIG_PRESCALE_20,VTP_NPS_TRIG_DELAY_20,VTP_NPS_TRIG_PRESCALE_21,VTP_NPS_TRIG_DELAY_21,VTP_NPS_TRIG_PRESCALE_22,VTP_NPS_TRIG_DELAY_22,VTP_NPS_TRIG_PRESCALE_23,VTP_NPS_TRIG_DELAY_23,VTP_NPS_TRIG_PRESCALE_24,VTP_NPS_TRIG_DELAY_24,VTP_NPS_TRIG_PRESCALE_25,VTP_NPS_TRIG_DELAY_25,VTP_NPS_TRIG_PRESCALE_26,VTP_NPS_TRIG_DELAY_26,VTP_NPS_TRIG_PRESCALE_27,VTP_NPS_TRIG_DELAY_27,VTP_NPS_TRIG_PRESCALE_28,VTP_NPS_TRIG_DELAY_28,VTP_NPS_TRIG_PRESCALE_29,VTP_NPS_TRIG_DELAY_29,VTP_NPS_TRIG_PRESCALE_30,VTP_NPS_TRIG_DELAY_30,VTP_NPS_TRIG_PRESCALE_31,VTP_NPS_TRIG_DELAY_31,VTP_NPS_ECALCLUSTER_SEED_THR,VTP_NPS_ECALCLUSTER_HIT_DT,VTP_NPS_ECALCLUSTER_CLUSTER_TRIGGER_THR,VTP_NPS_ECALCLUSTER_CLUSTER_READOUT_THR,VTP_NPS_ECALCLUSTER_CLUSTER_PAIR_TRIGGER_THR,VTP_NPS_ECALCLUSTER_CLUSTER_PAIR_TRIGGER_WIDTH,VTP_NPS_ECALCLUSTER_CRATE_ID,VTP_NPS_ECALCLUSTER_NHIT_MIN,VTP_NPS_ECALCLUSTER_FADCMASK_OFFSET,VTP_NPS_ECALCLUSTER_FADCMASK_WIDTH,VTP_NPS_ECALCLUSTER_FADCMASK_PRESCALE,VTP_NPS_ECALCLUSTER_FADCMASK_MODE,VTP_NPS_ECALCLUSTER_COSMIC_SCINT_DT,VTP_NPS_ECALCLUSTER_COSMIC_COLUMN_VETO_EN,VTP_NPS_ECALCLUSTER_COSMIC_COLUMN_DT,VTP_NPS_ECALCLUSTER_COSMIC_COLUMN_MULTMIN
0,65536,20,1000,5484,0,1,0,1,20,2560,1,0,0,0,0,0,1,0,1,0,0,0,0,0,0,0,0,0,0,0,0,0,0,0,0,0,0,0,0,0,0,0,0,0,0,0,0,0,0,0,0,0,0,0,0,0,0,0,0,0,0,0,0,0,0,0,0,0,0,0,0,0,0,0,150,5,1600,400,800,20,1,1,248,200,0,1,7,0,4,6
1,65536,20,1000,5484,0,1,0,1,20,2560,1,0,0,0,0,0,1,0,1,0,0,0,0,0,0,0,0,0,0,0,0,0,0,0,0,0,0,0,0,0,0,0,0,0,0,0,0,0,0,0,0,0,0,0,0,0,0,0,0,0,0,0,0,0,0,0,0,0,0,0,0,0,0,0,150,5,1600,400,800,20,1,1,248,200,0,1,7,0,4,6
2,65536,20,1000,5484,0,1,0,1,20,2560,1,0,0,0,0,0,1,0,1,0,0,0,0,0,0,0,0,0,0,0,0,0,0,0,0,0,0,0,0,0,0,0,0,0,0,0,0,0,0,0,0,0,0,0,0,0,0,0,0,0,0,0,0,0,0,0,0,0,0,0,0,0,0,0,150,5,1600,400,800,20,1,1,248,200,0,1,7,0,4,6
3,65536,20,1000,5484,0,1,0,1,20,2560,1,0,0,0,0,0,1,0,1,0,0,0,0,0,0,0,0,0,0,0,0,0,0,0,0,0,0,0,0,0,0,0,0,0,0,0,0,0,0,0,0,0,0,0,0,0,0,0,0,0,0,0,0,0,0,0,0,0,0,0,0,0,0,0,150,5,1600,400,800,20,1,1,248,200,0,1,7,0,4,6
4,65536,20,1000,5484,0,1,0,1,20,2560,1,0,0,0,0,0,1,0,1,0,0,0,0,0,0,0,0,0,0,0,0,0,0,0,0,0,0,0,0,0,0,0,0,0,0,0,0,0,0,0,0,0,0,0,0,0,0,0,0,0,0,0,0,0,0,0,0,0,0,0,0,0,0,0,150,5,1600,400,800,20,1,1,248,200,0,1,7,0,4,6
5,65536,20,1000,5484,0,1,0,1,20,2560,1,0,0,0,0,0,1,0,1,0,0,0,0,0,0,0,0,0,0,0,0,0,0,0,0,0,0,0,0,0,0,0,0,0,0,0,0,0,0,0,0,0,0,0,0,0,0,0,0,0,0,0,0,0,0,0,0,0,0,0,0,0,0,0,150,5,1600,400,800,20,1,1,248,200,0,1,7,0,4,6
6,65536,20,1000,5484,0,1,0,1,20,2560,1,0,0,0,0,0,1,0,1,0,0,0,0,0,0,0,0,0,0,0,0,0,0,0,0,0,0,0,0,0,0,0,0,0,0,0,0,0,0,0,0,0,0,0,0,0,0,0,0,0,0,0,0,0,0,0,0,0,0,0,0,0,0,0,150,5,1600,400,800,20,1,1,248,200,0,1,7,0,4,6
7,65536,20,1000,5484,0,1,0,1,20,2560,1,0,0,0,0,0,1,0,1,0,0,0,0,0,0,0,0,0,0,0,0,0,0,0,0,0,0,0,0,0,0,0,0,0,0,0,0,0,0,0,0,0,0,0,0,0,0,0,0,0,0,0,0,0,0,0,0,0,0,0,0,0,0,0,150,5,1600,400,800,20,1,1,248,200,0,1,7,0,4,6
8,65536,20,1000,5484,0,1,0,1,20,2560,1,0,0,0,0,0,1,0,1,0,0,0,0,0,0,0,0,0,0,0,0,0,0,0,0,0,0,0,0,0,0,0,0,0,0,0,0,0,0,0,0,0,0,0,0,0,0,0,0,0,0,0,0,0,0,0,0,0,0,0,0,0,0,0,150,5,1600,400,800,20,1,1,248,200,0,1,7,0,4,6
9,65536,20,1000,5484,0,1,0,1,20,2560,1,0,0,0,0,0,1,0,1,0,0,0,0,0,0,0,0,0,0,0,0,0,0,0,0,0,0,0,0,0,0,0,0,0,0,0,0,0,0,0,0,0,0,0,0,0,0,0,0,0,0,0,0,0,0,0,0,0,0,0,0,0,0,0,150,5,1600,400,800,20,1,1,248,200,0,1,7,0,4,6
10,65536,20,1000,5484,0,1,0,1,20,2560,1,0,0,0,0,0,1,0,1,0,0,0,0,0,0,0,0,0,0,0,0,0,0,0,0,0,0,0,0,0,0,0,0,0,0,0,0,0,0,0,0,0,0,0,0,0,0,0,0,0,0,0,0,0,0,0,0,0,0,0,0,0,0,0,150,5,1600,400,800,20,1,1,248,200,0,1,7,0,4,6
11,65536,20,1000,5484,0,1,0,1,20,2560,1,0,0,0,0,0,1,0,1,0,0,0,0,0,0,0,0,0,0,0,0,0,0,0,0,0,0,0,0,0,0,0,0,0,0,0,0,0,0,0,0,0,0,0,0,0,0,0,0,0,0,0,0,0,0,0,0,0,0,0,0,0,0,0,150,5,1600,400,800,20,1,1,248,200,0,1,7,0,4,6
12,65536,20,1000,5484,0,1,0,1,20,2560,1,0,0,0,0,0,1,0,1,0,0,0,0,0,0,0,0,0,0,0,0,0,0,0,0,0,0,0,0,0,0,0,0,0,0,0,0,0,0,0,0,0,0,0,0,0,0,0,0,0,0,0,0,0,0,0,0,0,0,0,0,0,0,0,150,5,1600,400,800,20,1,1,248,200,0,1,7,0,4,6
13,65536,20,1000,5484,0,1,0,1,20,2560,1,0,0,0,0,0,1,0,1,0,0,0,0,0,0,0,0,0,0,0,0,0,0,0,0,0,0,0,0,0,0,0,0,0,0,0,0,0,0,0,0,0,0,0,0,0,0,0,0,0,0,0,0,0,0,0,0,0,0,0,0,0,0,0,150,5,1600,400,800,20,1,1,248,200,0,1,7,0,4,6
14,65536,20,1000,5484,0,1,0,1,20,2560,1,0,0,0,0,0,1,0,1,0,0,0,0,0,0,0,0,0,0,0,0,0,0,0,0,0,0,0,0,0,0,0,0,0,0,0,0,0,0,0,0,0,0,0,0,0,0,0,0,0,0,0,0,0,0,0,0,0,0,0,0,0,0,0,150,5,1600,400,800,20,1,1,248,200,0,1,7,0,4,6
15,65536,20,1000,5484,0,1,0,1,20,2560,1,0,0,0,0,0,1,0,1,0,0,0,0,0,0,0,0,0,0,0,0,0,0,0,0,0,0,0,0,0,0,0,0,0,0,0,0,0,0,0,0,0,0,0,0,0,0,0,0,0,0,0,0,0,0,0,0,0,0,0,0,0,0,0,150,5,1600,400,800,20,1,1,248,200,0,1,7,0,4,6
16,65536,20,1000,5484,0,1,0,1,20,2560,1,0,0,0,0,0,1,0,1,0,0,0,0,0,0,0,0,0,0,0,0,0,0,0,0,0,0,0,0,0,0,0,0,0,0,0,0,0,0,0,0,0,0,0,0,0,0,0,0,0,0,0,0,0,0,0,0,0,0,0,0,0,0,0,150,5,1600,400,800,20,1,1,248,200,0,1,7,0,4,6
17,65536,20,1000,5484,0,1,0,1,20,2560,1,0,0,0,0,0,1,0,1,0,0,0,0,0,0,0,0,0,0,0,0,0,0,0,0,0,0,0,0,0,0,0,0,0,0,0,0,0,0,0,0,0,0,0,0,0,0,0,0,0,0,0,0,0,0,0,0,0,0,0,0,0,0,0,150,5,1600,400,800,20,1,1,248,200,0,1,7,0,4,6
18,65536,20,1000,5484,0,1,0,1,20,2560,1,0,0,0,0,0,1,0,1,0,0,0,0,0,0,0,0,0,0,0,0,0,0,0,0,0,0,0,0,0,0,0,0,0,0,0,0,0,0,0,0,0,0,0,0,0,0,0,0,0,0,0,0,0,0,0,0,0,0,0,0,0,0,0,150,5,1600,400,800,20,1,1,248,200,0,1,7,0,4,6
19,65536,20,1000,5484,0,1,0,1,20,2560,1,0,0,0,0,0,1,0,1,0,0,0,0,0,0,0,0,0,0,0,0,0,0,0,0,0,0,0,0,0,0,0,0,0,0,0,0,0,0,0,0,0,0,0,0,0,0,0,0,0,0,0,0,0,0,0,0,0,0,0,0,0,0,0,150,5,1600,400,800,20,1,1,248,200,0,1,7,0,4,6
20,65536,20,1000,5484,0,1,0,1,20,2560,1,0,0,0,0,0,1,0,1,0,0,0,0,0,0,0,0,0,0,0,0,0,0,0,0,0,0,0,0,0,0,0,0,0,0,0,0,0,0,0,0,0,0,0,0,0,0,0,0,0,0,0,0,0,0,0,0,0,0,0,0,0,0,0,150,5,1600,400,800,20,1,1,248,200,0,1,7,0,4,6
21,65536,20,1000,5484,0,1,0,1,20,2560,1,0,0,0,0,0,1,0,1,0,0,0,0,0,0,0,0,0,0,0,0,0,0,0,0,0,0,0,0,0,0,0,0,0,0,0,0,0,0,0,0,0,0,0,0,0,0,0,0,0,0,0,0,0,0,0,0,0,0,0,0,0,0,0,150,5,1600,400,800,20,1,1,248,200,0,1,7,0,4,6
22,65536,20,1000,5484,0,1,0,1,20,2560,1,0,0,0,0,0,1,0,1,0,0,0,0,0,0,0,0,0,0,0,0,0,0,0,0,0,0,0,0,0,0,0,0,0,0,0,0,0,0,0,0,0,0,0,0,0,0,0,0,0,0,0,0,0,0,0,0,0,0,0,0,0,0,0,150,5,1600,400,800,20,1,1,248,200,0,1,7,0,4,6
23,65536,20,1000,5484,0,1,0,1,20,2560,1,0,0,0,0,0,1,0,1,0,0,0,0,0,0,0,0,0,0,0,0,0,0,0,0,0,0,0,0,0,0,0,0,0,0,0,0,0,0,0,0,0,0,0,0,0,0,0,0,0,0,0,0,0,0,0,0,0,0,0,0,0,0,0,150,5,1600,400,800,20,1,1,248,200,0,1,7,0,4,6
24,65536,20,1000,5484,0,1,0,1,20,2560,1,0,0,0,0,0,1,0,1,0,0,0,0,0,0,0,0,0,0,0,0,0,0,0,0,0,0,0,0,0,0,0,0,0,0,0,0,0,0,0,0,0,0,0,0,0,0,0,0,0,0,0,0,0,0,0,0,0,0,0,0,0,0,0,150,5,1600,400,800,20,1,1,248,200,0,1,7,0,4,6
25,65536,20,1000,5484,0,1,0,1,20,2560,1,0,0,0,0,0,1,0,1,0,0,0,0,0,0,0,0,0,0,0,0,0,0,0,0,0,0,0,0,0,0,0,0,0,0,0,0,0,0,0,0,0,0,0,0,0,0,0,0,0,0,0,0,0,0,0,0,0,0,0,0,0,0,0,150,5,1600,400,800,20,1,1,248,200,0,1,7,0,4,6
26,65536,20,1000,5484,0,1,0,1,20,2560,1,0,0,0,0,0,1,0,1,0,0,0,0,0,0,0,0,0,0,0,0,0,0,0,0,0,0,0,0,0,0,0,0,0,0,0,0,0,0,0,0,0,0,0,0,0,0,0,0,0,0,0,0,0,0,0,0,0,0,0,0,0,0,0,150,5,1600,400,800,20,1,1,248,200,0,1,7,0,4,6
27,65536,20,1000,5484,0,1,0,1,20,2560,1,0,0,0,0,0,1,0,1,0,0,0,0,0,0,0,0,0,0,0,0,0,0,0,0,0,0,0,0,0,0,0,0,0,0,0,0,0,0,0,0,0,0,0,0,0,0,0,0,0,0,0,0,0,0,0,0,0,0,0,0,0,0,0,150,5,1600,400,800,20,1,1,248,200,0,1,7,0,4,6
28,65536,20,1000,5484,0,1,0,1,20,2560,1,0,0,0,0,0,1,0,1,0,0,0,0,0,0,0,0,0,0,0,0,0,0,0,0,0,0,0,0,0,0,0,0,0,0,0,0,0,0,0,0,0,0,0,0,0,0,0,0,0,0,0,0,0,0,0,0,0,0,0,0,0,0,0,150,5,1600,400,800,20,1,1,248,200,0,1,7,0,4,6
29,65536,20,1000,5484,0,1,0,1,20,2560,1,0,0,0,0,0,1,0,1,0,0,0,0,0,0,0,0,0,0,0,0,0,0,0,0,0,0,0,0,0,0,0,0,0,0,0,0,0,0,0,0,0,0,0,0,0,0,0,0,0,0,0,0,0,0,0,0,0,0,0,0,0,0,0,150,5,1600,400,800,20,1,1,248,200,0,1,7,0,4,6
30,65536,20,1000,5484,0,1,0,1,20,2560,1,0,0,0,0,0,1,0,1,0,0,0,0,0,0,0,0,0,0,0,0,0,0,0,0,0,0,0,0,0,0,0,0,0,0,0,0,0,0,0,0,0,0,0,0,0,0,0,0,0,0,0,0,0,0,0,0,0,0,0,0,0,0,0,150,5,1600,400,800,20,1,1,248,200,0,1,7,0,4,6
31,65536,20,1000,5484,0,1,0,1,20,2560,1,0,0,0,0,0,1,0,1,0,0,0,0,0,0,0,0,0,0,0,0,0,0,0,0,0,0,0,0,0,0,0,0,0,0,0,0,0,0,0,0,0,0,0,0,0,0,0,0,0,0,0,0,0,0,0,0,0,0,0,0,0,0,0,150,5,1600,400,800,20,1,1,248,200,0,1,7,0,4,6
32,65536,20,1000,5484,0,1,0,1,20,2560,1,0,0,0,0,0,1,0,1,0,0,0,0,0,0,0,0,0,0,0,0,0,0,0,0,0,0,0,0,0,0,0,0,0,0,0,0,0,0,0,0,0,0,0,0,0,0,0,0,0,0,0,0,0,0,0,0,0,0,0,0,0,0,0,150,5,1600,400,800,20,1,1,248,200,0,1,7,0,4,6
33,65536,20,1000,5484,0,1,0,1,20,2560,1,0,0,0,0,0,1,0,1,0,0,0,0,0,0,0,0,0,0,0,0,0,0,0,0,0,0,0,0,0,0,0,0,0,0,0,0,0,0,0,0,0,0,0,0,0,0,0,0,0,0,0,0,0,0,0,0,0,0,0,0,0,0,0,150,5,1600,400,800,20,1,1,248,200,0,1,7,0,4,6
34,65536,20,1000,5484,0,1,0,1,20,2560,1,0,0,0,0,0,1,0,1,0,0,0,0,0,0,0,0,0,0,0,0,0,0,0,0,0,0,0,0,0,0,0,0,0,0,0,0,0,0,0,0,0,0,0,0,0,0,0,0,0,0,0,0,0,0,0,0,0,0,0,0,0,0,0,150,5,1600,400,800,20,1,1,248,200,0,1,7,0,4,6
35,65536,20,1000,5484,0,1,0,1,20,2560,1,0,0,0,0,0,1,0,1,0,0,0,0,0,0,0,0,0,0,0,0,0,0,0,0,0,0,0,0,0,0,0,0,0,0,0,0,0,0,0,0,0,0,0,0,0,0,0,0,0,0,0,0,0,0,0,0,0,0,0,0,0,0,0,150,5,1600,400,800,20,1,1,248,200,0,1,7,0,4,6
36,65536,20,1000,5484,0,1,0,1,20,2560,1,0,0,0,0,0,1,0,1,0,0,0,0,0,0,0,0,0,0,0,0,0,0,0,0,0,0,0,0,0,0,0,0,0,0,0,0,0,0,0,0,0,0,0,0,0,0,0,0,0,0,0,0,0,0,0,0,0,0,0,0,0,0,0,150,5,1600,400,800,20,1,1,248,200,0,1,7,0,4,6
37,65536,20,1000,5484,0,1,0,1,20,2560,1,0,0,0,0,0,1,0,1,0,0,0,0,0,0,0,0,0,0,0,0,0,0,0,0,0,0,0,0,0,0,0,0,0,0,0,0,0,0,0,0,0,0,0,0,0,0,0,0,0,0,0,0,0,0,0,0,0,0,0,0,0,0,0,150,5,1600,400,800,20,1,1,248,200,0,1,7,0,4,6
38,65536,20,1000,5484,0,1,0,1,20,2560,1,0,0,0,0,0,1,0,1,0,0,0,0,0,0,0,0,0,0,0,0,0,0,0,0,0,0,0,0,0,0,0,0,0,0,0,0,0,0,0,0,0,0,0,0,0,0,0,0,0,0,0,0,0,0,0,0,0,0,0,0,0,0,0,150,5,1600,400,800,20,1,1,248,200,0,1,7,0,4,6
39,65536,20,1000,5484,0,1,0,1,20,2560,1,0,0,0,0,0,1,0,1,0,0,0,0,0,0,0,0,0,0,0,0,0,0,0,0,0,0,0,0,0,0,0,0,0,0,0,0,0,0,0,0,0,0,0,0,0,0,0,0,0,0,0,0,0,0,0,0,0,0,0,0,0,0,0,150,5,1600,400,800,20,1,1,248,200,0,1,7,0,4,6
40,65536,20,1000,5484,0,1,0,1,20,2560,1,0,0,0,0,0,1,0,1,0,0,0,0,0,0,0,0,0,0,0,0,0,0,0,0,0,0,0,0,0,0,0,0,0,0,0,0,0,0,0,0,0,0,0,0,0,0,0,0,0,0,0,0,0,0,0,0,0,0,0,0,0,0,0,150,5,1600,400,800,20,1,1,248,200,0,1,7,0,4,6
41,65536,20,1000,5484,0,1,0,1,20,2560,1,0,0,0,0,0,1,0,1,0,0,0,0,0,0,0,0,0,0,0,0,0,0,0,0,0,0,0,0,0,0,0,0,0,0,0,0,0,0,0,0,0,0,0,0,0,0,0,0,0,0,0,0,0,0,0,0,0,0,0,0,0,0,0,150,5,1600,400,800,20,1,1,248,200,0,1,7,0,4,6
42,65536,20,1000,5484,0,1,0,1,20,2560,1,0,0,0,0,0,1,0,1,0,0,0,0,0,0,0,0,0,0,0,0,0,0,0,0,0,0,0,0,0,0,0,0,0,0,0,0,0,0,0,0,0,0,0,0,0,0,0,0,0,0,0,0,0,0,0,0,0,0,0,0,0,0,0,150,5,1600,400,800,20,1,1,248,200,0,1,7,0,4,6
43,65536,20,1000,5484,0,1,0,1,20,2560,1,0,0,0,0,0,1,0,1,0,0,0,0,0,0,0,0,0,0,0,0,0,0,0,0,0,0,0,0,0,0,0,0,0,0,0,0,0,0,0,0,0,0,0,0,0,0,0,0,0,0,0,0,0,0,0,0,0,0,0,0,0,0,0,150,5,1600,400,800,20,1,1,248,200,0,1,7,0,4,6
44,65536,20,1000,5484,0,1,0,1,20,2560,1,0,0,0,0,0,1,0,1,0,0,0,0,0,0,0,0,0,0,0,0,0,0,0,0,0,0,0,0,0,0,0,0,0,0,0,0,0,0,0,0,0,0,0,0,0,0,0,0,0,0,0,0,0,0,0,0,0,0,0,0,0,0,0,150,5,1600,400,800,20,1,1,248,200,0,1,7,0,4,6
45,65536,20,1000,5484,0,1,0,1,20,2560,1,0,0,0,0,0,1,0,1,0,0,0,0,0,0,0,0,0,0,0,0,0,0,0,0,0,0,0,0,0,0,0,0,0,0,0,0,0,0,0,0,0,0,0,0,0,0,0,0,0,0,0,0,0,0,0,0,0,0,0,0,0,0,0,150,5,1600,400,800,20,1,1,248,200,0,1,7,0,4,6
46,65536,20,1000,5484,0,1,0,1,20,2560,1,0,0,0,0,0,1,0,1,0,0,0,0,0,0,0,0,0,0,0,0,0,0,0,0,0,0,0,0,0,0,0,0,0,0,0,0,0,0,0,0,0,0,0,0,0,0,0,0,0,0,0,0,0,0,0,0,0,0,0,0,0,0,0,150,5,1600,400,800,20,1,1,248,200,0,1,7,0,4,6
47,65536,20,1000,5484,0,1,0,1,20,2560,1,0,0,0,0,0,1,0,1,0,0,0,0,0,0,0,0,0,0,0,0,0,0,0,0,0,0,0,0,0,0,0,0,0,0,0,0,0,0,0,0,0,0,0,0,0,0,0,0,0,0,0,0,0,0,0,0,0,0,0,0,0,0,0,150,5,1600,400,800,20,1,1,248,200,0,1,7,0,4,6
48,65536,20,1000,5484,0,1,0,1,20,2560,1,0,0,0,0,0,1,0,1,0,0,0,0,0,0,0,0,0,0,0,0,0,0,0,0,0,0,0,0,0,0,0,0,0,0,0,0,0,0,0,0,0,0,0,0,0,0,0,0,0,0,0,0,0,0,0,0,0,0,0,0,0,0,0,150,5,1600,400,800,20,1,1,248,200,0,1,7,0,4,6
49,65536,20,1000,5484,0,1,0,1,20,2560,1,0,0,0,0,0,1,0,1,0,0,0,0,0,0,0,0,0,0,0,0,0,0,0,0,0,0,0,0,0,0,0,0,0,0,0,0,0,0,0,0,0,0,0,0,0,0,0,0,0,0,0,0,0,0,0,0,0,0,0,0,0,0,0,150,5,1600,400,800,20,1,1,248,200,0,1,7,0,4,6
50,65536,20,1000,5484,0,1,0,1,20,2560,1,0,0,0,0,0,1,0,1,0,0,0,0,0,0,0,0,0,0,0,0,0,0,0,0,0,0,0,0,0,0,0,0,0,0,0,0,0,0,0,0,0,0,0,0,0,0,0,0,0,0,0,0,0,0,0,0,0,0,0,0,0,0,0,150,5,1600,400,800,20,1,1,248,200,0,1,7,0,4,6
51,65536,20,1000,5484,0,1,0,1,20,2560,1,0,0,0,0,0,1,0,1,0,0,0,0,0,0,0,0,0,0,0,0,0,0,0,0,0,0,0,0,0,0,0,0,0,0,0,0,0,0,0,0,0,0,0,0,0,0,0,0,0,0,0,0,0,0,0,0,0,0,0,0,0,0,0,150,5,1600,400,800,20,1,1,248,200,0,1,7,0,4,6
52,65536,20,1000,5484,0,1,0,1,20,2560,1,0,0,0,0,0,1,0,1,0,0,0,0,0,0,0,0,0,0,0,0,0,0,0,0,0,0,0,0,0,0,0,0,0,0,0,0,0,0,0,0,0,0,0,0,0,0,0,0,0,0,0,0,0,0,0,0,0,0,0,0,0,0,0,150,5,1600,400,800,20,1,1,248,200,0,1,7,0,4,6
53,65536,20,1000,5484,0,1,0,1,20,2560,1,0,0,0,0,0,1,0,1,0,0,0,0,0,0,0,0,0,0,0,0,0,0,0,0,0,0,0,0,0,0,0,0,0,0,0,0,0,0,0,0,0,0,0,0,0,0,0,0,0,0,0,0,0,0,0,0,0,0,0,0,0,0,0,150,5,1600,400,800,20,1,1,248,200,0,1,7,0,4,6
54,65536,20,1000,5484,0,1,0,1,20,2560,1,0,0,0,0,0,1,0,1,0,0,0,0,0,0,0,0,0,0,0,0,0,0,0,0,0,0,0,0,0,0,0,0,0,0,0,0,0,0,0,0,0,0,0,0,0,0,0,0,0,0,0,0,0,0,0,0,0,0,0,0,0,0,0,150,5,1600,400,800,20,1,1,248,200,0,1,7,0,4,6
55,65536,20,1000,5484,0,1,0,1,20,2560,1,0,0,0,0,0,1,0,1,0,0,0,0,0,0,0,0,0,0,0,0,0,0,0,0,0,0,0,0,0,0,0,0,0,0,0,0,0,0,0,0,0,0,0,0,0,0,0,0,0,0,0,0,0,0,0,0,0,0,0,0,0,0,0,150,5,1600,400,800,20,1,1,248,200,0,1,7,0,4,6
56,65536,20,1000,5484,0,1,0,1,20,2560,1,0,0,0,0,0,1,0,1,0,0,0,0,0,0,0,0,0,0,0,0,0,0,0,0,0,0,0,0,0,0,0,0,0,0,0,0,0,0,0,0,0,0,0,0,0,0,0,0,0,0,0,0,0,0,0,0,0,0,0,0,0,0,0,150,5,1600,400,800,20,1,1,248,200,0,1,7,0,4,6
57,65536,20,1000,5484,0,1,0,1,20,2560,1,0,0,0,0,0,1,0,1,0,0,0,0,0,0,0,0,0,0,0,0,0,0,0,0,0,0,0,0,0,0,0,0,0,0,0,0,0,0,0,0,0,0,0,0,0,0,0,0,0,0,0,0,0,0,0,0,0,0,0,0,0,0,0,150,5,1600,400,800,20,1,1,248,200,0,1,7,0,4,6
58,65536,20,1000,5484,0,1,0,1,20,2560,1,0,0,0,0,0,1,0,1,0,0,0,0,0,0,0,0,0,0,0,0,0,0,0,0,0,0,0,0,0,0,0,0,0,0,0,0,0,0,0,0,0,0,0,0,0,0,0,0,0,0,0,0,0,0,0,0,0,0,0,0,0,0,0,150,5,1600,400,800,20,1,1,248,200,0,1,7,0,4,6
59,65536,20,1000,5484,0,1,0,1,20,2560,1,0,0,0,0,0,1,0,1,0,0,0,0,0,0,0,0,0,0,0,0,0,0,0,0,0,0,0,0,0,0,0,0,0,0,0,0,0,0,0,0,0,0,0,0,0,0,0,0,0,0,0,0,0,0,0,0,0,0,0,0,0,0,0,150,5,1600,400,800,20,1,1,248,200,0,1,7,0,4,6
60,65536,20,1000,5484,0,1,0,1,20,2560,1,0,0,0,0,0,1,0,1,0,0,0,0,0,0,0,0,0,0,0,0,0,0,0,0,0,0,0,0,0,0,0,0,0,0,0,0,0,0,0,0,0,0,0,0,0,0,0,0,0,0,0,0,0,0,0,0,0,0,0,0,0,0,0,150,5,1600,400,800,20,1,1,248,200,0,1,7,0,4,6
61,65536,20,1000,5484,0,1,0,1,20,2560,1,0,0,0,0,0,1,0,1,0,0,0,0,0,0,0,0,0,0,0,0,0,0,0,0,0,0,0,0,0,0,0,0,0,0,0,0,0,0,0,0,0,0,0,0,0,0,0,0,0,0,0,0,0,0,0,0,0,0,0,0,0,0,0,150,5,1600,400,800,20,1,1,248,200,0,1,7,0,4,6
62,65536,20,1000,5484,0,1,0,1,20,2560,1,0,0,0,0,0,1,0,1,0,0,0,0,0,0,0,0,0,0,0,0,0,0,0,0,0,0,0,0,0,0,0,0,0,0,0,0,0,0,0,0,0,0,0,0,0,0,0,0,0,0,0,0,0,0,0,0,0,0,0,0,0,0,0,150,5,1600,400,800,20,1,1,248,200,0,1,7,0,4,6
63,65536,20,1000,5484,0,1,0,1,20,2560,1,0,0,0,0,0,1,0,1,0,0,0,0,0,0,0,0,0,0,0,0,0,0,0,0,0,0,0,0,0,0,0,0,0,0,0,0,0,0,0,0,0,0,0,0,0,0,0,0,0,0,0,0,0,0,0,0,0,0,0,0,0,0,0,150,5,1600,400,800,20,1,1,248,200,0,1,7,0,4,6
64,65536,20,1000,5484,0,1,0,1,20,2560,1,0,0,0,0,0,1,0,1,0,0,0,0,0,0,0,0,0,0,0,0,0,0,0,0,0,0,0,0,0,0,0,0,0,0,0,0,0,0,0,0,0,0,0,0,0,0,0,0,0,0,0,0,0,0,0,0,0,0,0,0,0,0,0,150,5,1600,400,800,20,1,1,248,200,0,1,7,0,4,6
65,65536,20,1000,5484,0,1,0,1,20,2560,1,0,0,0,0,0,1,0,1,0,0,0,0,0,0,0,0,0,0,0,0,0,0,0,0,0,0,0,0,0,0,0,0,0,0,0,0,0,0,0,0,0,0,0,0,0,0,0,0,0,0,0,0,0,0,0,0,0,0,0,0,0,0,0,150,5,1600,400,800,20,1,1,248,200,0,1,7,0,4,6
66,65536,20,1000,5484,0,1,0,1,20,2560,1,0,0,0,0,0,1,0,1,0,0,0,0,0,0,0,0,0,0,0,0,0,0,0,0,0,0,0,0,0,0,0,0,0,0,0,0,0,0,0,0,0,0,0,0,0,0,0,0,0,0,0,0,0,0,0,0,0,0,0,0,0,0,0,150,5,1600,400,800,20,1,1,248,200,0,1,7,0,4,6
67,65536,20,1000,5484,0,1,0,1,20,2560,1,0,0,0,0,0,1,0,1,0,0,0,0,0,0,0,0,0,0,0,0,0,0,0,0,0,0,0,0,0,0,0,0,0,0,0,0,0,0,0,0,0,0,0,0,0,0,0,0,0,0,0,0,0,0,0,0,0,0,0,0,0,0,0,150,5,1600,400,800,20,1,1,248,200,0,1,7,0,4,6
68,65536,20,1000,5484,0,1,0,1,20,2560,1,0,0,0,0,0,1,0,1,0,0,0,0,0,0,0,0,0,0,0,0,0,0,0,0,0,0,0,0,0,0,0,0,0,0,0,0,0,0,0,0,0,0,0,0,0,0,0,0,0,0,0,0,0,0,0,0,0,0,0,0,0,0,0,150,5,1600,400,800,20,1,1,248,200,0,1,7,0,4,6
69,65536,20,1000,5484,0,1,0,1,20,2560,1,0,0,0,0,0,1,0,1,0,0,0,0,0,0,0,0,0,0,0,0,0,0,0,0,0,0,0,0,0,0,0,0,0,0,0,0,0,0,0,0,0,0,0,0,0,0,0,0,0,0,0,0,0,0,0,0,0,0,0,0,0,0,0,150,5,1600,400,800,20,1,1,248,200,0,1,7,0,4,6
70,65536,20,1000,5484,0,1,0,1,20,2560,1,0,0,0,0,0,1,0,1,0,0,0,0,0,0,0,0,0,0,0,0,0,0,0,0,0,0,0,0,0,0,0,0,0,0,0,0,0,0,0,0,0,0,0,0,0,0,0,0,0,0,0,0,0,0,0,0,0,0,0,0,0,0,0,150,5,1600,400,800,20,1,1,248,200,0,1,7,0,4,6
71,65536,20,1000,5484,0,1,0,1,20,2560,1,0,0,0,0,0,1,0,1,0,0,0,0,0,0,0,0,0,0,0,0,0,0,0,0,0,0,0,0,0,0,0,0,0,0,0,0,0,0,0,0,0,0,0,0,0,0,0,0,0,0,0,0,0,0,0,0,0,0,0,0,0,0,0,150,5,1600,400,800,20,1,1,248,200,0,1,7,0,4,6
72,65536,20,1000,5484,0,1,0,1,20,2560,1,0,0,0,0,0,1,0,1,0,0,0,0,0,0,0,0,0,0,0,0,0,0,0,0,0,0,0,0,0,0,0,0,0,0,0,0,0,0,0,0,0,0,0,0,0,0,0,0,0,0,0,0,0,0,0,0,0,0,0,0,0,0,0,150,5,1600,400,800,20,1,1,248,200,0,1,7,0,4,6
73,65536,20,1000,5484,0,1,0,1,20,2560,1,0,0,0,0,0,1,0,1,0,0,0,0,0,0,0,0,0,0,0,0,0,0,0,0,0,0,0,0,0,0,0,0,0,0,0,0,0,0,0,0,0,0,0,0,0,0,0,0,0,0,0,0,0,0,0,0,0,0,0,0,0,0,0,150,5,1600,400,800,20,1,1,248,200,0,1,7,0,4,6
74,65536,20,1000,5484,0,1,0,1,20,2560,1,0,0,0,0,0,1,0,1,0,0,0,0,0,0,0,0,0,0,0,0,0,0,0,0,0,0,0,0,0,0,0,0,0,0,0,0,0,0,0,0,0,0,0,0,0,0,0,0,0,0,0,0,0,0,0,0,0,0,0,0,0,0,0,150,5,1600,400,800,20,1,1,248,200,0,1,7,0,4,6
75,65536,20,1000,5484,0,1,0,1,20,2560,1,0,0,0,0,0,1,0,1,0,0,0,0,0,0,0,0,0,0,0,0,0,0,0,0,0,0,0,0,0,0,0,0,0,0,0,0,0,0,0,0,0,0,0,0,0,0,0,0,0,0,0,0,0,0,0,0,0,0,0,0,0,0,0,150,5,1600,400,800,20,1,1,248,200,0,1,7,0,4,6
76,65536,20,1000,5484,0,1,0,1,20,2560,1,0,0,0,0,0,1,0,1,0,0,0,0,0,0,0,0,0,0,0,0,0,0,0,0,0,0,0,0,0,0,0,0,0,0,0,0,0,0,0,0,0,0,0,0,0,0,0,0,0,0,0,0,0,0,0,0,0,0,0,0,0,0,0,150,5,1600,400,800,20,1,1,248,200,0,1,7,0,4,6
77,65536,20,1000,5484,0,1,0,1,20,2560,1,0,0,0,0,0,1,0,1,0,0,0,0,0,0,0,0,0,0,0,0,0,0,0,0,0,0,0,0,0,0,0,0,0,0,0,0,0,0,0,0,0,0,0,0,0,0,0,0,0,0,0,0,0,0,0,0,0,0,0,0,0,0,0,150,5,1600,400,800,20,1,1,248,200,0,1,7,0,4,6
78,65536,20,1000,5484,0,1,0,1,20,2560,1,0,0,0,0,0,1,0,1,0,0,0,0,0,0,0,0,0,0,0,0,0,0,0,0,0,0,0,0,0,0,0,0,0,0,0,0,0,0,0,0,0,0,0,0,0,0,0,0,0,0,0,0,0,0,0,0,0,0,0,0,0,0,0,150,5,1600,400,800,20,1,1,248,200,0,1,7,0,4,6
79,65536,20,1000,5484,0,1,0,1,20,2560,1,0,0,0,0,0,1,0,1,0,0,0,0,0,0,0,0,0,0,0,0,0,0,0,0,0,0,0,0,0,0,0,0,0,0,0,0,0,0,0,0,0,0,0,0,0,0,0,0,0,0,0,0,0,0,0,0,0,0,0,0,0,0,0,150,5,1600,400,800,20,1,1,248,200,0,1,7,0,4,6
80,65536,20,1000,5484,0,1,0,1,20,2560,1,0,0,0,0,0,1,0,1,0,0,0,0,0,0,0,0,0,0,0,0,0,0,0,0,0,0,0,0,0,0,0,0,0,0,0,0,0,0,0,0,0,0,0,0,0,0,0,0,0,0,0,0,0,0,0,0,0,0,0,0,0,0,0,150,5,1600,400,800,20,1,1,248,200,0,1,7,0,4,6
81,65536,20,1000,5484,0,1,0,1,20,2560,1,0,0,0,0,0,1,0,1,0,0,0,0,0,0,0,0,0,0,0,0,0,0,0,0,0,0,0,0,0,0,0,0,0,0,0,0,0,0,0,0,0,0,0,0,0,0,0,0,0,0,0,0,0,0,0,0,0,0,0,0,0,0,0,150,5,1600,400,800,20,1,1,248,200,0,1,7,0,4,6
82,65536,20,1000,5484,0,1,0,1,20,2560,1,0,0,0,0,0,1,0,1,0,0,0,0,0,0,0,0,0,0,0,0,0,0,0,0,0,0,0,0,0,0,0,0,0,0,0,0,0,0,0,0,0,0,0,0,0,0,0,0,0,0,0,0,0,0,0,0,0,0,0,0,0,0,0,150,5,1600,400,800,20,1,1,248,200,0,1,7,0,4,6
83,65536,20,1000,5484,0,1,0,1,20,2560,1,0,0,0,0,0,1,0,1,0,0,0,0,0,0,0,0,0,0,0,0,0,0,0,0,0,0,0,0,0,0,0,0,0,0,0,0,0,0,0,0,0,0,0,0,0,0,0,0,0,0,0,0,0,0,0,0,0,0,0,0,0,0,0,150,5,1600,400,800,20,1,1,248,200,0,1,7,0,4,6
84,65536,20,1000,5484,0,1,0,1,20,2560,1,0,0,0,0,0,1,0,1,0,0,0,0,0,0,0,0,0,0,0,0,0,0,0,0,0,0,0,0,0,0,0,0,0,0,0,0,0,0,0,0,0,0,0,0,0,0,0,0,0,0,0,0,0,0,0,0,0,0,0,0,0,0,0,150,5,1600,400,800,20,1,1,248,200,0,1,7,0,4,6
85,65536,20,1000,5484,0,1,0,1,20,2560,1,0,0,0,0,0,1,0,1,0,0,0,0,0,0,0,0,0,0,0,0,0,0,0,0,0,0,0,0,0,0,0,0,0,0,0,0,0,0,0,0,0,0,0,0,0,0,0,0,0,0,0,0,0,0,0,0,0,0,0,0,0,0,0,150,5,1600,400,800,20,1,1,248,200,0,1,7,0,4,6
86,65536,20,1000,5484,0,1,0,1,20,2560,1,0,0,0,0,0,1,0,1,0,0,0,0,0,0,0,0,0,0,0,0,0,0,0,0,0,0,0,0,0,0,0,0,0,0,0,0,0,0,0,0,0,0,0,0,0,0,0,0,0,0,0,0,0,0,0,0,0,0,0,0,0,0,0,150,5,1600,400,800,20,1,1,248,200,0,1,7,0,4,6
87,65536,20,1000,5484,0,1,0,1,20,2560,1,0,0,0,0,0,1,0,1,0,0,0,0,0,0,0,0,0,0,0,0,0,0,0,0,0,0,0,0,0,0,0,0,0,0,0,0,0,0,0,0,0,0,0,0,0,0,0,0,0,0,0,0,0,0,0,0,0,0,0,0,0,0,0,150,5,1600,400,800,20,1,1,248,200,0,1,7,0,4,6
88,65536,20,1000,5484,0,1,0,1,20,2560,1,0,0,0,0,0,1,0,1,0,0,0,0,0,0,0,0,0,0,0,0,0,0,0,0,0,0,0,0,0,0,0,0,0,0,0,0,0,0,0,0,0,0,0,0,0,0,0,0,0,0,0,0,0,0,0,0,0,0,0,0,0,0,0,150,5,1600,400,800,20,1,1,248,200,0,1,7,0,4,6
89,65536,20,1000,5484,0,1,0,1,20,2560,1,0,0,0,0,0,1,0,1,0,0,0,0,0,0,0,0,0,0,0,0,0,0,0,0,0,0,0,0,0,0,0,0,0,0,0,0,0,0,0,0,0,0,0,0,0,0,0,0,0,0,0,0,0,0,0,0,0,0,0,0,0,0,0,150,5,1600,400,800,20,1,1,248,200,0,1,7,0,4,6
90,65536,20,1000,5484,0,1,0,1,20,2560,1,0,0,0,0,0,1,0,1,0,0,0,0,0,0,0,0,0,0,0,0,0,0,0,0,0,0,0,0,0,0,0,0,0,0,0,0,0,0,0,0,0,0,0,0,0,0,0,0,0,0,0,0,0,0,0,0,0,0,0,0,0,0,0,150,5,1600,400,800,20,1,1,248,200,0,1,7,0,4,6
91,65536,20,1000,5484,0,1,0,1,20,2560,1,0,0,0,0,0,1,0,1,0,0,0,0,0,0,0,0,0,0,0,0,0,0,0,0,0,0,0,0,0,0,0,0,0,0,0,0,0,0,0,0,0,0,0,0,0,0,0,0,0,0,0,0,0,0,0,0,0,0,0,0,0,0,0,150,5,1600,400,800,20,1,1,248,200,0,1,7,0,4,6
92,65536,20,1000,5484,0,1,0,1,20,2560,1,0,0,0,0,0,1,0,1,0,0,0,0,0,0,0,0,0,0,0,0,0,0,0,0,0,0,0,0,0,0,0,0,0,0,0,0,0,0,0,0,0,0,0,0,0,0,0,0,0,0,0,0,0,0,0,0,0,0,0,0,0,0,0,150,5,1600,400,800,20,1,1,248,200,0,1,7,0,4,6
93,65536,20,1000,5484,0,1,0,1,20,2560,1,0,0,0,0,0,1,0,1,0,0,0,0,0,0,0,0,0,0,0,0,0,0,0,0,0,0,0,0,0,0,0,0,0,0,0,0,0,0,0,0,0,0,0,0,0,0,0,0,0,0,0,0,0,0,0,0,0,0,0,0,0,0,0,150,5,1600,400,800,20,1,1,248,200,0,1,7,0,4,6
94,65536,20,1000,5484,0,1,0,1,20,2560,1,0,0,0,0,0,1,0,1,0,0,0,0,0,0,0,0,0,0,0,0,0,0,0,0,0,0,0,0,0,0,0,0,0,0,0,0,0,0,0,0,0,0,0,0,0,0,0,0,0,0,0,0,0,0,0,0,0,0,0,0,0,0,0,150,5,1600,400,800,20,1,1,248,200,0,1,7,0,4,6
95,65536,20,1000,5484,0,1,0,1,20,2560,1,0,0,0,0,0,1,0,1,0,0,0,0,0,0,0,0,0,0,0,0,0,0,0,0,0,0,0,0,0,0,0,0,0,0,0,0,0,0,0,0,0,0,0,0,0,0,0,0,0,0,0,0,0,0,0,0,0,0,0,0,0,0,0,150,5,1600,400,800,20,1,1,248,200,0,1,7,0,4,6
96,65536,20,1000,5484,0,1,0,1,20,2560,1,0,0,0,0,0,1,0,1,0,0,0,0,0,0,0,0,0,0,0,0,0,0,0,0,0,0,0,0,0,0,0,0,0,0,0,0,0,0,0,0,0,0,0,0,0,0,0,0,0,0,0,0,0,0,0,0,0,0,0,0,0,0,0,150,5,1600,400,800,20,1,1,248,200,0,1,7,0,4,6
97,65536,20,1000,5484,0,1,0,1,20,2560,1,0,0,0,0,0,1,0,1,0,0,0,0,0,0,0,0,0,0,0,0,0,0,0,0,0,0,0,0,0,0,0,0,0,0,0,0,0,0,0,0,0,0,0,0,0,0,0,0,0,0,0,0,0,0,0,0,0,0,0,0,0,0,0,150,5,1600,400,800,20,1,1,248,200,0,1,7,0,4,6
98,65536,20,1000,5484,0,1,0,1,20,2560,1,0,0,0,0,0,1,0,1,0,0,0,0,0,0,0,0,0,0,0,0,0,0,0,0,0,0,0,0,0,0,0,0,0,0,0,0,0,0,0,0,0,0,0,0,0,0,0,0,0,0,0,0,0,0,0,0,0,0,0,0,0,0,0,150,5,1600,400,800,20,1,1,248,200,0,1,7,0,4,6
99,65536,20,1000,5484,0,1,0,1,20,2560,1,0,0,0,0,0,1,0,1,0,0,0,0,0,0,0,0,0,0,0,0,0,0,0,0,0,0,0,0,0,0,0,0,0,0,0,0,0,0,0,0,0,0,0,0,0,0,0,0,0,0,0,0,0,0,0,0,0,0,0,0,0,0,0,150,5,1600,400,800,20,1,1,248,200,0,1,7,0,4,6
100,65536,20,1000,5484,0,1,0,1,20,2560,1,0,0,0,0,0,1,0,1,0,0,0,0,0,0,0,0,0,0,0,0,0,0,0,0,0,0,0,0,0,0,0,0,0,0,0,0,0,0,0,0,0,0,0,0,0,0,0,0,0,0,0,0,0,0,0,0,0,0,0,0,0,0,0,150,5,1600,400,800,20,1,1,248,200,0,1,7,0,4,6
101,65536,20,1000,5484,0,1,0,1,20,2560,1,0,0,0,0,0,1,0,1,0,0,0,0,0,0,0,0,0,0,0,0,0,0,0,0,0,0,0,0,0,0,0,0,0,0,0,0,0,0,0,0,0,0,0,0,0,0,0,0,0,0,0,0,0,0,0,0,0,0,0,0,0,0,0,150,5,1600,400,800,20,1,1,248,200,0,1,7,0,4,6
102,65536,20,1000,5484,0,1,0,1,20,2560,1,0,0,0,0,0,1,0,1,0,0,0,0,0,0,0,0,0,0,0,0,0,0,0,0,0,0,0,0,0,0,0,0,0,0,0,0,0,0,0,0,0,0,0,0,0,0,0,0,0,0,0,0,0,0,0,0,0,0,0,0,0,0,0,150,5,1600,400,800,20,1,1,248,200,0,1,7,0,4,6
103,65536,20,1000,5484,0,1,0,1,20,2560,1,0,0,0,0,0,1,0,1,0,0,0,0,0,0,0,0,0,0,0,0,0,0,0,0,0,0,0,0,0,0,0,0,0,0,0,0,0,0,0,0,0,0,0,0,0,0,0,0,0,0,0,0,0,0,0,0,0,0,0,0,0,0,0,150,5,1600,400,800,20,1,1,248,200,0,1,7,0,4,6
104,65536,20,1000,5484,0,1,0,1,20,2560,1,0,0,0,0,0,1,0,1,0,0,0,0,0,0,0,0,0,0,0,0,0,0,0,0,0,0,0,0,0,0,0,0,0,0,0,0,0,0,0,0,0,0,0,0,0,0,0,0,0,0,0,0,0,0,0,0,0,0,0,0,0,0,0,150,5,1600,400,800,20,1,1,248,200,0,1,7,0,4,6
105,65536,20,1000,5484,0,1,0,1,20,2560,1,0,0,0,0,0,1,0,1,0,0,0,0,0,0,0,0,0,0,0,0,0,0,0,0,0,0,0,0,0,0,0,0,0,0,0,0,0,0,0,0,0,0,0,0,0,0,0,0,0,0,0,0,0,0,0,0,0,0,0,0,0,0,0,150,5,1600,400,800,20,1,1,248,200,0,1,7,0,4,6
106,65536,20,1000,5484,0,1,0,1,20,2560,1,0,0,0,0,0,1,0,1,0,0,0,0,0,0,0,0,0,0,0,0,0,0,0,0,0,0,0,0,0,0,0,0,0,0,0,0,0,0,0,0,0,0,0,0,0,0,0,0,0,0,0,0,0,0,0,0,0,0,0,0,0,0,0,150,5,1600,400,800,20,1,1,248,200,0,1,7,0,4,6
107,65536,20,1000,5484,0,1,0,1,20,2560,1,0,0,0,0,0,1,0,1,0,0,0,0,0,0,0,0,0,0,0,0,0,0,0,0,0,0,0,0,0,0,0,0,0,0,0,0,0,0,0,0,0,0,0,0,0,0,0,0,0,0,0,0,0,0,0,0,0,0,0,0,0,0,0,150,5,1600,400,800,20,1,1,248,200,0,1,7,0,4,6
108,65536,20,1000,5484,0,1,0,1,20,2560,1,0,0,0,0,0,1,0,1,0,0,0,0,0,0,0,0,0,0,0,0,0,0,0,0,0,0,0,0,0,0,0,0,0,0,0,0,0,0,0,0,0,0,0,0,0,0,0,0,0,0,0,0,0,0,0,0,0,0,0,0,0,0,0,150,5,1600,400,800,20,1,1,248,200,0,1,7,0,4,6
109,65536,20,1000,5484,0,1,0,1,20,2560,1,0,0,0,0,0,1,0,1,0,0,0,0,0,0,0,0,0,0,0,0,0,0,0,0,0,0,0,0,0,0,0,0,0,0,0,0,0,0,0,0,0,0,0,0,0,0,0,0,0,0,0,0,0,0,0,0,0,0,0,0,0,0,0,150,5,1600,400,800,20,1,1,248,200,0,1,7,0,4,6
110,65536,20,1000,5484,0,1,0,1,20,2560,1,0,0,0,0,0,1,0,1,0,0,0,0,0,0,0,0,0,0,0,0,0,0,0,0,0,0,0,0,0,0,0,0,0,0,0,0,0,0,0,0,0,0,0,0,0,0,0,0,0,0,0,0,0,0,0,0,0,0,0,0,0,0,0,150,5,1600,400,800,20,1,1,248,200,0,1,7,0,4,6
111,65536,20,1000,5484,0,1,0,1,20,2560,1,0,0,0,0,0,1,0,1,0,0,0,0,0,0,0,0,0,0,0,0,0,0,0,0,0,0,0,0,0,0,0,0,0,0,0,0,0,0,0,0,0,0,0,0,0,0,0,0,0,0,0,0,0,0,0,0,0,0,0,0,0,0,0,150,5,1600,400,800,20,1,1,248,200,0,1,7,0,4,6
112,65536,20,1000,5484,0,1,0,1,20,2560,1,0,0,0,0,0,1,0,1,0,0,0,0,0,0,0,0,0,0,0,0,0,0,0,0,0,0,0,0,0,0,0,0,0,0,0,0,0,0,0,0,0,0,0,0,0,0,0,0,0,0,0,0,0,0,0,0,0,0,0,0,0,0,0,150,5,1600,400,800,20,1,1,248,200,0,1,7,0,4,6
113,65536,20,1000,5484,0,1,0,1,20,2560,1,0,0,0,0,0,1,0,1,0,0,0,0,0,0,0,0,0,0,0,0,0,0,0,0,0,0,0,0,0,0,0,0,0,0,0,0,0,0,0,0,0,0,0,0,0,0,0,0,0,0,0,0,0,0,0,0,0,0,0,0,0,0,0,150,5,1600,400,800,20,1,1,248,200,0,1,7,0,4,6
114,65536,20,1000,5484,0,1,0,1,20,2560,1,0,0,0,0,0,1,0,1,0,0,0,0,0,0,0,0,0,0,0,0,0,0,0,0,0,0,0,0,0,0,0,0,0,0,0,0,0,0,0,0,0,0,0,0,0,0,0,0,0,0,0,0,0,0,0,0,0,0,0,0,0,0,0,150,5,1600,400,800,20,1,1,248,200,0,1,7,0,4,6
115,65536,20,1000,5484,0,1,0,1,20,2560,1,0,0,0,0,0,1,0,1,0,0,0,0,0,0,0,0,0,0,0,0,0,0,0,0,0,0,0,0,0,0,0,0,0,0,0,0,0,0,0,0,0,0,0,0,0,0,0,0,0,0,0,0,0,0,0,0,0,0,0,0,0,0,0,150,5,1600,400,800,20,1,1,248,200,0,1,7,0,4,6
116,65536,20,1000,5484,0,1,0,1,20,2560,1,0,0,0,0,0,1,0,1,0,0,0,0,0,0,0,0,0,0,0,0,0,0,0,0,0,0,0,0,0,0,0,0,0,0,0,0,0,0,0,0,0,0,0,0,0,0,0,0,0,0,0,0,0,0,0,0,0,0,0,0,0,0,0,150,5,1600,400,800,20,1,1,248,200,0,1,7,0,4,6
117,65536,20,1000,5484,0,1,0,1,20,2560,1,0,0,0,0,0,1,0,1,0,0,0,0,0,0,0,0,0,0,0,0,0,0,0,0,0,0,0,0,0,0,0,0,0,0,0,0,0,0,0,0,0,0,0,0,0,0,0,0,0,0,0,0,0,0,0,0,0,0,0,0,0,0,0,150,5,1600,400,800,20,1,1,248,200,0,1,7,0,4,6
118,65536,20,1000,5484,0,1,0,1,20,2560,1,0,0,0,0,0,1,0,1,0,0,0,0,0,0,0,0,0,0,0,0,0,0,0,0,0,0,0,0,0,0,0,0,0,0,0,0,0,0,0,0,0,0,0,0,0,0,0,0,0,0,0,0,0,0,0,0,0,0,0,0,0,0,0,150,5,1600,400,800,20,1,1,248,200,0,1,7,0,4,6
119,65536,20,1000,5484,0,1,0,1,20,2560,1,0,0,0,0,0,1,0,1,0,0,0,0,0,0,0,0,0,0,0,0,0,0,0,0,0,0,0,0,0,0,0,0,0,0,0,0,0,0,0,0,0,0,0,0,0,0,0,0,0,0,0,0,0,0,0,0,0,0,0,0,0,0,0,150,5,1600,400,800,20,1,1,248,200,0,1,7,0,4,6
120,65536,20,1000,5484,0,1,0,1,20,2560,1,0,0,0,0,0,1,0,1,0,0,0,0,0,0,0,0,0,0,0,0,0,0,0,0,0,0,0,0,0,0,0,0,0,0,0,0,0,0,0,0,0,0,0,0,0,0,0,0,0,0,0,0,0,0,0,0,0,0,0,0,0,0,0,150,5,1600,400,800,20,1,1,248,200,0,1,7,0,4,6
121,65536,20,1000,5484,0,1,0,1,20,2560,1,0,0,0,0,0,1,0,1,0,0,0,0,0,0,0,0,0,0,0,0,0,0,0,0,0,0,0,0,0,0,0,0,0,0,0,0,0,0,0,0,0,0,0,0,0,0,0,0,0,0,0,0,0,0,0,0,0,0,0,0,0,0,0,150,5,1600,400,800,20,1,1,248,200,0,1,7,0,4,6
122,65536,20,1000,5484,0,1,0,1,20,2560,1,0,0,0,0,0,1,0,1,0,0,0,0,0,0,0,0,0,0,0,0,0,0,0,0,0,0,0,0,0,0,0,0,0,0,0,0,0,0,0,0,0,0,0,0,0,0,0,0,0,0,0,0,0,0,0,0,0,0,0,0,0,0,0,150,5,1600,400,800,20,1,1,248,200,0,1,7,0,4,6
123,65536,20,1000,5484,0,1,0,1,20,2560,1,0,0,0,0,0,1,0,1,0,0,0,0,0,0,0,0,0,0,0,0,0,0,0,0,0,0,0,0,0,0,0,0,0,0,0,0,0,0,0,0,0,0,0,0,0,0,0,0,0,0,0,0,0,0,0,0,0,0,0,0,0,0,0,150,5,1600,400,800,20,1,1,248,200,0,1,7,0,4,6
124,65536,20,1000,5484,0,1,0,1,20,2560,1,0,0,0,0,0,1,0,1,0,0,0,0,0,0,0,0,0,0,0,0,0,0,0,0,0,0,0,0,0,0,0,0,0,0,0,0,0,0,0,0,0,0,0,0,0,0,0,0,0,0,0,0,0,0,0,0,0,0,0,0,0,0,0,150,5,1600,400,800,20,1,1,248,200,0,1,7,0,4,6
125,65536,20,1000,5484,0,1,0,1,20,2560,1,0,0,0,0,0,1,0,1,0,0,0,0,0,0,0,0,0,0,0,0,0,0,0,0,0,0,0,0,0,0,0,0,0,0,0,0,0,0,0,0,0,0,0,0,0,0,0,0,0,0,0,0,0,0,0,0,0,0,0,0,0,0,0,150,5,1600,400,800,20,1,1,248,200,0,1,7,0,4,6
126,65536,20,1000,5484,0,1,0,1,20,2560,1,0,0,0,0,0,1,0,1,0,0,0,0,0,0,0,0,0,0,0,0,0,0,0,0,0,0,0,0,0,0,0,0,0,0,0,0,0,0,0,0,0,0,0,0,0,0,0,0,0,0,0,0,0,0,0,0,0,0,0,0,0,0,0,150,5,1600,400,800,20,1,1,248,200,0,1,7,0,4,6
127,65536,20,1000,5484,0,1,0,1,20,2560,1,0,0,0,0,0,1,0,1,0,0,0,0,0,0,0,0,0,0,0,0,0,0,0,0,0,0,0,0,0,0,0,0,0,0,0,0,0,0,0,0,0,0,0,0,0,0,0,0,0,0,0,0,0,0,0,0,0,0,0,0,0,0,0,150,5,1600,400,800,20,1,1,248,200,0,1,7,0,4,6
128,65536,20,1000,5484,0,1,0,1,20,2560,1,0,0,0,0,0,1,0,1,0,0,0,0,0,0,0,0,0,0,0,0,0,0,0,0,0,0,0,0,0,0,0,0,0,0,0,0,0,0,0,0,0,0,0,0,0,0,0,0,0,0,0,0,0,0,0,0,0,0,0,0,0,0,0,150,5,1600,400,800,20,1,1,248,200,0,1,7,0,4,6
129,65536,20,1000,5484,0,1,0,1,20,2560,1,0,0,0,0,0,1,0,1,0,0,0,0,0,0,0,0,0,0,0,0,0,0,0,0,0,0,0,0,0,0,0,0,0,0,0,0,0,0,0,0,0,0,0,0,0,0,0,0,0,0,0,0,0,0,0,0,0,0,0,0,0,0,0,150,5,1600,400,800,20,1,1,248,200,0,1,7,0,4,6
130,65536,20,1000,5484,0,1,0,1,20,2560,1,0,0,0,0,0,1,0,1,0,0,0,0,0,0,0,0,0,0,0,0,0,0,0,0,0,0,0,0,0,0,0,0,0,0,0,0,0,0,0,0,0,0,0,0,0,0,0,0,0,0,0,0,0,0,0,0,0,0,0,0,0,0,0,150,5,1600,400,800,20,1,1,248,200,0,1,7,0,4,6
131,65536,20,1000,5484,0,1,0,1,20,2560,1,0,0,0,0,0,1,0,1,0,0,0,0,0,0,0,0,0,0,0,0,0,0,0,0,0,0,0,0,0,0,0,0,0,0,0,0,0,0,0,0,0,0,0,0,0,0,0,0,0,0,0,0,0,0,0,0,0,0,0,0,0,0,0,150,5,1600,400,800,20,1,1,248,200,0,1,7,0,4,6
132,65536,20,1000,5484,0,1,0,1,20,2560,1,0,0,0,0,0,1,0,1,0,0,0,0,0,0,0,0,0,0,0,0,0,0,0,0,0,0,0,0,0,0,0,0,0,0,0,0,0,0,0,0,0,0,0,0,0,0,0,0,0,0,0,0,0,0,0,0,0,0,0,0,0,0,0,150,5,1600,400,800,20,1,1,248,200,0,1,7,0,4,6
133,65536,20,1000,5484,0,1,0,1,20,2560,1,0,0,0,0,0,1,0,1,0,0,0,0,0,0,0,0,0,0,0,0,0,0,0,0,0,0,0,0,0,0,0,0,0,0,0,0,0,0,0,0,0,0,0,0,0,0,0,0,0,0,0,0,0,0,0,0,0,0,0,0,0,0,0,150,5,1600,400,800,20,1,1,248,200,0,1,7,0,4,6
134,65536,20,1000,5484,0,1,0,1,20,2560,1,0,0,0,0,0,1,0,1,0,0,0,0,0,0,0,0,0,0,0,0,0,0,0,0,0,0,0,0,0,0,0,0,0,0,0,0,0,0,0,0,0,0,0,0,0,0,0,0,0,0,0,0,0,0,0,0,0,0,0,0,0,0,0,150,5,1600,400,800,20,1,1,248,200,0,1,7,0,4,6
135,65536,20,1000,5484,0,1,0,1,20,2560,1,0,0,0,0,0,1,0,1,0,0,0,0,0,0,0,0,0,0,0,0,0,0,0,0,0,0,0,0,0,0,0,0,0,0,0,0,0,0,0,0,0,0,0,0,0,0,0,0,0,0,0,0,0,0,0,0,0,0,0,0,0,0,0,150,5,1600,400,800,20,1,1,248,200,0,1,7,0,4,6
136,65536,20,1000,5484,0,1,0,1,20,2560,1,0,0,0,0,0,1,0,1,0,0,0,0,0,0,0,0,0,0,0,0,0,0,0,0,0,0,0,0,0,0,0,0,0,0,0,0,0,0,0,0,0,0,0,0,0,0,0,0,0,0,0,0,0,0,0,0,0,0,0,0,0,0,0,150,5,1600,400,800,20,1,1,248,200,0,1,7,0,4,6
137,65536,20,1000,5484,0,1,0,1,20,2560,1,0,0,0,0,0,1,0,1,0,0,0,0,0,0,0,0,0,0,0,0,0,0,0,0,0,0,0,0,0,0,0,0,0,0,0,0,0,0,0,0,0,0,0,0,0,0,0,0,0,0,0,0,0,0,0,0,0,0,0,0,0,0,0,150,5,1600,400,800,20,1,1,248,200,0,1,7,0,4,6
138,65536,20,1000,5484,0,1,0,1,20,2560,1,0,0,0,0,0,1,0,1,0,0,0,0,0,0,0,0,0,0,0,0,0,0,0,0,0,0,0,0,0,0,0,0,0,0,0,0,0,0,0,0,0,0,0,0,0,0,0,0,0,0,0,0,0,0,0,0,0,0,0,0,0,0,0,150,5,1600,400,800,20,1,1,248,200,0,1,7,0,4,6
139,65536,20,1000,5484,0,1,0,1,20,2560,1,0,0,0,0,0,1,0,1,0,0,0,0,0,0,0,0,0,0,0,0,0,0,0,0,0,0,0,0,0,0,0,0,0,0,0,0,0,0,0,0,0,0,0,0,0,0,0,0,0,0,0,0,0,0,0,0,0,0,0,0,0,0,0,150,5,1600,400,800,20,1,1,248,200,0,1,7,0,4,6
140,65536,20,1000,5484,0,1,0,1,20,2560,1,0,0,0,0,0,1,0,1,0,0,0,0,0,0,0,0,0,0,0,0,0,0,0,0,0,0,0,0,0,0,0,0,0,0,0,0,0,0,0,0,0,0,0,0,0,0,0,0,0,0,0,0,0,0,0,0,0,0,0,0,0,0,0,150,5,1600,400,800,20,1,1,248,200,0,1,7,0,4,6
141,65536,20,1000,5484,0,1,0,1,20,2560,1,0,0,0,0,0,1,0,1,0,0,0,0,0,0,0,0,0,0,0,0,0,0,0,0,0,0,0,0,0,0,0,0,0,0,0,0,0,0,0,0,0,0,0,0,0,0,0,0,0,0,0,0,0,0,0,0,0,0,0,0,0,0,0,150,5,1600,400,800,20,1,1,248,200,0,1,7,0,4,6
142,65536,20,1000,5484,0,1,0,1,20,2560,1,0,0,0,0,0,1,0,1,0,0,0,0,0,0,0,0,0,0,0,0,0,0,0,0,0,0,0,0,0,0,0,0,0,0,0,0,0,0,0,0,0,0,0,0,0,0,0,0,0,0,0,0,0,0,0,0,0,0,0,0,0,0,0,150,5,1600,400,800,20,1,1,248,200,0,1,7,0,4,6
143,65536,20,1000,5484,0,1,0,1,20,2560,1,0,0,0,0,0,1,0,1,0,0,0,0,0,0,0,0,0,0,0,0,0,0,0,0,0,0,0,0,0,0,0,0,0,0,0,0,0,0,0,0,0,0,0,0,0,0,0,0,0,0,0,0,0,0,0,0,0,0,0,0,0,0,0,150,5,1600,400,800,20,1,1,248,200,0,1,7,0,4,6
144,65536,20,1000,5484,0,1,0,1,20,2560,1,0,0,0,0,0,1,0,1,0,0,0,0,0,0,0,0,0,0,0,0,0,0,0,0,0,0,0,0,0,0,0,0,0,0,0,0,0,0,0,0,0,0,0,0,0,0,0,0,0,0,0,0,0,0,0,0,0,0,0,0,0,0,0,150,5,1600,400,800,20,1,1,248,200,0,1,7,0,4,6
145,65536,20,1000,5484,0,1,0,1,20,2560,1,0,0,0,0,0,1,0,1,0,0,0,0,0,0,0,0,0,0,0,0,0,0,0,0,0,0,0,0,0,0,0,0,0,0,0,0,0,0,0,0,0,0,0,0,0,0,0,0,0,0,0,0,0,0,0,0,0,0,0,0,0,0,0,150,5,1600,400,800,20,1,1,248,200,0,1,7,0,4,6
146,65536,20,1000,5484,0,1,0,1,20,2560,1,0,0,0,0,0,1,0,1,0,0,0,0,0,0,0,0,0,0,0,0,0,0,0,0,0,0,0,0,0,0,0,0,0,0,0,0,0,0,0,0,0,0,0,0,0,0,0,0,0,0,0,0,0,0,0,0,0,0,0,0,0,0,0,150,5,1600,400,800,20,1,1,248,200,0,1,7,0,4,6
147,65536,20,1000,5484,0,1,0,1,20,2560,1,0,0,0,0,0,1,0,1,0,0,0,0,0,0,0,0,0,0,0,0,0,0,0,0,0,0,0,0,0,0,0,0,0,0,0,0,0,0,0,0,0,0,0,0,0,0,0,0,0,0,0,0,0,0,0,0,0,0,0,0,0,0,0,150,5,1600,400,800,20,1,1,248,200,0,1,7,0,4,6
148,65536,20,1000,5484,0,1,0,1,20,2560,1,0,0,0,0,0,1,0,1,0,0,0,0,0,0,0,0,0,0,0,0,0,0,0,0,0,0,0,0,0,0,0,0,0,0,0,0,0,0,0,0,0,0,0,0,0,0,0,0,0,0,0,0,0,0,0,0,0,0,0,0,0,0,0,150,5,1600,400,800,20,1,1,248,200,0,1,7,0,4,6
149,65536,20,1000,5484,0,1,0,1,20,2560,1,0,0,0,0,0,1,0,1,0,0,0,0,0,0,0,0,0,0,0,0,0,0,0,0,0,0,0,0,0,0,0,0,0,0,0,0,0,0,0,0,0,0,0,0,0,0,0,0,0,0,0,0,0,0,0,0,0,0,0,0,0,0,0,150,5,1600,400,800,20,1,1,248,200,0,1,7,0,4,6
150,65536,20,1000,5484,0,1,0,1,20,2560,1,0,0,0,0,0,1,0,1,0,0,0,0,0,0,0,0,0,0,0,0,0,0,0,0,0,0,0,0,0,0,0,0,0,0,0,0,0,0,0,0,0,0,0,0,0,0,0,0,0,0,0,0,0,0,0,0,0,0,0,0,0,0,0,150,5,1600,400,800,20,1,1,248,200,0,1,7,0,4,6
151,65536,20,1000,5484,0,1,0,1,20,2560,1,0,0,0,0,0,1,0,1,0,0,0,0,0,0,0,0,0,0,0,0,0,0,0,0,0,0,0,0,0,0,0,0,0,0,0,0,0,0,0,0,0,0,0,0,0,0,0,0,0,0,0,0,0,0,0,0,0,0,0,0,0,0,0,150,5,1600,400,800,20,1,1,248,200,0,1,7,0,4,6
152,65536,20,1000,5484,0,1,0,1,20,2560,1,0,0,0,0,0,1,0,1,0,0,0,0,0,0,0,0,0,0,0,0,0,0,0,0,0,0,0,0,0,0,0,0,0,0,0,0,0,0,0,0,0,0,0,0,0,0,0,0,0,0,0,0,0,0,0,0,0,0,0,0,0,0,0,150,5,1600,400,800,20,1,1,248,200,0,1,7,0,4,6
153,65536,20,1000,5484,0,1,0,1,20,2560,1,0,0,0,0,0,1,0,1,0,0,0,0,0,0,0,0,0,0,0,0,0,0,0,0,0,0,0,0,0,0,0,0,0,0,0,0,0,0,0,0,0,0,0,0,0,0,0,0,0,0,0,0,0,0,0,0,0,0,0,0,0,0,0,150,5,1600,400,800,20,1,1,248,200,0,1,7,0,4,6
154,65536,20,1000,5484,0,1,0,1,20,2560,1,0,0,0,0,0,1,0,1,0,0,0,0,0,0,0,0,0,0,0,0,0,0,0,0,0,0,0,0,0,0,0,0,0,0,0,0,0,0,0,0,0,0,0,0,0,0,0,0,0,0,0,0,0,0,0,0,0,0,0,0,0,0,0,150,5,1600,400,800,20,1,1,248,200,0,1,7,0,4,6
155,65536,20,1000,5484,0,1,0,1,20,2560,1,0,0,0,0,0,1,0,1,0,0,0,0,0,0,0,0,0,0,0,0,0,0,0,0,0,0,0,0,0,0,0,0,0,0,0,0,0,0,0,0,0,0,0,0,0,0,0,0,0,0,0,0,0,0,0,0,0,0,0,0,0,0,0,150,5,1600,400,800,20,1,1,248,200,0,1,7,0,4,6
156,65536,20,1000,5484,0,1,0,1,20,2560,1,0,0,0,0,0,1,0,1,0,0,0,0,0,0,0,0,0,0,0,0,0,0,0,0,0,0,0,0,0,0,0,0,0,0,0,0,0,0,0,0,0,0,0,0,0,0,0,0,0,0,0,0,0,0,0,0,0,0,0,0,0,0,0,150,5,1600,400,800,20,1,1,248,200,0,1,7,0,4,6
157,65536,20,1000,5484,0,1,0,1,20,2560,1,0,0,0,0,0,1,0,1,0,0,0,0,0,0,0,0,0,0,0,0,0,0,0,0,0,0,0,0,0,0,0,0,0,0,0,0,0,0,0,0,0,0,0,0,0,0,0,0,0,0,0,0,0,0,0,0,0,0,0,0,0,0,0,150,5,1600,400,800,20,1,1,248,200,0,1,7,0,4,6
158,65536,20,1000,5484,0,1,0,1,20,2560,1,0,0,0,0,0,1,0,1,0,0,0,0,0,0,0,0,0,0,0,0,0,0,0,0,0,0,0,0,0,0,0,0,0,0,0,0,0,0,0,0,0,0,0,0,0,0,0,0,0,0,0,0,0,0,0,0,0,0,0,0,0,0,0,150,5,1600,400,800,20,1,1,248,200,0,1,7,0,4,6
159,65536,20,1000,5484,0,1,0,1,20,2560,1,0,0,0,0,0,1,0,1,0,0,0,0,0,0,0,0,0,0,0,0,0,0,0,0,0,0,0,0,0,0,0,0,0,0,0,0,0,0,0,0,0,0,0,0,0,0,0,0,0,0,0,0,0,0,0,0,0,0,0,0,0,0,0,150,5,1600,400,800,20,1,1,248,200,0,1,7,0,4,6
160,65536,20,1000,5484,0,1,0,1,20,2560,1,0,0,0,0,0,1,0,1,0,0,0,0,0,0,0,0,0,0,0,0,0,0,0,0,0,0,0,0,0,0,0,0,0,0,0,0,0,0,0,0,0,0,0,0,0,0,0,0,0,0,0,0,0,0,0,0,0,0,0,0,0,0,0,150,5,1600,400,800,20,1,1,248,200,0,1,7,0,4,6
161,65536,20,1000,5484,0,1,0,1,20,2560,1,0,0,0,0,0,1,0,1,0,0,0,0,0,0,0,0,0,0,0,0,0,0,0,0,0,0,0,0,0,0,0,0,0,0,0,0,0,0,0,0,0,0,0,0,0,0,0,0,0,0,0,0,0,0,0,0,0,0,0,0,0,0,0,150,5,1600,400,800,20,1,1,248,200,0,1,7,0,4,6
162,65536,20,1000,5484,0,1,0,1,20,2560,1,0,0,0,0,0,1,0,1,0,0,0,0,0,0,0,0,0,0,0,0,0,0,0,0,0,0,0,0,0,0,0,0,0,0,0,0,0,0,0,0,0,0,0,0,0,0,0,0,0,0,0,0,0,0,0,0,0,0,0,0,0,0,0,150,5,1600,400,800,20,1,1,248,200,0,1,7,0,4,6
163,65536,20,1000,5484,0,1,0,1,20,2560,1,0,0,0,0,0,1,0,1,0,0,0,0,0,0,0,0,0,0,0,0,0,0,0,0,0,0,0,0,0,0,0,0,0,0,0,0,0,0,0,0,0,0,0,0,0,0,0,0,0,0,0,0,0,0,0,0,0,0,0,0,0,0,0,150,5,1600,400,800,20,1,1,248,200,0,1,7,0,4,6
164,65536,20,1000,5484,0,1,0,1,20,2560,1,0,0,0,0,0,1,0,1,0,0,0,0,0,0,0,0,0,0,0,0,0,0,0,0,0,0,0,0,0,0,0,0,0,0,0,0,0,0,0,0,0,0,0,0,0,0,0,0,0,0,0,0,0,0,0,0,0,0,0,0,0,0,0,150,5,1600,400,800,20,1,1,248,200,0,1,7,0,4,6
165,65536,20,1000,5484,0,1,0,1,20,2560,1,0,0,0,0,0,1,0,1,0,0,0,0,0,0,0,0,0,0,0,0,0,0,0,0,0,0,0,0,0,0,0,0,0,0,0,0,0,0,0,0,0,0,0,0,0,0,0,0,0,0,0,0,0,0,0,0,0,0,0,0,0,0,0,150,5,1600,400,800,20,1,1,248,200,0,1,7,0,4,6
166,65536,20,1000,5484,0,1,0,1,20,2560,1,0,0,0,0,0,1,0,1,0,0,0,0,0,0,0,0,0,0,0,0,0,0,0,0,0,0,0,0,0,0,0,0,0,0,0,0,0,0,0,0,0,0,0,0,0,0,0,0,0,0,0,0,0,0,0,0,0,0,0,0,0,0,0,150,5,1600,400,800,20,1,1,248,200,0,1,7,0,4,6
167,65536,20,1000,5484,0,1,0,1,20,2560,1,0,0,0,0,0,1,0,1,0,0,0,0,0,0,0,0,0,0,0,0,0,0,0,0,0,0,0,0,0,0,0,0,0,0,0,0,0,0,0,0,0,0,0,0,0,0,0,0,0,0,0,0,0,0,0,0,0,0,0,0,0,0,0,150,5,1600,400,800,20,1,1,248,200,0,1,7,0,4,6
168,65536,20,1000,5484,0,1,0,1,20,2560,1,0,0,0,0,0,1,0,1,0,0,0,0,0,0,0,0,0,0,0,0,0,0,0,0,0,0,0,0,0,0,0,0,0,0,0,0,0,0,0,0,0,0,0,0,0,0,0,0,0,0,0,0,0,0,0,0,0,0,0,0,0,0,0,150,5,1600,400,800,20,1,1,248,200,0,1,7,0,4,6
169,65536,20,1000,5484,0,1,0,1,20,2560,1,0,0,0,0,0,1,0,1,0,0,0,0,0,0,0,0,0,0,0,0,0,0,0,0,0,0,0,0,0,0,0,0,0,0,0,0,0,0,0,0,0,0,0,0,0,0,0,0,0,0,0,0,0,0,0,0,0,0,0,0,0,0,0,150,5,1600,400,800,20,1,1,248,200,0,1,7,0,4,6
170,65536,20,1000,5484,0,1,0,1,20,2560,1,0,0,0,0,0,1,0,1,0,0,0,0,0,0,0,0,0,0,0,0,0,0,0,0,0,0,0,0,0,0,0,0,0,0,0,0,0,0,0,0,0,0,0,0,0,0,0,0,0,0,0,0,0,0,0,0,0,0,0,0,0,0,0,150,5,1600,400,800,20,1,1,248,200,0,1,7,0,4,6
171,65536,20,1000,5484,0,1,0,1,20,2560,1,0,0,0,0,0,1,0,1,0,0,0,0,0,0,0,0,0,0,0,0,0,0,0,0,0,0,0,0,0,0,0,0,0,0,0,0,0,0,0,0,0,0,0,0,0,0,0,0,0,0,0,0,0,0,0,0,0,0,0,0,0,0,0,150,5,1600,400,800,20,1,1,248,200,0,1,7,0,4,6
172,65536,20,1000,5484,0,1,0,1,20,2560,1,0,0,0,0,0,1,0,1,0,0,0,0,0,0,0,0,0,0,0,0,0,0,0,0,0,0,0,0,0,0,0,0,0,0,0,0,0,0,0,0,0,0,0,0,0,0,0,0,0,0,0,0,0,0,0,0,0,0,0,0,0,0,0,150,5,1600,400,800,20,1,1,248,200,0,1,7,0,4,6
173,65536,20,1000,5484,0,1,0,1,20,2560,1,0,0,0,0,0,1,0,1,0,0,0,0,0,0,0,0,0,0,0,0,0,0,0,0,0,0,0,0,0,0,0,0,0,0,0,0,0,0,0,0,0,0,0,0,0,0,0,0,0,0,0,0,0,0,0,0,0,0,0,0,0,0,0,150,5,1600,400,800,20,1,1,248,200,0,1,7,0,4,6
174,65536,20,1000,5484,0,1,0,1,20,2560,1,0,0,0,0,0,1,0,1,0,0,0,0,0,0,0,0,0,0,0,0,0,0,0,0,0,0,0,0,0,0,0,0,0,0,0,0,0,0,0,0,0,0,0,0,0,0,0,0,0,0,0,0,0,0,0,0,0,0,0,0,0,0,0,150,5,1600,400,800,20,1,1,248,200,0,1,7,0,4,6
175,65536,20,1000,5484,0,1,0,1,20,2560,1,0,0,0,0,0,1,0,1,0,0,0,0,0,0,0,0,0,0,0,0,0,0,0,0,0,0,0,0,0,0,0,0,0,0,0,0,0,0,0,0,0,0,0,0,0,0,0,0,0,0,0,0,0,0,0,0,0,0,0,0,0,0,0,150,5,1600,400,800,20,1,1,248,200,0,1,7,0,4,6
176,65536,20,1000,5484,0,1,0,1,20,2560,1,0,0,0,0,0,1,0,1,0,0,0,0,0,0,0,0,0,0,0,0,0,0,0,0,0,0,0,0,0,0,0,0,0,0,0,0,0,0,0,0,0,0,0,0,0,0,0,0,0,0,0,0,0,0,0,0,0,0,0,0,0,0,0,150,5,1600,400,800,20,1,1,248,200,0,1,7,0,4,6
177,65536,20,1000,5484,0,1,0,1,20,2560,1,0,0,0,0,0,1,0,1,0,0,0,0,0,0,0,0,0,0,0,0,0,0,0,0,0,0,0,0,0,0,0,0,0,0,0,0,0,0,0,0,0,0,0,0,0,0,0,0,0,0,0,0,0,0,0,0,0,0,0,0,0,0,0,150,5,1600,400,800,20,1,1,248,200,0,1,7,0,4,6
178,65536,20,1000,5484,0,1,0,1,20,2560,1,0,0,0,0,0,1,0,1,0,0,0,0,0,0,0,0,0,0,0,0,0,0,0,0,0,0,0,0,0,0,0,0,0,0,0,0,0,0,0,0,0,0,0,0,0,0,0,0,0,0,0,0,0,0,0,0,0,0,0,0,0,0,0,150,5,1600,400,800,20,1,1,248,200,0,1,7,0,4,6
179,65536,20,1000,5484,0,1,0,1,20,2560,1,0,0,0,0,0,1,0,1,0,0,0,0,0,0,0,0,0,0,0,0,0,0,0,0,0,0,0,0,0,0,0,0,0,0,0,0,0,0,0,0,0,0,0,0,0,0,0,0,0,0,0,0,0,0,0,0,0,0,0,0,0,0,0,150,5,1600,400,800,20,1,1,248,200,0,1,7,0,4,6
180,65536,20,1000,5484,0,1,0,1,20,2560,1,0,0,0,0,0,1,0,1,0,0,0,0,0,0,0,0,0,0,0,0,0,0,0,0,0,0,0,0,0,0,0,0,0,0,0,0,0,0,0,0,0,0,0,0,0,0,0,0,0,0,0,0,0,0,0,0,0,0,0,0,0,0,0,150,5,1600,400,800,20,1,1,248,200,0,1,7,0,4,6
181,65536,20,1000,5484,0,1,0,1,20,2560,1,0,0,0,0,0,1,0,1,0,0,0,0,0,0,0,0,0,0,0,0,0,0,0,0,0,0,0,0,0,0,0,0,0,0,0,0,0,0,0,0,0,0,0,0,0,0,0,0,0,0,0,0,0,0,0,0,0,0,0,0,0,0,0,150,5,1600,400,800,20,1,1,248,200,0,1,7,0,4,6
182,65536,20,1000,5484,0,1,0,1,20,2560,1,0,0,0,0,0,1,0,1,0,0,0,0,0,0,0,0,0,0,0,0,0,0,0,0,0,0,0,0,0,0,0,0,0,0,0,0,0,0,0,0,0,0,0,0,0,0,0,0,0,0,0,0,0,0,0,0,0,0,0,0,0,0,0,150,5,1600,400,800,20,1,1,248,200,0,1,7,0,4,6
183,65536,20,1000,5484,0,1,0,1,20,2560,1,0,0,0,0,0,1,0,1,0,0,0,0,0,0,0,0,0,0,0,0,0,0,0,0,0,0,0,0,0,0,0,0,0,0,0,0,0,0,0,0,0,0,0,0,0,0,0,0,0,0,0,0,0,0,0,0,0,0,0,0,0,0,0,150,5,1600,400,800,20,1,1,248,200,0,1,7,0,4,6
184,65536,20,1000,5484,0,1,0,1,20,2560,1,0,0,0,0,0,1,0,1,0,0,0,0,0,0,0,0,0,0,0,0,0,0,0,0,0,0,0,0,0,0,0,0,0,0,0,0,0,0,0,0,0,0,0,0,0,0,0,0,0,0,0,0,0,0,0,0,0,0,0,0,0,0,0,150,5,1600,400,800,20,1,1,248,200,0,1,7,0,4,6
185,65536,20,1000,5484,0,1,0,1,20,2560,1,0,0,0,0,0,1,0,1,0,0,0,0,0,0,0,0,0,0,0,0,0,0,0,0,0,0,0,0,0,0,0,0,0,0,0,0,0,0,0,0,0,0,0,0,0,0,0,0,0,0,0,0,0,0,0,0,0,0,0,0,0,0,0,150,5,1600,400,800,20,1,1,248,200,0,1,7,0,4,6
186,65536,20,1000,5484,0,1,0,1,20,2560,1,0,0,0,0,0,1,0,1,0,0,0,0,0,0,0,0,0,0,0,0,0,0,0,0,0,0,0,0,0,0,0,0,0,0,0,0,0,0,0,0,0,0,0,0,0,0,0,0,0,0,0,0,0,0,0,0,0,0,0,0,0,0,0,150,5,1600,400,800,20,1,1,248,200,0,1,7,0,4,6
187,65536,20,1000,5484,0,1,0,1,20,2560,1,0,0,0,0,0,1,0,1,0,0,0,0,0,0,0,0,0,0,0,0,0,0,0,0,0,0,0,0,0,0,0,0,0,0,0,0,0,0,0,0,0,0,0,0,0,0,0,0,0,0,0,0,0,0,0,0,0,0,0,0,0,0,0,150,5,1600,400,800,20,1,1,248,200,0,1,7,0,4,6
188,65536,20,1000,5484,0,1,0,1,20,2560,1,0,0,0,0,0,1,0,1,0,0,0,0,0,0,0,0,0,0,0,0,0,0,0,0,0,0,0,0,0,0,0,0,0,0,0,0,0,0,0,0,0,0,0,0,0,0,0,0,0,0,0,0,0,0,0,0,0,0,0,0,0,0,0,150,5,1600,400,800,20,1,1,248,200,0,1,7,0,4,6
189,65536,20,1000,5484,0,1,0,1,20,2560,1,0,0,0,0,0,1,0,1,0,0,0,0,0,0,0,0,0,0,0,0,0,0,0,0,0,0,0,0,0,0,0,0,0,0,0,0,0,0,0,0,0,0,0,0,0,0,0,0,0,0,0,0,0,0,0,0,0,0,0,0,0,0,0,150,5,1600,400,800,20,1,1,248,200,0,1,7,0,4,6
190,65536,20,1000,5484,0,1,0,1,20,2560,1,0,0,0,0,0,1,0,1,0,0,0,0,0,0,0,0,0,0,0,0,0,0,0,0,0,0,0,0,0,0,0,0,0,0,0,0,0,0,0,0,0,0,0,0,0,0,0,0,0,0,0,0,0,0,0,0,0,0,0,0,0,0,0,150,5,1600,400,800,20,1,1,248,200,0,1,7,0,4,6
191,65536,20,1000,5484,0,1,0,1,20,2560,1,0,0,0,0,0,1,0,1,0,0,0,0,0,0,0,0,0,0,0,0,0,0,0,0,0,0,0,0,0,0,0,0,0,0,0,0,0,0,0,0,0,0,0,0,0,0,0,0,0,0,0,0,0,0,0,0,0,0,0,0,0,0,0,150,5,1600,400,800,20,1,1,248,200,0,1,7,0,4,6
192,65536,20,1000,5484,0,1,0,1,20,2560,1,0,0,0,0,0,1,0,1,0,0,0,0,0,0,0,0,0,0,0,0,0,0,0,0,0,0,0,0,0,0,0,0,0,0,0,0,0,0,0,0,0,0,0,0,0,0,0,0,0,0,0,0,0,0,0,0,0,0,0,0,0,0,0,150,5,1600,400,800,20,1,1,248,200,0,1,7,0,4,6
193,65536,20,1000,5484,0,1,0,1,20,2560,1,0,0,0,0,0,1,0,1,0,0,0,0,0,0,0,0,0,0,0,0,0,0,0,0,0,0,0,0,0,0,0,0,0,0,0,0,0,0,0,0,0,0,0,0,0,0,0,0,0,0,0,0,0,0,0,0,0,0,0,0,0,0,0,150,5,1600,400,800,20,1,1,248,200,0,1,7,0,4,6
194,65536,20,1000,5484,0,1,0,1,20,2560,1,0,0,0,0,0,1,0,1,0,0,0,0,0,0,0,0,0,0,0,0,0,0,0,0,0,0,0,0,0,0,0,0,0,0,0,0,0,0,0,0,0,0,0,0,0,0,0,0,0,0,0,0,0,0,0,0,0,0,0,0,0,0,0,150,5,1600,400,800,20,1,1,248,200,0,1,7,0,4,6
195,65536,20,1000,5484,0,1,0,1,20,2560,1,0,0,0,0,0,1,0,1,0,0,0,0,0,0,0,0,0,0,0,0,0,0,0,0,0,0,0,0,0,0,0,0,0,0,0,0,0,0,0,0,0,0,0,0,0,0,0,0,0,0,0,0,0,0,0,0,0,0,0,0,0,0,0,150,5,1600,400,800,20,1,1,248,200,0,1,7,0,4,6
196,65536,20,1000,5484,0,1,0,1,20,2560,1,0,0,0,0,0,1,0,1,0,0,0,0,0,0,0,0,0,0,0,0,0,0,0,0,0,0,0,0,0,0,0,0,0,0,0,0,0,0,0,0,0,0,0,0,0,0,0,0,0,0,0,0,0,0,0,0,0,0,0,0,0,0,0,150,5,1600,400,800,20,1,1,248,200,0,1,7,0,4,6
197,65536,20,1000,5484,0,1,0,1,20,2560,1,0,0,0,0,0,1,0,1,0,0,0,0,0,0,0,0,0,0,0,0,0,0,0,0,0,0,0,0,0,0,0,0,0,0,0,0,0,0,0,0,0,0,0,0,0,0,0,0,0,0,0,0,0,0,0,0,0,0,0,0,0,0,0,150,5,1600,400,800,20,1,1,248,200,0,1,7,0,4,6
198,65536,20,1000,5484,0,1,0,1,20,2560,1,0,0,0,0,0,1,0,1,0,0,0,0,0,0,0,0,0,0,0,0,0,0,0,0,0,0,0,0,0,0,0,0,0,0,0,0,0,0,0,0,0,0,0,0,0,0,0,0,0,0,0,0,0,0,0,0,0,0,0,0,0,0,0,150,5,1600,400,800,20,1,1,248,200,0,1,7,0,4,6
199,65536,20,1000,5484,0,1,0,1,20,2560,1,0,0,0,0,0,1,0,1,0,0,0,0,0,0,0,0,0,0,0,0,0,0,0,0,0,0,0,0,0,0,0,0,0,0,0,0,0,0,0,0,0,0,0,0,0,0,0,0,0,0,0,0,0,0,0,0,0,0,0,0,0,0,0,150,5,1600,400,800,20,1,1,248,200,0,1,7,0,4,6
200,65536,20,1000,5484,0,1,0,1,20,2560,1,0,0,0,0,0,1,0,1,0,0,0,0,0,0,0,0,0,0,0,0,0,0,0,0,0,0,0,0,0,0,0,0,0,0,0,0,0,0,0,0,0,0,0,0,0,0,0,0,0,0,0,0,0,0,0,0,0,0,0,0,0,0,0,150,5,1600,400,800,20,1,1,248,200,0,1,7,0,4,6
201,65536,20,1000,5484,0,1,0,1,20,2560,1,0,0,0,0,0,1,0,1,0,0,0,0,0,0,0,0,0,0,0,0,0,0,0,0,0,0,0,0,0,0,0,0,0,0,0,0,0,0,0,0,0,0,0,0,0,0,0,0,0,0,0,0,0,0,0,0,0,0,0,0,0,0,0,150,5,1600,400,800,20,1,1,248,200,0,1,7,0,4,6
202,65536,20,1000,5484,0,1,0,1,20,2560,1,0,0,0,0,0,1,0,1,0,0,0,0,0,0,0,0,0,0,0,0,0,0,0,0,0,0,0,0,0,0,0,0,0,0,0,0,0,0,0,0,0,0,0,0,0,0,0,0,0,0,0,0,0,0,0,0,0,0,0,0,0,0,0,150,5,1600,400,800,20,1,1,248,200,0,1,7,0,4,6
203,65536,20,1000,5484,0,1,0,1,20,2560,1,0,0,0,0,0,1,0,1,0,0,0,0,0,0,0,0,0,0,0,0,0,0,0,0,0,0,0,0,0,0,0,0,0,0,0,0,0,0,0,0,0,0,0,0,0,0,0,0,0,0,0,0,0,0,0,0,0,0,0,0,0,0,0,150,5,1600,400,800,20,1,1,248,200,0,1,7,0,4,6
204,65536,20,1000,5484,0,1,0,1,20,2560,1,0,0,0,0,0,1,0,1,0,0,0,0,0,0,0,0,0,0,0,0,0,0,0,0,0,0,0,0,0,0,0,0,0,0,0,0,0,0,0,0,0,0,0,0,0,0,0,0,0,0,0,0,0,0,0,0,0,0,0,0,0,0,0,150,5,1600,400,800,20,1,1,248,200,0,1,7,0,4,6
205,65536,20,1000,5484,0,1,0,1,20,2560,1,0,0,0,0,0,1,0,1,0,0,0,0,0,0,0,0,0,0,0,0,0,0,0,0,0,0,0,0,0,0,0,0,0,0,0,0,0,0,0,0,0,0,0,0,0,0,0,0,0,0,0,0,0,0,0,0,0,0,0,0,0,0,0,150,5,1600,400,800,20,1,1,248,200,0,1,7,0,4,6
206,65536,20,1000,5484,0,1,0,1,20,2560,1,0,0,0,0,0,1,0,1,0,0,0,0,0,0,0,0,0,0,0,0,0,0,0,0,0,0,0,0,0,0,0,0,0,0,0,0,0,0,0,0,0,0,0,0,0,0,0,0,0,0,0,0,0,0,0,0,0,0,0,0,0,0,0,150,5,1600,400,800,20,1,1,248,200,0,1,7,0,4,6
207,65536,20,1000,5484,0,1,0,1,20,2560,1,0,0,0,0,0,1,0,1,0,0,0,0,0,0,0,0,0,0,0,0,0,0,0,0,0,0,0,0,0,0,0,0,0,0,0,0,0,0,0,0,0,0,0,0,0,0,0,0,0,0,0,0,0,0,0,0,0,0,0,0,0,0,0,150,5,1600,400,800,20,1,1,248,200,0,1,7,0,4,6
208,65536,20,1000,5484,0,1,0,1,20,2560,1,0,0,0,0,0,1,0,1,0,0,0,0,0,0,0,0,0,0,0,0,0,0,0,0,0,0,0,0,0,0,0,0,0,0,0,0,0,0,0,0,0,0,0,0,0,0,0,0,0,0,0,0,0,0,0,0,0,0,0,0,0,0,0,150,5,1600,400,800,20,1,1,248,200,0,1,7,0,4,6
209,65536,20,1000,5484,0,1,0,1,20,2560,1,0,0,0,0,0,1,0,1,0,0,0,0,0,0,0,0,0,0,0,0,0,0,0,0,0,0,0,0,0,0,0,0,0,0,0,0,0,0,0,0,0,0,0,0,0,0,0,0,0,0,0,0,0,0,0,0,0,0,0,0,0,0,0,150,5,1600,400,800,20,1,1,248,200,0,1,7,0,4,6
210,65536,20,1000,5484,0,1,0,1,20,2560,1,0,0,0,0,0,1,0,1,0,0,0,0,0,0,0,0,0,0,0,0,0,0,0,0,0,0,0,0,0,0,0,0,0,0,0,0,0,0,0,0,0,0,0,0,0,0,0,0,0,0,0,0,0,0,0,0,0,0,0,0,0,0,0,150,5,1600,400,800,20,1,1,248,200,0,1,7,0,4,6
211,65536,20,1000,5484,0,1,0,1,20,2560,1,0,0,0,0,0,1,0,1,0,0,0,0,0,0,0,0,0,0,0,0,0,0,0,0,0,0,0,0,0,0,0,0,0,0,0,0,0,0,0,0,0,0,0,0,0,0,0,0,0,0,0,0,0,0,0,0,0,0,0,0,0,0,0,150,5,1600,400,800,20,1,1,248,200,0,1,7,0,4,6
212,65536,20,1000,5484,0,1,0,1,20,2560,1,0,0,0,0,0,1,0,1,0,0,0,0,0,0,0,0,0,0,0,0,0,0,0,0,0,0,0,0,0,0,0,0,0,0,0,0,0,0,0,0,0,0,0,0,0,0,0,0,0,0,0,0,0,0,0,0,0,0,0,0,0,0,0,150,5,1600,400,800,20,1,1,248,200,0,1,7,0,4,6
213,65536,20,1000,5484,0,1,0,1,20,2560,1,0,0,0,0,0,1,0,1,0,0,0,0,0,0,0,0,0,0,0,0,0,0,0,0,0,0,0,0,0,0,0,0,0,0,0,0,0,0,0,0,0,0,0,0,0,0,0,0,0,0,0,0,0,0,0,0,0,0,0,0,0,0,0,150,5,1600,400,800,20,1,1,248,200,0,1,7,0,4,6
214,65536,20,1000,5484,0,1,0,1,20,2560,1,0,0,0,0,0,1,0,1,0,0,0,0,0,0,0,0,0,0,0,0,0,0,0,0,0,0,0,0,0,0,0,0,0,0,0,0,0,0,0,0,0,0,0,0,0,0,0,0,0,0,0,0,0,0,0,0,0,0,0,0,0,0,0,150,5,1600,400,800,20,1,1,248,200,0,1,7,0,4,6
215,65536,20,1000,5484,0,1,0,1,20,2560,1,0,0,0,0,0,1,0,1,0,0,0,0,0,0,0,0,0,0,0,0,0,0,0,0,0,0,0,0,0,0,0,0,0,0,0,0,0,0,0,0,0,0,0,0,0,0,0,0,0,0,0,0,0,0,0,0,0,0,0,0,0,0,0,150,5,1600,400,800,20,1,1,248,200,0,1,7,0,4,6
216,65536,20,1000,5484,0,1,0,1,20,2560,1,0,0,0,0,0,1,0,1,0,0,0,0,0,0,0,0,0,0,0,0,0,0,0,0,0,0,0,0,0,0,0,0,0,0,0,0,0,0,0,0,0,0,0,0,0,0,0,0,0,0,0,0,0,0,0,0,0,0,0,0,0,0,0,150,5,1600,400,800,20,1,1,248,200,0,1,7,0,4,6
217,65536,20,1000,5484,0,1,0,1,20,2560,1,0,0,0,0,0,1,0,1,0,0,0,0,0,0,0,0,0,0,0,0,0,0,0,0,0,0,0,0,0,0,0,0,0,0,0,0,0,0,0,0,0,0,0,0,0,0,0,0,0,0,0,0,0,0,0,0,0,0,0,0,0,0,0,150,5,1600,400,800,20,1,1,248,200,0,1,7,0,4,6
218,65536,20,1000,5484,0,1,0,1,20,2560,1,0,0,0,0,0,1,0,1,0,0,0,0,0,0,0,0,0,0,0,0,0,0,0,0,0,0,0,0,0,0,0,0,0,0,0,0,0,0,0,0,0,0,0,0,0,0,0,0,0,0,0,0,0,0,0,0,0,0,0,0,0,0,0,150,5,1600,400,800,20,1,1,248,200,0,1,7,0,4,6
219,65536,20,1000,5484,0,1,0,1,20,2560,1,0,0,0,0,0,1,0,1,0,0,0,0,0,0,0,0,0,0,0,0,0,0,0,0,0,0,0,0,0,0,0,0,0,0,0,0,0,0,0,0,0,0,0,0,0,0,0,0,0,0,0,0,0,0,0,0,0,0,0,0,0,0,0,150,5,1600,400,800,20,1,1,248,200,0,1,7,0,4,6
220,65536,20,1000,5484,0,1,0,1,20,2560,1,0,0,0,0,0,1,0,1,0,0,0,0,0,0,0,0,0,0,0,0,0,0,0,0,0,0,0,0,0,0,0,0,0,0,0,0,0,0,0,0,0,0,0,0,0,0,0,0,0,0,0,0,0,0,0,0,0,0,0,0,0,0,0,150,5,1600,400,800,20,1,1,248,200,0,1,7,0,4,6
221,65536,20,1000,5484,0,1,0,1,20,2560,1,0,0,0,0,0,1,0,1,0,0,0,0,0,0,0,0,0,0,0,0,0,0,0,0,0,0,0,0,0,0,0,0,0,0,0,0,0,0,0,0,0,0,0,0,0,0,0,0,0,0,0,0,0,0,0,0,0,0,0,0,0,0,0,150,5,1600,400,800,20,1,1,248,200,0,1,7,0,4,6
222,65536,20,1000,5484,0,1,0,1,20,2560,1,0,0,0,0,0,1,0,1,0,0,0,0,0,0,0,0,0,0,0,0,0,0,0,0,0,0,0,0,0,0,0,0,0,0,0,0,0,0,0,0,0,0,0,0,0,0,0,0,0,0,0,0,0,0,0,0,0,0,0,0,0,0,0,150,5,1600,400,800,20,1,1,248,200,0,1,7,0,4,6
223,65536,20,1000,5484,0,1,0,1,20,2560,1,0,0,0,0,0,1,0,1,0,0,0,0,0,0,0,0,0,0,0,0,0,0,0,0,0,0,0,0,0,0,0,0,0,0,0,0,0,0,0,0,0,0,0,0,0,0,0,0,0,0,0,0,0,0,0,0,0,0,0,0,0,0,0,150,5,1600,400,800,20,1,1,248,200,0,1,7,0,4,6
224,65536,20,1000,5484,0,1,0,1,20,2560,1,0,0,0,0,0,1,0,1,0,0,0,0,0,0,0,0,0,0,0,0,0,0,0,0,0,0,0,0,0,0,0,0,0,0,0,0,0,0,0,0,0,0,0,0,0,0,0,0,0,0,0,0,0,0,0,0,0,0,0,0,0,0,0,150,5,1600,400,800,20,1,1,248,200,0,1,7,0,4,6
225,65536,20,1000,5484,0,1,0,1,20,2560,1,0,0,0,0,0,1,0,1,0,0,0,0,0,0,0,0,0,0,0,0,0,0,0,0,0,0,0,0,0,0,0,0,0,0,0,0,0,0,0,0,0,0,0,0,0,0,0,0,0,0,0,0,0,0,0,0,0,0,0,0,0,0,0,150,5,1600,400,800,20,1,1,248,200,0,1,7,0,4,6
226,65536,20,1000,5484,0,1,0,1,20,2560,1,0,0,0,0,0,1,0,1,0,0,0,0,0,0,0,0,0,0,0,0,0,0,0,0,0,0,0,0,0,0,0,0,0,0,0,0,0,0,0,0,0,0,0,0,0,0,0,0,0,0,0,0,0,0,0,0,0,0,0,0,0,0,0,150,5,1600,400,800,20,1,1,248,200,0,1,7,0,4,6
227,65536,20,1000,5484,0,1,0,1,20,2560,1,0,0,0,0,0,1,0,1,0,0,0,0,0,0,0,0,0,0,0,0,0,0,0,0,0,0,0,0,0,0,0,0,0,0,0,0,0,0,0,0,0,0,0,0,0,0,0,0,0,0,0,0,0,0,0,0,0,0,0,0,0,0,0,150,5,1600,400,800,20,1,1,248,200,0,1,7,0,4,6
228,65536,20,1000,5484,0,1,0,1,20,2560,1,0,0,0,0,0,1,0,1,0,0,0,0,0,0,0,0,0,0,0,0,0,0,0,0,0,0,0,0,0,0,0,0,0,0,0,0,0,0,0,0,0,0,0,0,0,0,0,0,0,0,0,0,0,0,0,0,0,0,0,0,0,0,0,150,5,1600,400,800,20,1,1,248,200,0,1,7,0,4,6
229,65536,20,1000,5484,0,1,0,1,20,2560,1,0,0,0,0,0,1,0,1,0,0,0,0,0,0,0,0,0,0,0,0,0,0,0,0,0,0,0,0,0,0,0,0,0,0,0,0,0,0,0,0,0,0,0,0,0,0,0,0,0,0,0,0,0,0,0,0,0,0,0,0,0,0,0,150,5,1600,400,800,20,1,1,248,200,0,1,7,0,4,6
230,65536,20,1000,5484,0,1,0,1,20,2560,1,0,0,0,0,0,1,0,1,0,0,0,0,0,0,0,0,0,0,0,0,0,0,0,0,0,0,0,0,0,0,0,0,0,0,0,0,0,0,0,0,0,0,0,0,0,0,0,0,0,0,0,0,0,0,0,0,0,0,0,0,0,0,0,150,5,1600,400,800,20,1,1,248,200,0,1,7,0,4,6
231,65536,20,1000,5484,0,1,0,1,20,2560,1,0,0,0,0,0,1,0,1,0,0,0,0,0,0,0,0,0,0,0,0,0,0,0,0,0,0,0,0,0,0,0,0,0,0,0,0,0,0,0,0,0,0,0,0,0,0,0,0,0,0,0,0,0,0,0,0,0,0,0,0,0,0,0,150,5,1600,400,800,20,1,1,248,200,0,1,7,0,4,6
232,65536,20,1000,5484,0,1,0,1,20,2560,1,0,0,0,0,0,1,0,1,0,0,0,0,0,0,0,0,0,0,0,0,0,0,0,0,0,0,0,0,0,0,0,0,0,0,0,0,0,0,0,0,0,0,0,0,0,0,0,0,0,0,0,0,0,0,0,0,0,0,0,0,0,0,0,150,5,1600,400,800,20,1,1,248,200,0,1,7,0,4,6
233,65536,20,1000,5484,0,1,0,1,20,2560,1,0,0,0,0,0,1,0,1,0,0,0,0,0,0,0,0,0,0,0,0,0,0,0,0,0,0,0,0,0,0,0,0,0,0,0,0,0,0,0,0,0,0,0,0,0,0,0,0,0,0,0,0,0,0,0,0,0,0,0,0,0,0,0,150,5,1600,400,800,20,1,1,248,200,0,1,7,0,4,6
234,65536,20,1000,5484,0,1,0,1,20,2560,1,0,0,0,0,0,1,0,1,0,0,0,0,0,0,0,0,0,0,0,0,0,0,0,0,0,0,0,0,0,0,0,0,0,0,0,0,0,0,0,0,0,0,0,0,0,0,0,0,0,0,0,0,0,0,0,0,0,0,0,0,0,0,0,150,5,1600,400,800,20,1,1,248,200,0,1,7,0,4,6
235,65536,20,1000,5484,0,1,0,1,20,2560,1,0,0,0,0,0,1,0,1,0,0,0,0,0,0,0,0,0,0,0,0,0,0,0,0,0,0,0,0,0,0,0,0,0,0,0,0,0,0,0,0,0,0,0,0,0,0,0,0,0,0,0,0,0,0,0,0,0,0,0,0,0,0,0,150,5,1600,400,800,20,1,1,248,200,0,1,7,0,4,6
236,65536,20,1000,5484,0,1,0,1,20,2560,1,0,0,0,0,0,1,0,1,0,0,0,0,0,0,0,0,0,0,0,0,0,0,0,0,0,0,0,0,0,0,0,0,0,0,0,0,0,0,0,0,0,0,0,0,0,0,0,0,0,0,0,0,0,0,0,0,0,0,0,0,0,0,0,150,5,1600,400,800,20,1,1,248,200,0,1,7,0,4,6
237,65536,20,1000,5484,0,1,0,1,20,2560,1,0,0,0,0,0,1,0,1,0,0,0,0,0,0,0,0,0,0,0,0,0,0,0,0,0,0,0,0,0,0,0,0,0,0,0,0,0,0,0,0,0,0,0,0,0,0,0,0,0,0,0,0,0,0,0,0,0,0,0,0,0,0,0,150,5,1600,400,800,20,1,1,248,200,0,1,7,0,4,6
238,65536,20,1000,5484,0,1,0,1,20,2560,1,0,0,0,0,0,1,0,1,0,0,0,0,0,0,0,0,0,0,0,0,0,0,0,0,0,0,0,0,0,0,0,0,0,0,0,0,0,0,0,0,0,0,0,0,0,0,0,0,0,0,0,0,0,0,0,0,0,0,0,0,0,0,0,150,5,1600,400,800,20,1,1,248,200,0,1,7,0,4,6
239,65536,20,1000,5484,0,1,0,1,20,2560,1,0,0,0,0,0,1,0,1,0,0,0,0,0,0,0,0,0,0,0,0,0,0,0,0,0,0,0,0,0,0,0,0,0,0,0,0,0,0,0,0,0,0,0,0,0,0,0,0,0,0,0,0,0,0,0,0,0,0,0,0,0,0,0,150,5,1600,400,800,20,1,1,248,200,0,1,7,0,4,6
240,65536,20,1000,5484,1,1,1,1,20,2556,1,0,0,0,0,0,1,0,1,0,0,0,0,0,0,0,0,0,0,0,0,0,0,0,0,0,0,0,0,0,0,0,0,0,0,0,0,0,0,0,0,0,0,0,0,0,0,0,0,0,0,0,0,0,0,0,0,0,0,0,0,0,0,0,150,5,1600,400,800,20,2,1,248,200,0,1,7,0,4,6
241,65536,20,1000,5484,1,1,1,1,20,2556,1,0,0,0,0,0,1,0,1,0,0,0,0,0,0,0,0,0,0,0,0,0,0,0,0,0,0,0,0,0,0,0,0,0,0,0,0,0,0,0,0,0,0,0,0,0,0,0,0,0,0,0,0,0,0,0,0,0,0,0,0,0,0,0,150,5,1600,400,800,20,2,1,248,200,0,1,7,0,4,6
242,65536,20,1000,5484,1,1,1,1,20,2556,1,0,0,0,0,0,1,0,1,0,0,0,0,0,0,0,0,0,0,0,0,0,0,0,0,0,0,0,0,0,0,0,0,0,0,0,0,0,0,0,0,0,0,0,0,0,0,0,0,0,0,0,0,0,0,0,0,0,0,0,0,0,0,0,150,5,1600,400,800,20,2,1,248,200,0,1,7,0,4,6
243,65536,20,1000,5484,1,1,1,1,20,2556,1,0,0,0,0,0,1,0,1,0,0,0,0,0,0,0,0,0,0,0,0,0,0,0,0,0,0,0,0,0,0,0,0,0,0,0,0,0,0,0,0,0,0,0,0,0,0,0,0,0,0,0,0,0,0,0,0,0,0,0,0,0,0,0,150,5,1600,400,800,20,2,1,248,200,0,1,7,0,4,6
244,65536,20,1000,5484,1,1,1,1,20,2556,1,0,0,0,0,0,1,0,1,0,0,0,0,0,0,0,0,0,0,0,0,0,0,0,0,0,0,0,0,0,0,0,0,0,0,0,0,0,0,0,0,0,0,0,0,0,0,0,0,0,0,0,0,0,0,0,0,0,0,0,0,0,0,0,150,5,1600,400,800,20,2,1,248,200,0,1,7,0,4,6
245,65536,20,1000,5484,1,1,1,1,20,2556,1,0,0,0,0,0,1,0,1,0,0,0,0,0,0,0,0,0,0,0,0,0,0,0,0,0,0,0,0,0,0,0,0,0,0,0,0,0,0,0,0,0,0,0,0,0,0,0,0,0,0,0,0,0,0,0,0,0,0,0,0,0,0,0,150,5,1600,400,800,20,2,1,248,200,0,1,7,0,4,6
246,65536,20,1000,5484,1,1,1,1,20,2556,1,0,0,0,0,0,1,0,1,0,0,0,0,0,0,0,0,0,0,0,0,0,0,0,0,0,0,0,0,0,0,0,0,0,0,0,0,0,0,0,0,0,0,0,0,0,0,0,0,0,0,0,0,0,0,0,0,0,0,0,0,0,0,0,150,5,1600,400,800,20,2,1,248,200,0,1,7,0,4,6
247,65536,20,1000,5484,1,1,1,1,20,2556,1,0,0,0,0,0,1,0,1,0,0,0,0,0,0,0,0,0,0,0,0,0,0,0,0,0,0,0,0,0,0,0,0,0,0,0,0,0,0,0,0,0,0,0,0,0,0,0,0,0,0,0,0,0,0,0,0,0,0,0,0,0,0,0,150,5,1600,400,800,20,2,1,248,200,0,1,7,0,4,6
248,65536,20,1000,5484,1,1,1,1,20,2556,1,0,0,0,0,0,1,0,1,0,0,0,0,0,0,0,0,0,0,0,0,0,0,0,0,0,0,0,0,0,0,0,0,0,0,0,0,0,0,0,0,0,0,0,0,0,0,0,0,0,0,0,0,0,0,0,0,0,0,0,0,0,0,0,150,5,1600,400,800,20,2,1,248,200,0,1,7,0,4,6
249,65536,20,1000,5484,1,1,1,1,20,2556,1,0,0,0,0,0,1,0,1,0,0,0,0,0,0,0,0,0,0,0,0,0,0,0,0,0,0,0,0,0,0,0,0,0,0,0,0,0,0,0,0,0,0,0,0,0,0,0,0,0,0,0,0,0,0,0,0,0,0,0,0,0,0,0,150,5,1600,400,800,20,2,1,248,200,0,1,7,0,4,6
250,65536,20,1000,5484,1,1,1,1,20,2556,1,0,0,0,0,0,1,0,1,0,0,0,0,0,0,0,0,0,0,0,0,0,0,0,0,0,0,0,0,0,0,0,0,0,0,0,0,0,0,0,0,0,0,0,0,0,0,0,0,0,0,0,0,0,0,0,0,0,0,0,0,0,0,0,150,5,1600,400,800,20,2,1,248,200,0,1,7,0,4,6
251,65536,20,1000,5484,1,1,1,1,20,2556,1,0,0,0,0,0,1,0,1,0,0,0,0,0,0,0,0,0,0,0,0,0,0,0,0,0,0,0,0,0,0,0,0,0,0,0,0,0,0,0,0,0,0,0,0,0,0,0,0,0,0,0,0,0,0,0,0,0,0,0,0,0,0,0,150,5,1600,400,800,20,2,1,248,200,0,1,7,0,4,6
252,65536,20,1000,5484,1,1,1,1,20,2556,1,0,0,0,0,0,1,0,1,0,0,0,0,0,0,0,0,0,0,0,0,0,0,0,0,0,0,0,0,0,0,0,0,0,0,0,0,0,0,0,0,0,0,0,0,0,0,0,0,0,0,0,0,0,0,0,0,0,0,0,0,0,0,0,150,5,1600,400,800,20,2,1,248,200,0,1,7,0,4,6
253,65536,20,1000,5484,1,1,1,1,20,2556,1,0,0,0,0,0,1,0,1,0,0,0,0,0,0,0,0,0,0,0,0,0,0,0,0,0,0,0,0,0,0,0,0,0,0,0,0,0,0,0,0,0,0,0,0,0,0,0,0,0,0,0,0,0,0,0,0,0,0,0,0,0,0,0,150,5,1600,400,800,20,2,1,248,200,0,1,7,0,4,6
254,65536,20,1000,5484,1,1,1,1,20,2556,1,0,0,0,0,0,1,0,1,0,0,0,0,0,0,0,0,0,0,0,0,0,0,0,0,0,0,0,0,0,0,0,0,0,0,0,0,0,0,0,0,0,0,0,0,0,0,0,0,0,0,0,0,0,0,0,0,0,0,0,0,0,0,0,150,5,1600,400,800,20,2,1,248,200,0,1,7,0,4,6
255,65536,20,1000,5484,1,1,1,1,20,2556,1,0,0,0,0,0,1,0,1,0,0,0,0,0,0,0,0,0,0,0,0,0,0,0,0,0,0,0,0,0,0,0,0,0,0,0,0,0,0,0,0,0,0,0,0,0,0,0,0,0,0,0,0,0,0,0,0,0,0,0,0,0,0,0,150,5,1600,400,800,20,2,1,248,200,0,1,7,0,4,6
256,65536,20,1000,5484,1,1,1,1,20,2556,1,0,0,0,0,0,1,0,1,0,0,0,0,0,0,0,0,0,0,0,0,0,0,0,0,0,0,0,0,0,0,0,0,0,0,0,0,0,0,0,0,0,0,0,0,0,0,0,0,0,0,0,0,0,0,0,0,0,0,0,0,0,0,0,150,5,1600,400,800,20,2,1,248,200,0,1,7,0,4,6
257,65536,20,1000,5484,1,1,1,1,20,2556,1,0,0,0,0,0,1,0,1,0,0,0,0,0,0,0,0,0,0,0,0,0,0,0,0,0,0,0,0,0,0,0,0,0,0,0,0,0,0,0,0,0,0,0,0,0,0,0,0,0,0,0,0,0,0,0,0,0,0,0,0,0,0,0,150,5,1600,400,800,20,2,1,248,200,0,1,7,0,4,6
258,65536,20,1000,5484,1,1,1,1,20,2556,1,0,0,0,0,0,1,0,1,0,0,0,0,0,0,0,0,0,0,0,0,0,0,0,0,0,0,0,0,0,0,0,0,0,0,0,0,0,0,0,0,0,0,0,0,0,0,0,0,0,0,0,0,0,0,0,0,0,0,0,0,0,0,0,150,5,1600,400,800,20,2,1,248,200,0,1,7,0,4,6
259,65536,20,1000,5484,1,1,1,1,20,2556,1,0,0,0,0,0,1,0,1,0,0,0,0,0,0,0,0,0,0,0,0,0,0,0,0,0,0,0,0,0,0,0,0,0,0,0,0,0,0,0,0,0,0,0,0,0,0,0,0,0,0,0,0,0,0,0,0,0,0,0,0,0,0,0,150,5,1600,400,800,20,2,1,248,200,0,1,7,0,4,6
260,65536,20,1000,5484,1,1,1,1,20,2556,1,0,0,0,0,0,1,0,1,0,0,0,0,0,0,0,0,0,0,0,0,0,0,0,0,0,0,0,0,0,0,0,0,0,0,0,0,0,0,0,0,0,0,0,0,0,0,0,0,0,0,0,0,0,0,0,0,0,0,0,0,0,0,0,150,5,1600,400,800,20,2,1,248,200,0,1,7,0,4,6
261,65536,20,1000,5484,1,1,1,1,20,2556,1,0,0,0,0,0,1,0,1,0,0,0,0,0,0,0,0,0,0,0,0,0,0,0,0,0,0,0,0,0,0,0,0,0,0,0,0,0,0,0,0,0,0,0,0,0,0,0,0,0,0,0,0,0,0,0,0,0,0,0,0,0,0,0,150,5,1600,400,800,20,2,1,248,200,0,1,7,0,4,6
262,65536,20,1000,5484,1,1,1,1,20,2556,1,0,0,0,0,0,1,0,1,0,0,0,0,0,0,0,0,0,0,0,0,0,0,0,0,0,0,0,0,0,0,0,0,0,0,0,0,0,0,0,0,0,0,0,0,0,0,0,0,0,0,0,0,0,0,0,0,0,0,0,0,0,0,0,150,5,1600,400,800,20,2,1,248,200,0,1,7,0,4,6
263,65536,20,1000,5484,1,1,1,1,20,2556,1,0,0,0,0,0,1,0,1,0,0,0,0,0,0,0,0,0,0,0,0,0,0,0,0,0,0,0,0,0,0,0,0,0,0,0,0,0,0,0,0,0,0,0,0,0,0,0,0,0,0,0,0,0,0,0,0,0,0,0,0,0,0,0,150,5,1600,400,800,20,2,1,248,200,0,1,7,0,4,6
264,65536,20,1000,5484,1,1,1,1,20,2556,1,0,0,0,0,0,1,0,1,0,0,0,0,0,0,0,0,0,0,0,0,0,0,0,0,0,0,0,0,0,0,0,0,0,0,0,0,0,0,0,0,0,0,0,0,0,0,0,0,0,0,0,0,0,0,0,0,0,0,0,0,0,0,0,150,5,1600,400,800,20,2,1,248,200,0,1,7,0,4,6
265,65536,20,1000,5484,1,1,1,1,20,2556,1,0,0,0,0,0,1,0,1,0,0,0,0,0,0,0,0,0,0,0,0,0,0,0,0,0,0,0,0,0,0,0,0,0,0,0,0,0,0,0,0,0,0,0,0,0,0,0,0,0,0,0,0,0,0,0,0,0,0,0,0,0,0,0,150,5,1600,400,800,20,2,1,248,200,0,1,7,0,4,6
266,65536,20,1000,5484,1,1,1,1,20,2556,1,0,0,0,0,0,1,0,1,0,0,0,0,0,0,0,0,0,0,0,0,0,0,0,0,0,0,0,0,0,0,0,0,0,0,0,0,0,0,0,0,0,0,0,0,0,0,0,0,0,0,0,0,0,0,0,0,0,0,0,0,0,0,0,150,5,1600,400,800,20,2,1,248,200,0,1,7,0,4,6
267,65536,20,1000,5484,1,1,1,1,20,2556,1,0,0,0,0,0,1,0,1,0,0,0,0,0,0,0,0,0,0,0,0,0,0,0,0,0,0,0,0,0,0,0,0,0,0,0,0,0,0,0,0,0,0,0,0,0,0,0,0,0,0,0,0,0,0,0,0,0,0,0,0,0,0,0,150,5,1600,400,800,20,2,1,248,200,0,1,7,0,4,6
268,65536,20,1000,5484,1,1,1,1,20,2556,1,0,0,0,0,0,1,0,1,0,0,0,0,0,0,0,0,0,0,0,0,0,0,0,0,0,0,0,0,0,0,0,0,0,0,0,0,0,0,0,0,0,0,0,0,0,0,0,0,0,0,0,0,0,0,0,0,0,0,0,0,0,0,0,150,5,1600,400,800,20,2,1,248,200,0,1,7,0,4,6
269,65536,20,1000,5484,1,1,1,1,20,2556,1,0,0,0,0,0,1,0,1,0,0,0,0,0,0,0,0,0,0,0,0,0,0,0,0,0,0,0,0,0,0,0,0,0,0,0,0,0,0,0,0,0,0,0,0,0,0,0,0,0,0,0,0,0,0,0,0,0,0,0,0,0,0,0,150,5,1600,400,800,20,2,1,248,200,0,1,7,0,4,6
270,65536,20,1000,5484,1,1,1,1,20,2556,1,0,0,0,0,0,1,0,1,0,0,0,0,0,0,0,0,0,0,0,0,0,0,0,0,0,0,0,0,0,0,0,0,0,0,0,0,0,0,0,0,0,0,0,0,0,0,0,0,0,0,0,0,0,0,0,0,0,0,0,0,0,0,0,150,5,1600,400,800,20,2,1,248,200,0,1,7,0,4,6
271,65536,20,1000,5484,1,1,1,1,20,2556,1,0,0,0,0,0,1,0,1,0,0,0,0,0,0,0,0,0,0,0,0,0,0,0,0,0,0,0,0,0,0,0,0,0,0,0,0,0,0,0,0,0,0,0,0,0,0,0,0,0,0,0,0,0,0,0,0,0,0,0,0,0,0,0,150,5,1600,400,800,20,2,1,248,200,0,1,7,0,4,6
272,65536,20,1000,5484,1,1,1,1,20,2556,1,0,0,0,0,0,1,0,1,0,0,0,0,0,0,0,0,0,0,0,0,0,0,0,0,0,0,0,0,0,0,0,0,0,0,0,0,0,0,0,0,0,0,0,0,0,0,0,0,0,0,0,0,0,0,0,0,0,0,0,0,0,0,0,150,5,1600,400,800,20,2,1,248,200,0,1,7,0,4,6
273,65536,20,1000,5484,1,1,1,1,20,2556,1,0,0,0,0,0,1,0,1,0,0,0,0,0,0,0,0,0,0,0,0,0,0,0,0,0,0,0,0,0,0,0,0,0,0,0,0,0,0,0,0,0,0,0,0,0,0,0,0,0,0,0,0,0,0,0,0,0,0,0,0,0,0,0,150,5,1600,400,800,20,2,1,248,200,0,1,7,0,4,6
274,65536,20,1000,5484,1,1,1,1,20,2556,1,0,0,0,0,0,1,0,1,0,0,0,0,0,0,0,0,0,0,0,0,0,0,0,0,0,0,0,0,0,0,0,0,0,0,0,0,0,0,0,0,0,0,0,0,0,0,0,0,0,0,0,0,0,0,0,0,0,0,0,0,0,0,0,150,5,1600,400,800,20,2,1,248,200,0,1,7,0,4,6
275,65536,20,1000,5484,1,1,1,1,20,2556,1,0,0,0,0,0,1,0,1,0,0,0,0,0,0,0,0,0,0,0,0,0,0,0,0,0,0,0,0,0,0,0,0,0,0,0,0,0,0,0,0,0,0,0,0,0,0,0,0,0,0,0,0,0,0,0,0,0,0,0,0,0,0,0,150,5,1600,400,800,20,2,1,248,200,0,1,7,0,4,6
276,65536,20,1000,5484,1,1,1,1,20,2556,1,0,0,0,0,0,1,0,1,0,0,0,0,0,0,0,0,0,0,0,0,0,0,0,0,0,0,0,0,0,0,0,0,0,0,0,0,0,0,0,0,0,0,0,0,0,0,0,0,0,0,0,0,0,0,0,0,0,0,0,0,0,0,0,150,5,1600,400,800,20,2,1,248,200,0,1,7,0,4,6
277,65536,20,1000,5484,1,1,1,1,20,2556,1,0,0,0,0,0,1,0,1,0,0,0,0,0,0,0,0,0,0,0,0,0,0,0,0,0,0,0,0,0,0,0,0,0,0,0,0,0,0,0,0,0,0,0,0,0,0,0,0,0,0,0,0,0,0,0,0,0,0,0,0,0,0,0,150,5,1600,400,800,20,2,1,248,200,0,1,7,0,4,6
278,65536,20,1000,5484,1,1,1,1,20,2556,1,0,0,0,0,0,1,0,1,0,0,0,0,0,0,0,0,0,0,0,0,0,0,0,0,0,0,0,0,0,0,0,0,0,0,0,0,0,0,0,0,0,0,0,0,0,0,0,0,0,0,0,0,0,0,0,0,0,0,0,0,0,0,0,150,5,1600,400,800,20,2,1,248,200,0,1,7,0,4,6
279,65536,20,1000,5484,1,1,1,1,20,2556,1,0,0,0,0,0,1,0,1,0,0,0,0,0,0,0,0,0,0,0,0,0,0,0,0,0,0,0,0,0,0,0,0,0,0,0,0,0,0,0,0,0,0,0,0,0,0,0,0,0,0,0,0,0,0,0,0,0,0,0,0,0,0,0,150,5,1600,400,800,20,2,1,248,200,0,1,7,0,4,6
280,65536,20,1000,5484,1,1,1,1,20,2556,1,0,0,0,0,0,1,0,1,0,0,0,0,0,0,0,0,0,0,0,0,0,0,0,0,0,0,0,0,0,0,0,0,0,0,0,0,0,0,0,0,0,0,0,0,0,0,0,0,0,0,0,0,0,0,0,0,0,0,0,0,0,0,0,150,5,1600,400,800,20,2,1,248,200,0,1,7,0,4,6
281,65536,20,1000,5484,1,1,1,1,20,2556,1,0,0,0,0,0,1,0,1,0,0,0,0,0,0,0,0,0,0,0,0,0,0,0,0,0,0,0,0,0,0,0,0,0,0,0,0,0,0,0,0,0,0,0,0,0,0,0,0,0,0,0,0,0,0,0,0,0,0,0,0,0,0,0,150,5,1600,400,800,20,2,1,248,200,0,1,7,0,4,6
282,65536,20,1000,5484,1,1,1,1,20,2556,1,0,0,0,0,0,1,0,1,0,0,0,0,0,0,0,0,0,0,0,0,0,0,0,0,0,0,0,0,0,0,0,0,0,0,0,0,0,0,0,0,0,0,0,0,0,0,0,0,0,0,0,0,0,0,0,0,0,0,0,0,0,0,0,150,5,1600,400,800,20,2,1,248,200,0,1,7,0,4,6
283,65536,20,1000,5484,1,1,1,1,20,2556,1,0,0,0,0,0,1,0,1,0,0,0,0,0,0,0,0,0,0,0,0,0,0,0,0,0,0,0,0,0,0,0,0,0,0,0,0,0,0,0,0,0,0,0,0,0,0,0,0,0,0,0,0,0,0,0,0,0,0,0,0,0,0,0,150,5,1600,400,800,20,2,1,248,200,0,1,7,0,4,6
284,65536,20,1000,5484,1,1,1,1,20,2556,1,0,0,0,0,0,1,0,1,0,0,0,0,0,0,0,0,0,0,0,0,0,0,0,0,0,0,0,0,0,0,0,0,0,0,0,0,0,0,0,0,0,0,0,0,0,0,0,0,0,0,0,0,0,0,0,0,0,0,0,0,0,0,0,150,5,1600,400,800,20,2,1,248,200,0,1,7,0,4,6
285,65536,20,1000,5484,1,1,1,1,20,2556,1,0,0,0,0,0,1,0,1,0,0,0,0,0,0,0,0,0,0,0,0,0,0,0,0,0,0,0,0,0,0,0,0,0,0,0,0,0,0,0,0,0,0,0,0,0,0,0,0,0,0,0,0,0,0,0,0,0,0,0,0,0,0,0,150,5,1600,400,800,20,2,1,248,200,0,1,7,0,4,6
286,65536,20,1000,5484,1,1,1,1,20,2556,1,0,0,0,0,0,1,0,1,0,0,0,0,0,0,0,0,0,0,0,0,0,0,0,0,0,0,0,0,0,0,0,0,0,0,0,0,0,0,0,0,0,0,0,0,0,0,0,0,0,0,0,0,0,0,0,0,0,0,0,0,0,0,0,150,5,1600,400,800,20,2,1,248,200,0,1,7,0,4,6
287,65536,20,1000,5484,1,1,1,1,20,2556,1,0,0,0,0,0,1,0,1,0,0,0,0,0,0,0,0,0,0,0,0,0,0,0,0,0,0,0,0,0,0,0,0,0,0,0,0,0,0,0,0,0,0,0,0,0,0,0,0,0,0,0,0,0,0,0,0,0,0,0,0,0,0,0,150,5,1600,400,800,20,2,1,248,200,0,1,7,0,4,6
288,65536,20,1000,5484,1,1,1,1,20,2556,1,0,0,0,0,0,1,0,1,0,0,0,0,0,0,0,0,0,0,0,0,0,0,0,0,0,0,0,0,0,0,0,0,0,0,0,0,0,0,0,0,0,0,0,0,0,0,0,0,0,0,0,0,0,0,0,0,0,0,0,0,0,0,0,150,5,1600,400,800,20,2,1,248,200,0,1,7,0,4,6
289,65536,20,1000,5484,1,1,1,1,20,2556,1,0,0,0,0,0,1,0,1,0,0,0,0,0,0,0,0,0,0,0,0,0,0,0,0,0,0,0,0,0,0,0,0,0,0,0,0,0,0,0,0,0,0,0,0,0,0,0,0,0,0,0,0,0,0,0,0,0,0,0,0,0,0,0,150,5,1600,400,800,20,2,1,248,200,0,1,7,0,4,6
290,65536,20,1000,5484,1,1,1,1,20,2556,1,0,0,0,0,0,1,0,1,0,0,0,0,0,0,0,0,0,0,0,0,0,0,0,0,0,0,0,0,0,0,0,0,0,0,0,0,0,0,0,0,0,0,0,0,0,0,0,0,0,0,0,0,0,0,0,0,0,0,0,0,0,0,0,150,5,1600,400,800,20,2,1,248,200,0,1,7,0,4,6
291,65536,20,1000,5484,1,1,1,1,20,2556,1,0,0,0,0,0,1,0,1,0,0,0,0,0,0,0,0,0,0,0,0,0,0,0,0,0,0,0,0,0,0,0,0,0,0,0,0,0,0,0,0,0,0,0,0,0,0,0,0,0,0,0,0,0,0,0,0,0,0,0,0,0,0,0,150,5,1600,400,800,20,2,1,248,200,0,1,7,0,4,6
292,65536,20,1000,5484,1,1,1,1,20,2556,1,0,0,0,0,0,1,0,1,0,0,0,0,0,0,0,0,0,0,0,0,0,0,0,0,0,0,0,0,0,0,0,0,0,0,0,0,0,0,0,0,0,0,0,0,0,0,0,0,0,0,0,0,0,0,0,0,0,0,0,0,0,0,0,150,5,1600,400,800,20,2,1,248,200,0,1,7,0,4,6
293,65536,20,1000,5484,1,1,1,1,20,2556,1,0,0,0,0,0,1,0,1,0,0,0,0,0,0,0,0,0,0,0,0,0,0,0,0,0,0,0,0,0,0,0,0,0,0,0,0,0,0,0,0,0,0,0,0,0,0,0,0,0,0,0,0,0,0,0,0,0,0,0,0,0,0,0,150,5,1600,400,800,20,2,1,248,200,0,1,7,0,4,6
294,65536,20,1000,5484,1,1,1,1,20,2556,1,0,0,0,0,0,1,0,1,0,0,0,0,0,0,0,0,0,0,0,0,0,0,0,0,0,0,0,0,0,0,0,0,0,0,0,0,0,0,0,0,0,0,0,0,0,0,0,0,0,0,0,0,0,0,0,0,0,0,0,0,0,0,0,150,5,1600,400,800,20,2,1,248,200,0,1,7,0,4,6
295,65536,20,1000,5484,1,1,1,1,20,2556,1,0,0,0,0,0,1,0,1,0,0,0,0,0,0,0,0,0,0,0,0,0,0,0,0,0,0,0,0,0,0,0,0,0,0,0,0,0,0,0,0,0,0,0,0,0,0,0,0,0,0,0,0,0,0,0,0,0,0,0,0,0,0,0,150,5,1600,400,800,20,2,1,248,200,0,1,7,0,4,6
296,65536,20,1000,5484,1,1,1,1,20,2556,1,0,0,0,0,0,1,0,1,0,0,0,0,0,0,0,0,0,0,0,0,0,0,0,0,0,0,0,0,0,0,0,0,0,0,0,0,0,0,0,0,0,0,0,0,0,0,0,0,0,0,0,0,0,0,0,0,0,0,0,0,0,0,0,150,5,1600,400,800,20,2,1,248,200,0,1,7,0,4,6
297,65536,20,1000,5484,1,1,1,1,20,2556,1,0,0,0,0,0,1,0,1,0,0,0,0,0,0,0,0,0,0,0,0,0,0,0,0,0,0,0,0,0,0,0,0,0,0,0,0,0,0,0,0,0,0,0,0,0,0,0,0,0,0,0,0,0,0,0,0,0,0,0,0,0,0,0,150,5,1600,400,800,20,2,1,248,200,0,1,7,0,4,6
298,65536,20,1000,5484,1,1,1,1,20,2556,1,0,0,0,0,0,1,0,1,0,0,0,0,0,0,0,0,0,0,0,0,0,0,0,0,0,0,0,0,0,0,0,0,0,0,0,0,0,0,0,0,0,0,0,0,0,0,0,0,0,0,0,0,0,0,0,0,0,0,0,0,0,0,0,150,5,1600,400,800,20,2,1,248,200,0,1,7,0,4,6
299,65536,20,1000,5484,1,1,1,1,20,2556,1,0,0,0,0,0,1,0,1,0,0,0,0,0,0,0,0,0,0,0,0,0,0,0,0,0,0,0,0,0,0,0,0,0,0,0,0,0,0,0,0,0,0,0,0,0,0,0,0,0,0,0,0,0,0,0,0,0,0,0,0,0,0,0,150,5,1600,400,800,20,2,1,248,200,0,1,7,0,4,6
300,65536,20,1000,5484,1,1,1,1,20,2556,1,0,0,0,0,0,1,0,1,0,0,0,0,0,0,0,0,0,0,0,0,0,0,0,0,0,0,0,0,0,0,0,0,0,0,0,0,0,0,0,0,0,0,0,0,0,0,0,0,0,0,0,0,0,0,0,0,0,0,0,0,0,0,0,150,5,1600,400,800,20,2,1,248,200,0,1,7,0,4,6
301,65536,20,1000,5484,1,1,1,1,20,2556,1,0,0,0,0,0,1,0,1,0,0,0,0,0,0,0,0,0,0,0,0,0,0,0,0,0,0,0,0,0,0,0,0,0,0,0,0,0,0,0,0,0,0,0,0,0,0,0,0,0,0,0,0,0,0,0,0,0,0,0,0,0,0,0,150,5,1600,400,800,20,2,1,248,200,0,1,7,0,4,6
302,65536,20,1000,5484,1,1,1,1,20,2556,1,0,0,0,0,0,1,0,1,0,0,0,0,0,0,0,0,0,0,0,0,0,0,0,0,0,0,0,0,0,0,0,0,0,0,0,0,0,0,0,0,0,0,0,0,0,0,0,0,0,0,0,0,0,0,0,0,0,0,0,0,0,0,0,150,5,1600,400,800,20,2,1,248,200,0,1,7,0,4,6
303,65536,20,1000,5484,1,1,1,1,20,2556,1,0,0,0,0,0,1,0,1,0,0,0,0,0,0,0,0,0,0,0,0,0,0,0,0,0,0,0,0,0,0,0,0,0,0,0,0,0,0,0,0,0,0,0,0,0,0,0,0,0,0,0,0,0,0,0,0,0,0,0,0,0,0,0,150,5,1600,400,800,20,2,1,248,200,0,1,7,0,4,6
304,65536,20,1000,5484,1,1,1,1,20,2556,1,0,0,0,0,0,1,0,1,0,0,0,0,0,0,0,0,0,0,0,0,0,0,0,0,0,0,0,0,0,0,0,0,0,0,0,0,0,0,0,0,0,0,0,0,0,0,0,0,0,0,0,0,0,0,0,0,0,0,0,0,0,0,0,150,5,1600,400,800,20,2,1,248,200,0,1,7,0,4,6
305,65536,20,1000,5484,1,1,1,1,20,2556,1,0,0,0,0,0,1,0,1,0,0,0,0,0,0,0,0,0,0,0,0,0,0,0,0,0,0,0,0,0,0,0,0,0,0,0,0,0,0,0,0,0,0,0,0,0,0,0,0,0,0,0,0,0,0,0,0,0,0,0,0,0,0,0,150,5,1600,400,800,20,2,1,248,200,0,1,7,0,4,6
306,65536,20,1000,5484,1,1,1,1,20,2556,1,0,0,0,0,0,1,0,1,0,0,0,0,0,0,0,0,0,0,0,0,0,0,0,0,0,0,0,0,0,0,0,0,0,0,0,0,0,0,0,0,0,0,0,0,0,0,0,0,0,0,0,0,0,0,0,0,0,0,0,0,0,0,0,150,5,1600,400,800,20,2,1,248,200,0,1,7,0,4,6
307,65536,20,1000,5484,1,1,1,1,20,2556,1,0,0,0,0,0,1,0,1,0,0,0,0,0,0,0,0,0,0,0,0,0,0,0,0,0,0,0,0,0,0,0,0,0,0,0,0,0,0,0,0,0,0,0,0,0,0,0,0,0,0,0,0,0,0,0,0,0,0,0,0,0,0,0,150,5,1600,400,800,20,2,1,248,200,0,1,7,0,4,6
308,65536,20,1000,5484,1,1,1,1,20,2556,1,0,0,0,0,0,1,0,1,0,0,0,0,0,0,0,0,0,0,0,0,0,0,0,0,0,0,0,0,0,0,0,0,0,0,0,0,0,0,0,0,0,0,0,0,0,0,0,0,0,0,0,0,0,0,0,0,0,0,0,0,0,0,0,150,5,1600,400,800,20,2,1,248,200,0,1,7,0,4,6
309,65536,20,1000,5484,1,1,1,1,20,2556,1,0,0,0,0,0,1,0,1,0,0,0,0,0,0,0,0,0,0,0,0,0,0,0,0,0,0,0,0,0,0,0,0,0,0,0,0,0,0,0,0,0,0,0,0,0,0,0,0,0,0,0,0,0,0,0,0,0,0,0,0,0,0,0,150,5,1600,400,800,20,2,1,248,200,0,1,7,0,4,6
310,65536,20,1000,5484,1,1,1,1,20,2556,1,0,0,0,0,0,1,0,1,0,0,0,0,0,0,0,0,0,0,0,0,0,0,0,0,0,0,0,0,0,0,0,0,0,0,0,0,0,0,0,0,0,0,0,0,0,0,0,0,0,0,0,0,0,0,0,0,0,0,0,0,0,0,0,150,5,1600,400,800,20,2,1,248,200,0,1,7,0,4,6
311,65536,20,1000,5484,1,1,1,1,20,2556,1,0,0,0,0,0,1,0,1,0,0,0,0,0,0,0,0,0,0,0,0,0,0,0,0,0,0,0,0,0,0,0,0,0,0,0,0,0,0,0,0,0,0,0,0,0,0,0,0,0,0,0,0,0,0,0,0,0,0,0,0,0,0,0,150,5,1600,400,800,20,2,1,248,200,0,1,7,0,4,6
312,65536,20,1000,5484,1,1,1,1,20,2556,1,0,0,0,0,0,1,0,1,0,0,0,0,0,0,0,0,0,0,0,0,0,0,0,0,0,0,0,0,0,0,0,0,0,0,0,0,0,0,0,0,0,0,0,0,0,0,0,0,0,0,0,0,0,0,0,0,0,0,0,0,0,0,0,150,5,1600,400,800,20,2,1,248,200,0,1,7,0,4,6
313,65536,20,1000,5484,1,1,1,1,20,2556,1,0,0,0,0,0,1,0,1,0,0,0,0,0,0,0,0,0,0,0,0,0,0,0,0,0,0,0,0,0,0,0,0,0,0,0,0,0,0,0,0,0,0,0,0,0,0,0,0,0,0,0,0,0,0,0,0,0,0,0,0,0,0,0,150,5,1600,400,800,20,2,1,248,200,0,1,7,0,4,6
314,65536,20,1000,5484,1,1,1,1,20,2556,1,0,0,0,0,0,1,0,1,0,0,0,0,0,0,0,0,0,0,0,0,0,0,0,0,0,0,0,0,0,0,0,0,0,0,0,0,0,0,0,0,0,0,0,0,0,0,0,0,0,0,0,0,0,0,0,0,0,0,0,0,0,0,0,150,5,1600,400,800,20,2,1,248,200,0,1,7,0,4,6
315,65536,20,1000,5484,1,1,1,1,20,2556,1,0,0,0,0,0,1,0,1,0,0,0,0,0,0,0,0,0,0,0,0,0,0,0,0,0,0,0,0,0,0,0,0,0,0,0,0,0,0,0,0,0,0,0,0,0,0,0,0,0,0,0,0,0,0,0,0,0,0,0,0,0,0,0,150,5,1600,400,800,20,2,1,248,200,0,1,7,0,4,6
316,65536,20,1000,5484,1,1,1,1,20,2556,1,0,0,0,0,0,1,0,1,0,0,0,0,0,0,0,0,0,0,0,0,0,0,0,0,0,0,0,0,0,0,0,0,0,0,0,0,0,0,0,0,0,0,0,0,0,0,0,0,0,0,0,0,0,0,0,0,0,0,0,0,0,0,0,150,5,1600,400,800,20,2,1,248,200,0,1,7,0,4,6
317,65536,20,1000,5484,1,1,1,1,20,2556,1,0,0,0,0,0,1,0,1,0,0,0,0,0,0,0,0,0,0,0,0,0,0,0,0,0,0,0,0,0,0,0,0,0,0,0,0,0,0,0,0,0,0,0,0,0,0,0,0,0,0,0,0,0,0,0,0,0,0,0,0,0,0,0,150,5,1600,400,800,20,2,1,248,200,0,1,7,0,4,6
318,65536,20,1000,5484,1,1,1,1,20,2556,1,0,0,0,0,0,1,0,1,0,0,0,0,0,0,0,0,0,0,0,0,0,0,0,0,0,0,0,0,0,0,0,0,0,0,0,0,0,0,0,0,0,0,0,0,0,0,0,0,0,0,0,0,0,0,0,0,0,0,0,0,0,0,0,150,5,1600,400,800,20,2,1,248,200,0,1,7,0,4,6
319,65536,20,1000,5484,1,1,1,1,20,2556,1,0,0,0,0,0,1,0,1,0,0,0,0,0,0,0,0,0,0,0,0,0,0,0,0,0,0,0,0,0,0,0,0,0,0,0,0,0,0,0,0,0,0,0,0,0,0,0,0,0,0,0,0,0,0,0,0,0,0,0,0,0,0,0,150,5,1600,400,800,20,2,1,248,200,0,1,7,0,4,6
320,65536,20,1000,5484,1,1,1,1,20,2556,1,0,0,0,0,0,1,0,1,0,0,0,0,0,0,0,0,0,0,0,0,0,0,0,0,0,0,0,0,0,0,0,0,0,0,0,0,0,0,0,0,0,0,0,0,0,0,0,0,0,0,0,0,0,0,0,0,0,0,0,0,0,0,0,150,5,1600,400,800,20,2,1,248,200,0,1,7,0,4,6
321,65536,20,1000,5484,1,1,1,1,20,2556,1,0,0,0,0,0,1,0,1,0,0,0,0,0,0,0,0,0,0,0,0,0,0,0,0,0,0,0,0,0,0,0,0,0,0,0,0,0,0,0,0,0,0,0,0,0,0,0,0,0,0,0,0,0,0,0,0,0,0,0,0,0,0,0,150,5,1600,400,800,20,2,1,248,200,0,1,7,0,4,6
322,65536,20,1000,5484,1,1,1,1,20,2556,1,0,0,0,0,0,1,0,1,0,0,0,0,0,0,0,0,0,0,0,0,0,0,0,0,0,0,0,0,0,0,0,0,0,0,0,0,0,0,0,0,0,0,0,0,0,0,0,0,0,0,0,0,0,0,0,0,0,0,0,0,0,0,0,150,5,1600,400,800,20,2,1,248,200,0,1,7,0,4,6
323,65536,20,1000,5484,1,1,1,1,20,2556,1,0,0,0,0,0,1,0,1,0,0,0,0,0,0,0,0,0,0,0,0,0,0,0,0,0,0,0,0,0,0,0,0,0,0,0,0,0,0,0,0,0,0,0,0,0,0,0,0,0,0,0,0,0,0,0,0,0,0,0,0,0,0,0,150,5,1600,400,800,20,2,1,248,200,0,1,7,0,4,6
324,65536,20,1000,5484,1,1,1,1,20,2556,1,0,0,0,0,0,1,0,1,0,0,0,0,0,0,0,0,0,0,0,0,0,0,0,0,0,0,0,0,0,0,0,0,0,0,0,0,0,0,0,0,0,0,0,0,0,0,0,0,0,0,0,0,0,0,0,0,0,0,0,0,0,0,0,150,5,1600,400,800,20,2,1,248,200,0,1,7,0,4,6
325,65536,20,1000,5484,1,1,1,1,20,2556,1,0,0,0,0,0,1,0,1,0,0,0,0,0,0,0,0,0,0,0,0,0,0,0,0,0,0,0,0,0,0,0,0,0,0,0,0,0,0,0,0,0,0,0,0,0,0,0,0,0,0,0,0,0,0,0,0,0,0,0,0,0,0,0,150,5,1600,400,800,20,2,1,248,200,0,1,7,0,4,6
326,65536,20,1000,5484,1,1,1,1,20,2556,1,0,0,0,0,0,1,0,1,0,0,0,0,0,0,0,0,0,0,0,0,0,0,0,0,0,0,0,0,0,0,0,0,0,0,0,0,0,0,0,0,0,0,0,0,0,0,0,0,0,0,0,0,0,0,0,0,0,0,0,0,0,0,0,150,5,1600,400,800,20,2,1,248,200,0,1,7,0,4,6
327,65536,20,1000,5484,1,1,1,1,20,2556,1,0,0,0,0,0,1,0,1,0,0,0,0,0,0,0,0,0,0,0,0,0,0,0,0,0,0,0,0,0,0,0,0,0,0,0,0,0,0,0,0,0,0,0,0,0,0,0,0,0,0,0,0,0,0,0,0,0,0,0,0,0,0,0,150,5,1600,400,800,20,2,1,248,200,0,1,7,0,4,6
328,65536,20,1000,5484,1,1,1,1,20,2556,1,0,0,0,0,0,1,0,1,0,0,0,0,0,0,0,0,0,0,0,0,0,0,0,0,0,0,0,0,0,0,0,0,0,0,0,0,0,0,0,0,0,0,0,0,0,0,0,0,0,0,0,0,0,0,0,0,0,0,0,0,0,0,0,150,5,1600,400,800,20,2,1,248,200,0,1,7,0,4,6
329,65536,20,1000,5484,1,1,1,1,20,2556,1,0,0,0,0,0,1,0,1,0,0,0,0,0,0,0,0,0,0,0,0,0,0,0,0,0,0,0,0,0,0,0,0,0,0,0,0,0,0,0,0,0,0,0,0,0,0,0,0,0,0,0,0,0,0,0,0,0,0,0,0,0,0,0,150,5,1600,400,800,20,2,1,248,200,0,1,7,0,4,6
330,65536,20,1000,5484,1,1,1,1,20,2556,1,0,0,0,0,0,1,0,1,0,0,0,0,0,0,0,0,0,0,0,0,0,0,0,0,0,0,0,0,0,0,0,0,0,0,0,0,0,0,0,0,0,0,0,0,0,0,0,0,0,0,0,0,0,0,0,0,0,0,0,0,0,0,0,150,5,1600,400,800,20,2,1,248,200,0,1,7,0,4,6
331,65536,20,1000,5484,1,1,1,1,20,2556,1,0,0,0,0,0,1,0,1,0,0,0,0,0,0,0,0,0,0,0,0,0,0,0,0,0,0,0,0,0,0,0,0,0,0,0,0,0,0,0,0,0,0,0,0,0,0,0,0,0,0,0,0,0,0,0,0,0,0,0,0,0,0,0,150,5,1600,400,800,20,2,1,248,200,0,1,7,0,4,6
332,65536,20,1000,5484,1,1,1,1,20,2556,1,0,0,0,0,0,1,0,1,0,0,0,0,0,0,0,0,0,0,0,0,0,0,0,0,0,0,0,0,0,0,0,0,0,0,0,0,0,0,0,0,0,0,0,0,0,0,0,0,0,0,0,0,0,0,0,0,0,0,0,0,0,0,0,150,5,1600,400,800,20,2,1,248,200,0,1,7,0,4,6
333,65536,20,1000,5484,1,1,1,1,20,2556,1,0,0,0,0,0,1,0,1,0,0,0,0,0,0,0,0,0,0,0,0,0,0,0,0,0,0,0,0,0,0,0,0,0,0,0,0,0,0,0,0,0,0,0,0,0,0,0,0,0,0,0,0,0,0,0,0,0,0,0,0,0,0,0,150,5,1600,400,800,20,2,1,248,200,0,1,7,0,4,6
334,65536,20,1000,5484,1,1,1,1,20,2556,1,0,0,0,0,0,1,0,1,0,0,0,0,0,0,0,0,0,0,0,0,0,0,0,0,0,0,0,0,0,0,0,0,0,0,0,0,0,0,0,0,0,0,0,0,0,0,0,0,0,0,0,0,0,0,0,0,0,0,0,0,0,0,0,150,5,1600,400,800,20,2,1,248,200,0,1,7,0,4,6
335,65536,20,1000,5484,1,1,1,1,20,2556,1,0,0,0,0,0,1,0,1,0,0,0,0,0,0,0,0,0,0,0,0,0,0,0,0,0,0,0,0,0,0,0,0,0,0,0,0,0,0,0,0,0,0,0,0,0,0,0,0,0,0,0,0,0,0,0,0,0,0,0,0,0,0,0,150,5,1600,400,800,20,2,1,248,200,0,1,7,0,4,6
336,65536,20,1000,5484,1,1,1,1,20,2556,1,0,0,0,0,0,1,0,1,0,0,0,0,0,0,0,0,0,0,0,0,0,0,0,0,0,0,0,0,0,0,0,0,0,0,0,0,0,0,0,0,0,0,0,0,0,0,0,0,0,0,0,0,0,0,0,0,0,0,0,0,0,0,0,150,5,1600,400,800,20,2,1,248,200,0,1,7,0,4,6
337,65536,20,1000,5484,1,1,1,1,20,2556,1,0,0,0,0,0,1,0,1,0,0,0,0,0,0,0,0,0,0,0,0,0,0,0,0,0,0,0,0,0,0,0,0,0,0,0,0,0,0,0,0,0,0,0,0,0,0,0,0,0,0,0,0,0,0,0,0,0,0,0,0,0,0,0,150,5,1600,400,800,20,2,1,248,200,0,1,7,0,4,6
338,65536,20,1000,5484,1,1,1,1,20,2556,1,0,0,0,0,0,1,0,1,0,0,0,0,0,0,0,0,0,0,0,0,0,0,0,0,0,0,0,0,0,0,0,0,0,0,0,0,0,0,0,0,0,0,0,0,0,0,0,0,0,0,0,0,0,0,0,0,0,0,0,0,0,0,0,150,5,1600,400,800,20,2,1,248,200,0,1,7,0,4,6
339,65536,20,1000,5484,1,1,1,1,20,2556,1,0,0,0,0,0,1,0,1,0,0,0,0,0,0,0,0,0,0,0,0,0,0,0,0,0,0,0,0,0,0,0,0,0,0,0,0,0,0,0,0,0,0,0,0,0,0,0,0,0,0,0,0,0,0,0,0,0,0,0,0,0,0,0,150,5,1600,400,800,20,2,1,248,200,0,1,7,0,4,6
340,65536,20,1000,5484,1,1,1,1,20,2556,1,0,0,0,0,0,1,0,1,0,0,0,0,0,0,0,0,0,0,0,0,0,0,0,0,0,0,0,0,0,0,0,0,0,0,0,0,0,0,0,0,0,0,0,0,0,0,0,0,0,0,0,0,0,0,0,0,0,0,0,0,0,0,0,150,5,1600,400,800,20,2,1,248,200,0,1,7,0,4,6
341,65536,20,1000,5484,1,1,1,1,20,2556,1,0,0,0,0,0,1,0,1,0,0,0,0,0,0,0,0,0,0,0,0,0,0,0,0,0,0,0,0,0,0,0,0,0,0,0,0,0,0,0,0,0,0,0,0,0,0,0,0,0,0,0,0,0,0,0,0,0,0,0,0,0,0,0,150,5,1600,400,800,20,2,1,248,200,0,1,7,0,4,6
342,65536,20,1000,5484,1,1,1,1,20,2556,1,0,0,0,0,0,1,0,1,0,0,0,0,0,0,0,0,0,0,0,0,0,0,0,0,0,0,0,0,0,0,0,0,0,0,0,0,0,0,0,0,0,0,0,0,0,0,0,0,0,0,0,0,0,0,0,0,0,0,0,0,0,0,0,150,5,1600,400,800,20,2,1,248,200,0,1,7,0,4,6
343,65536,20,1000,5484,1,1,1,1,20,2556,1,0,0,0,0,0,1,0,1,0,0,0,0,0,0,0,0,0,0,0,0,0,0,0,0,0,0,0,0,0,0,0,0,0,0,0,0,0,0,0,0,0,0,0,0,0,0,0,0,0,0,0,0,0,0,0,0,0,0,0,0,0,0,0,150,5,1600,400,800,20,2,1,248,200,0,1,7,0,4,6
344,65536,20,1000,5484,1,1,1,1,20,2556,1,0,0,0,0,0,1,0,1,0,0,0,0,0,0,0,0,0,0,0,0,0,0,0,0,0,0,0,0,0,0,0,0,0,0,0,0,0,0,0,0,0,0,0,0,0,0,0,0,0,0,0,0,0,0,0,0,0,0,0,0,0,0,0,150,5,1600,400,800,20,2,1,248,200,0,1,7,0,4,6
345,65536,20,1000,5484,1,1,1,1,20,2556,1,0,0,0,0,0,1,0,1,0,0,0,0,0,0,0,0,0,0,0,0,0,0,0,0,0,0,0,0,0,0,0,0,0,0,0,0,0,0,0,0,0,0,0,0,0,0,0,0,0,0,0,0,0,0,0,0,0,0,0,0,0,0,0,150,5,1600,400,800,20,2,1,248,200,0,1,7,0,4,6
346,65536,20,1000,5484,1,1,1,1,20,2556,1,0,0,0,0,0,1,0,1,0,0,0,0,0,0,0,0,0,0,0,0,0,0,0,0,0,0,0,0,0,0,0,0,0,0,0,0,0,0,0,0,0,0,0,0,0,0,0,0,0,0,0,0,0,0,0,0,0,0,0,0,0,0,0,150,5,1600,400,800,20,2,1,248,200,0,1,7,0,4,6
347,65536,20,1000,5484,1,1,1,1,20,2556,1,0,0,0,0,0,1,0,1,0,0,0,0,0,0,0,0,0,0,0,0,0,0,0,0,0,0,0,0,0,0,0,0,0,0,0,0,0,0,0,0,0,0,0,0,0,0,0,0,0,0,0,0,0,0,0,0,0,0,0,0,0,0,0,150,5,1600,400,800,20,2,1,248,200,0,1,7,0,4,6
348,65536,20,1000,5484,1,1,1,1,20,2556,1,0,0,0,0,0,1,0,1,0,0,0,0,0,0,0,0,0,0,0,0,0,0,0,0,0,0,0,0,0,0,0,0,0,0,0,0,0,0,0,0,0,0,0,0,0,0,0,0,0,0,0,0,0,0,0,0,0,0,0,0,0,0,0,150,5,1600,400,800,20,2,1,248,200,0,1,7,0,4,6
349,65536,20,1000,5484,1,1,1,1,20,2556,1,0,0,0,0,0,1,0,1,0,0,0,0,0,0,0,0,0,0,0,0,0,0,0,0,0,0,0,0,0,0,0,0,0,0,0,0,0,0,0,0,0,0,0,0,0,0,0,0,0,0,0,0,0,0,0,0,0,0,0,0,0,0,0,150,5,1600,400,800,20,2,1,248,200,0,1,7,0,4,6
350,65536,20,1000,5484,1,1,1,1,20,2556,1,0,0,0,0,0,1,0,1,0,0,0,0,0,0,0,0,0,0,0,0,0,0,0,0,0,0,0,0,0,0,0,0,0,0,0,0,0,0,0,0,0,0,0,0,0,0,0,0,0,0,0,0,0,0,0,0,0,0,0,0,0,0,0,150,5,1600,400,800,20,2,1,248,200,0,1,7,0,4,6
351,65536,20,1000,5484,1,1,1,1,20,2556,1,0,0,0,0,0,1,0,1,0,0,0,0,0,0,0,0,0,0,0,0,0,0,0,0,0,0,0,0,0,0,0,0,0,0,0,0,0,0,0,0,0,0,0,0,0,0,0,0,0,0,0,0,0,0,0,0,0,0,0,0,0,0,0,150,5,1600,400,800,20,2,1,248,200,0,1,7,0,4,6
352,65536,20,1000,5484,1,1,1,1,20,2556,1,0,0,0,0,0,1,0,1,0,0,0,0,0,0,0,0,0,0,0,0,0,0,0,0,0,0,0,0,0,0,0,0,0,0,0,0,0,0,0,0,0,0,0,0,0,0,0,0,0,0,0,0,0,0,0,0,0,0,0,0,0,0,0,150,5,1600,400,800,20,2,1,248,200,0,1,7,0,4,6
353,65536,20,1000,5484,1,1,1,1,20,2556,1,0,0,0,0,0,1,0,1,0,0,0,0,0,0,0,0,0,0,0,0,0,0,0,0,0,0,0,0,0,0,0,0,0,0,0,0,0,0,0,0,0,0,0,0,0,0,0,0,0,0,0,0,0,0,0,0,0,0,0,0,0,0,0,150,5,1600,400,800,20,2,1,248,200,0,1,7,0,4,6
354,65536,20,1000,5484,1,1,1,1,20,2556,1,0,0,0,0,0,1,0,1,0,0,0,0,0,0,0,0,0,0,0,0,0,0,0,0,0,0,0,0,0,0,0,0,0,0,0,0,0,0,0,0,0,0,0,0,0,0,0,0,0,0,0,0,0,0,0,0,0,0,0,0,0,0,0,150,5,1600,400,800,20,2,1,248,200,0,1,7,0,4,6
355,65536,20,1000,5484,1,1,1,1,20,2556,1,0,0,0,0,0,1,0,1,0,0,0,0,0,0,0,0,0,0,0,0,0,0,0,0,0,0,0,0,0,0,0,0,0,0,0,0,0,0,0,0,0,0,0,0,0,0,0,0,0,0,0,0,0,0,0,0,0,0,0,0,0,0,0,150,5,1600,400,800,20,2,1,248,200,0,1,7,0,4,6
356,65536,20,1000,5484,1,1,1,1,20,2556,1,0,0,0,0,0,1,0,1,0,0,0,0,0,0,0,0,0,0,0,0,0,0,0,0,0,0,0,0,0,0,0,0,0,0,0,0,0,0,0,0,0,0,0,0,0,0,0,0,0,0,0,0,0,0,0,0,0,0,0,0,0,0,0,150,5,1600,400,800,20,2,1,248,200,0,1,7,0,4,6
357,65536,20,1000,5484,1,1,1,1,20,2556,1,0,0,0,0,0,1,0,1,0,0,0,0,0,0,0,0,0,0,0,0,0,0,0,0,0,0,0,0,0,0,0,0,0,0,0,0,0,0,0,0,0,0,0,0,0,0,0,0,0,0,0,0,0,0,0,0,0,0,0,0,0,0,0,150,5,1600,400,800,20,2,1,248,200,0,1,7,0,4,6
358,65536,20,1000,5484,1,1,1,1,20,2556,1,0,0,0,0,0,1,0,1,0,0,0,0,0,0,0,0,0,0,0,0,0,0,0,0,0,0,0,0,0,0,0,0,0,0,0,0,0,0,0,0,0,0,0,0,0,0,0,0,0,0,0,0,0,0,0,0,0,0,0,0,0,0,0,150,5,1600,400,800,20,2,1,248,200,0,1,7,0,4,6
359,65536,20,1000,5484,1,1,1,1,20,2556,1,0,0,0,0,0,1,0,1,0,0,0,0,0,0,0,0,0,0,0,0,0,0,0,0,0,0,0,0,0,0,0,0,0,0,0,0,0,0,0,0,0,0,0,0,0,0,0,0,0,0,0,0,0,0,0,0,0,0,0,0,0,0,0,150,5,1600,400,800,20,2,1,248,200,0,1,7,0,4,6
360,65536,20,1000,5484,1,1,1,1,20,2556,1,0,0,0,0,0,1,0,1,0,0,0,0,0,0,0,0,0,0,0,0,0,0,0,0,0,0,0,0,0,0,0,0,0,0,0,0,0,0,0,0,0,0,0,0,0,0,0,0,0,0,0,0,0,0,0,0,0,0,0,0,0,0,0,150,5,1600,400,800,20,2,1,248,200,0,1,7,0,4,6
361,65536,20,1000,5484,1,1,1,1,20,2556,1,0,0,0,0,0,1,0,1,0,0,0,0,0,0,0,0,0,0,0,0,0,0,0,0,0,0,0,0,0,0,0,0,0,0,0,0,0,0,0,0,0,0,0,0,0,0,0,0,0,0,0,0,0,0,0,0,0,0,0,0,0,0,0,150,5,1600,400,800,20,2,1,248,200,0,1,7,0,4,6
362,65536,20,1000,5484,1,1,1,1,20,2556,1,0,0,0,0,0,1,0,1,0,0,0,0,0,0,0,0,0,0,0,0,0,0,0,0,0,0,0,0,0,0,0,0,0,0,0,0,0,0,0,0,0,0,0,0,0,0,0,0,0,0,0,0,0,0,0,0,0,0,0,0,0,0,0,150,5,1600,400,800,20,2,1,248,200,0,1,7,0,4,6
363,65536,20,1000,5484,1,1,1,1,20,2556,1,0,0,0,0,0,1,0,1,0,0,0,0,0,0,0,0,0,0,0,0,0,0,0,0,0,0,0,0,0,0,0,0,0,0,0,0,0,0,0,0,0,0,0,0,0,0,0,0,0,0,0,0,0,0,0,0,0,0,0,0,0,0,0,150,5,1600,400,800,20,2,1,248,200,0,1,7,0,4,6
364,65536,20,1000,5484,1,1,1,1,20,2556,1,0,0,0,0,0,1,0,1,0,0,0,0,0,0,0,0,0,0,0,0,0,0,0,0,0,0,0,0,0,0,0,0,0,0,0,0,0,0,0,0,0,0,0,0,0,0,0,0,0,0,0,0,0,0,0,0,0,0,0,0,0,0,0,150,5,1600,400,800,20,2,1,248,200,0,1,7,0,4,6
365,65536,20,1000,5484,1,1,1,1,20,2556,1,0,0,0,0,0,1,0,1,0,0,0,0,0,0,0,0,0,0,0,0,0,0,0,0,0,0,0,0,0,0,0,0,0,0,0,0,0,0,0,0,0,0,0,0,0,0,0,0,0,0,0,0,0,0,0,0,0,0,0,0,0,0,0,150,5,1600,400,800,20,2,1,248,200,0,1,7,0,4,6
366,65536,20,1000,5484,1,1,1,1,20,2556,1,0,0,0,0,0,1,0,1,0,0,0,0,0,0,0,0,0,0,0,0,0,0,0,0,0,0,0,0,0,0,0,0,0,0,0,0,0,0,0,0,0,0,0,0,0,0,0,0,0,0,0,0,0,0,0,0,0,0,0,0,0,0,0,150,5,1600,400,800,20,2,1,248,200,0,1,7,0,4,6
367,65536,20,1000,5484,1,1,1,1,20,2556,1,0,0,0,0,0,1,0,1,0,0,0,0,0,0,0,0,0,0,0,0,0,0,0,0,0,0,0,0,0,0,0,0,0,0,0,0,0,0,0,0,0,0,0,0,0,0,0,0,0,0,0,0,0,0,0,0,0,0,0,0,0,0,0,150,5,1600,400,800,20,2,1,248,200,0,1,7,0,4,6
368,65536,20,1000,5484,1,1,1,1,20,2556,1,0,0,0,0,0,1,0,1,0,0,0,0,0,0,0,0,0,0,0,0,0,0,0,0,0,0,0,0,0,0,0,0,0,0,0,0,0,0,0,0,0,0,0,0,0,0,0,0,0,0,0,0,0,0,0,0,0,0,0,0,0,0,0,150,5,1600,400,800,20,2,1,248,200,0,1,7,0,4,6
369,65536,20,1000,5484,1,1,1,1,20,2556,1,0,0,0,0,0,1,0,1,0,0,0,0,0,0,0,0,0,0,0,0,0,0,0,0,0,0,0,0,0,0,0,0,0,0,0,0,0,0,0,0,0,0,0,0,0,0,0,0,0,0,0,0,0,0,0,0,0,0,0,0,0,0,0,150,5,1600,400,800,20,2,1,248,200,0,1,7,0,4,6
370,65536,20,1000,5484,1,1,1,1,20,2556,1,0,0,0,0,0,1,0,1,0,0,0,0,0,0,0,0,0,0,0,0,0,0,0,0,0,0,0,0,0,0,0,0,0,0,0,0,0,0,0,0,0,0,0,0,0,0,0,0,0,0,0,0,0,0,0,0,0,0,0,0,0,0,0,150,5,1600,400,800,20,2,1,248,200,0,1,7,0,4,6
371,65536,20,1000,5484,1,1,1,1,20,2556,1,0,0,0,0,0,1,0,1,0,0,0,0,0,0,0,0,0,0,0,0,0,0,0,0,0,0,0,0,0,0,0,0,0,0,0,0,0,0,0,0,0,0,0,0,0,0,0,0,0,0,0,0,0,0,0,0,0,0,0,0,0,0,0,150,5,1600,400,800,20,2,1,248,200,0,1,7,0,4,6
372,65536,20,1000,5484,1,1,1,1,20,2556,1,0,0,0,0,0,1,0,1,0,0,0,0,0,0,0,0,0,0,0,0,0,0,0,0,0,0,0,0,0,0,0,0,0,0,0,0,0,0,0,0,0,0,0,0,0,0,0,0,0,0,0,0,0,0,0,0,0,0,0,0,0,0,0,150,5,1600,400,800,20,2,1,248,200,0,1,7,0,4,6
373,65536,20,1000,5484,1,1,1,1,20,2556,1,0,0,0,0,0,1,0,1,0,0,0,0,0,0,0,0,0,0,0,0,0,0,0,0,0,0,0,0,0,0,0,0,0,0,0,0,0,0,0,0,0,0,0,0,0,0,0,0,0,0,0,0,0,0,0,0,0,0,0,0,0,0,0,150,5,1600,400,800,20,2,1,248,200,0,1,7,0,4,6
374,65536,20,1000,5484,1,1,1,1,20,2556,1,0,0,0,0,0,1,0,1,0,0,0,0,0,0,0,0,0,0,0,0,0,0,0,0,0,0,0,0,0,0,0,0,0,0,0,0,0,0,0,0,0,0,0,0,0,0,0,0,0,0,0,0,0,0,0,0,0,0,0,0,0,0,0,150,5,1600,400,800,20,2,1,248,200,0,1,7,0,4,6
375,65536,20,1000,5484,1,1,1,1,20,2556,1,0,0,0,0,0,1,0,1,0,0,0,0,0,0,0,0,0,0,0,0,0,0,0,0,0,0,0,0,0,0,0,0,0,0,0,0,0,0,0,0,0,0,0,0,0,0,0,0,0,0,0,0,0,0,0,0,0,0,0,0,0,0,0,150,5,1600,400,800,20,2,1,248,200,0,1,7,0,4,6
376,65536,20,1000,5484,1,1,1,1,20,2556,1,0,0,0,0,0,1,0,1,0,0,0,0,0,0,0,0,0,0,0,0,0,0,0,0,0,0,0,0,0,0,0,0,0,0,0,0,0,0,0,0,0,0,0,0,0,0,0,0,0,0,0,0,0,0,0,0,0,0,0,0,0,0,0,150,5,1600,400,800,20,2,1,248,200,0,1,7,0,4,6
377,65536,20,1000,5484,1,1,1,1,20,2556,1,0,0,0,0,0,1,0,1,0,0,0,0,0,0,0,0,0,0,0,0,0,0,0,0,0,0,0,0,0,0,0,0,0,0,0,0,0,0,0,0,0,0,0,0,0,0,0,0,0,0,0,0,0,0,0,0,0,0,0,0,0,0,0,150,5,1600,400,800,20,2,1,248,200,0,1,7,0,4,6
378,65536,20,1000,5484,1,1,1,1,20,2556,1,0,0,0,0,0,1,0,1,0,0,0,0,0,0,0,0,0,0,0,0,0,0,0,0,0,0,0,0,0,0,0,0,0,0,0,0,0,0,0,0,0,0,0,0,0,0,0,0,0,0,0,0,0,0,0,0,0,0,0,0,0,0,0,150,5,1600,400,800,20,2,1,248,200,0,1,7,0,4,6
379,65536,20,1000,5484,1,1,1,1,20,2556,1,0,0,0,0,0,1,0,1,0,0,0,0,0,0,0,0,0,0,0,0,0,0,0,0,0,0,0,0,0,0,0,0,0,0,0,0,0,0,0,0,0,0,0,0,0,0,0,0,0,0,0,0,0,0,0,0,0,0,0,0,0,0,0,150,5,1600,400,800,20,2,1,248,200,0,1,7,0,4,6
380,65536,20,1000,5484,1,1,1,1,20,2556,1,0,0,0,0,0,1,0,1,0,0,0,0,0,0,0,0,0,0,0,0,0,0,0,0,0,0,0,0,0,0,0,0,0,0,0,0,0,0,0,0,0,0,0,0,0,0,0,0,0,0,0,0,0,0,0,0,0,0,0,0,0,0,0,150,5,1600,400,800,20,2,1,248,200,0,1,7,0,4,6
381,65536,20,1000,5484,1,1,1,1,20,2556,1,0,0,0,0,0,1,0,1,0,0,0,0,0,0,0,0,0,0,0,0,0,0,0,0,0,0,0,0,0,0,0,0,0,0,0,0,0,0,0,0,0,0,0,0,0,0,0,0,0,0,0,0,0,0,0,0,0,0,0,0,0,0,0,150,5,1600,400,800,20,2,1,248,200,0,1,7,0,4,6
382,65536,20,1000,5484,1,1,1,1,20,2556,1,0,0,0,0,0,1,0,1,0,0,0,0,0,0,0,0,0,0,0,0,0,0,0,0,0,0,0,0,0,0,0,0,0,0,0,0,0,0,0,0,0,0,0,0,0,0,0,0,0,0,0,0,0,0,0,0,0,0,0,0,0,0,0,150,5,1600,400,800,20,2,1,248,200,0,1,7,0,4,6
383,65536,20,1000,5484,1,1,1,1,20,2556,1,0,0,0,0,0,1,0,1,0,0,0,0,0,0,0,0,0,0,0,0,0,0,0,0,0,0,0,0,0,0,0,0,0,0,0,0,0,0,0,0,0,0,0,0,0,0,0,0,0,0,0,0,0,0,0,0,0,0,0,0,0,0,0,150,5,1600,400,800,20,2,1,248,200,0,1,7,0,4,6
384,65536,20,1000,5484,1,1,1,1,20,2556,1,0,0,0,0,0,1,0,1,0,0,0,0,0,0,0,0,0,0,0,0,0,0,0,0,0,0,0,0,0,0,0,0,0,0,0,0,0,0,0,0,0,0,0,0,0,0,0,0,0,0,0,0,0,0,0,0,0,0,0,0,0,0,0,150,5,1600,400,800,20,2,1,248,200,0,1,7,0,4,6
385,65536,20,1000,5484,1,1,1,1,20,2556,1,0,0,0,0,0,1,0,1,0,0,0,0,0,0,0,0,0,0,0,0,0,0,0,0,0,0,0,0,0,0,0,0,0,0,0,0,0,0,0,0,0,0,0,0,0,0,0,0,0,0,0,0,0,0,0,0,0,0,0,0,0,0,0,150,5,1600,400,800,20,2,1,248,200,0,1,7,0,4,6
386,65536,20,1000,5484,1,1,1,1,20,2556,1,0,0,0,0,0,1,0,1,0,0,0,0,0,0,0,0,0,0,0,0,0,0,0,0,0,0,0,0,0,0,0,0,0,0,0,0,0,0,0,0,0,0,0,0,0,0,0,0,0,0,0,0,0,0,0,0,0,0,0,0,0,0,0,150,5,1600,400,800,20,2,1,248,200,0,1,7,0,4,6
387,65536,20,1000,5484,1,1,1,1,20,2556,1,0,0,0,0,0,1,0,1,0,0,0,0,0,0,0,0,0,0,0,0,0,0,0,0,0,0,0,0,0,0,0,0,0,0,0,0,0,0,0,0,0,0,0,0,0,0,0,0,0,0,0,0,0,0,0,0,0,0,0,0,0,0,0,150,5,1600,400,800,20,2,1,248,200,0,1,7,0,4,6
388,65536,20,1000,5484,1,1,1,1,20,2556,1,0,0,0,0,0,1,0,1,0,0,0,0,0,0,0,0,0,0,0,0,0,0,0,0,0,0,0,0,0,0,0,0,0,0,0,0,0,0,0,0,0,0,0,0,0,0,0,0,0,0,0,0,0,0,0,0,0,0,0,0,0,0,0,150,5,1600,400,800,20,2,1,248,200,0,1,7,0,4,6
389,65536,20,1000,5484,1,1,1,1,20,2556,1,0,0,0,0,0,1,0,1,0,0,0,0,0,0,0,0,0,0,0,0,0,0,0,0,0,0,0,0,0,0,0,0,0,0,0,0,0,0,0,0,0,0,0,0,0,0,0,0,0,0,0,0,0,0,0,0,0,0,0,0,0,0,0,150,5,1600,400,800,20,2,1,248,200,0,1,7,0,4,6
390,65536,20,1000,5484,1,1,1,1,20,2556,1,0,0,0,0,0,1,0,1,0,0,0,0,0,0,0,0,0,0,0,0,0,0,0,0,0,0,0,0,0,0,0,0,0,0,0,0,0,0,0,0,0,0,0,0,0,0,0,0,0,0,0,0,0,0,0,0,0,0,0,0,0,0,0,150,5,1600,400,800,20,2,1,248,200,0,1,7,0,4,6
391,65536,20,1000,5484,1,1,1,1,20,2556,1,0,0,0,0,0,1,0,1,0,0,0,0,0,0,0,0,0,0,0,0,0,0,0,0,0,0,0,0,0,0,0,0,0,0,0,0,0,0,0,0,0,0,0,0,0,0,0,0,0,0,0,0,0,0,0,0,0,0,0,0,0,0,0,150,5,1600,400,800,20,2,1,248,200,0,1,7,0,4,6
392,65536,20,1000,5484,1,1,1,1,20,2556,1,0,0,0,0,0,1,0,1,0,0,0,0,0,0,0,0,0,0,0,0,0,0,0,0,0,0,0,0,0,0,0,0,0,0,0,0,0,0,0,0,0,0,0,0,0,0,0,0,0,0,0,0,0,0,0,0,0,0,0,0,0,0,0,150,5,1600,400,800,20,2,1,248,200,0,1,7,0,4,6
393,65536,20,1000,5484,1,1,1,1,20,2556,1,0,0,0,0,0,1,0,1,0,0,0,0,0,0,0,0,0,0,0,0,0,0,0,0,0,0,0,0,0,0,0,0,0,0,0,0,0,0,0,0,0,0,0,0,0,0,0,0,0,0,0,0,0,0,0,0,0,0,0,0,0,0,0,150,5,1600,400,800,20,2,1,248,200,0,1,7,0,4,6
394,65536,20,1000,5484,1,1,1,1,20,2556,1,0,0,0,0,0,1,0,1,0,0,0,0,0,0,0,0,0,0,0,0,0,0,0,0,0,0,0,0,0,0,0,0,0,0,0,0,0,0,0,0,0,0,0,0,0,0,0,0,0,0,0,0,0,0,0,0,0,0,0,0,0,0,0,150,5,1600,400,800,20,2,1,248,200,0,1,7,0,4,6
395,65536,20,1000,5484,1,1,1,1,20,2556,1,0,0,0,0,0,1,0,1,0,0,0,0,0,0,0,0,0,0,0,0,0,0,0,0,0,0,0,0,0,0,0,0,0,0,0,0,0,0,0,0,0,0,0,0,0,0,0,0,0,0,0,0,0,0,0,0,0,0,0,0,0,0,0,150,5,1600,400,800,20,2,1,248,200,0,1,7,0,4,6
396,65536,20,1000,5484,1,1,1,1,20,2556,1,0,0,0,0,0,1,0,1,0,0,0,0,0,0,0,0,0,0,0,0,0,0,0,0,0,0,0,0,0,0,0,0,0,0,0,0,0,0,0,0,0,0,0,0,0,0,0,0,0,0,0,0,0,0,0,0,0,0,0,0,0,0,0,150,5,1600,400,800,20,2,1,248,200,0,1,7,0,4,6
397,65536,20,1000,5484,1,1,1,1,20,2556,1,0,0,0,0,0,1,0,1,0,0,0,0,0,0,0,0,0,0,0,0,0,0,0,0,0,0,0,0,0,0,0,0,0,0,0,0,0,0,0,0,0,0,0,0,0,0,0,0,0,0,0,0,0,0,0,0,0,0,0,0,0,0,0,150,5,1600,400,800,20,2,1,248,200,0,1,7,0,4,6
398,65536,20,1000,5484,1,1,1,1,20,2556,1,0,0,0,0,0,1,0,1,0,0,0,0,0,0,0,0,0,0,0,0,0,0,0,0,0,0,0,0,0,0,0,0,0,0,0,0,0,0,0,0,0,0,0,0,0,0,0,0,0,0,0,0,0,0,0,0,0,0,0,0,0,0,0,150,5,1600,400,800,20,2,1,248,200,0,1,7,0,4,6
399,65536,20,1000,5484,1,1,1,1,20,2556,1,0,0,0,0,0,1,0,1,0,0,0,0,0,0,0,0,0,0,0,0,0,0,0,0,0,0,0,0,0,0,0,0,0,0,0,0,0,0,0,0,0,0,0,0,0,0,0,0,0,0,0,0,0,0,0,0,0,0,0,0,0,0,0,150,5,1600,400,800,20,2,1,248,200,0,1,7,0,4,6
400,65536,20,1000,5484,1,1,1,1,20,2556,1,0,0,0,0,0,1,0,1,0,0,0,0,0,0,0,0,0,0,0,0,0,0,0,0,0,0,0,0,0,0,0,0,0,0,0,0,0,0,0,0,0,0,0,0,0,0,0,0,0,0,0,0,0,0,0,0,0,0,0,0,0,0,0,150,5,1600,400,800,20,2,1,248,200,0,1,7,0,4,6
401,65536,20,1000,5484,1,1,1,1,20,2556,1,0,0,0,0,0,1,0,1,0,0,0,0,0,0,0,0,0,0,0,0,0,0,0,0,0,0,0,0,0,0,0,0,0,0,0,0,0,0,0,0,0,0,0,0,0,0,0,0,0,0,0,0,0,0,0,0,0,0,0,0,0,0,0,150,5,1600,400,800,20,2,1,248,200,0,1,7,0,4,6
402,65536,20,1000,5484,1,1,1,1,20,2556,1,0,0,0,0,0,1,0,1,0,0,0,0,0,0,0,0,0,0,0,0,0,0,0,0,0,0,0,0,0,0,0,0,0,0,0,0,0,0,0,0,0,0,0,0,0,0,0,0,0,0,0,0,0,0,0,0,0,0,0,0,0,0,0,150,5,1600,400,800,20,2,1,248,200,0,1,7,0,4,6
403,65536,20,1000,5484,1,1,1,1,20,2556,1,0,0,0,0,0,1,0,1,0,0,0,0,0,0,0,0,0,0,0,0,0,0,0,0,0,0,0,0,0,0,0,0,0,0,0,0,0,0,0,0,0,0,0,0,0,0,0,0,0,0,0,0,0,0,0,0,0,0,0,0,0,0,0,150,5,1600,400,800,20,2,1,248,200,0,1,7,0,4,6
404,65536,20,1000,5484,1,1,1,1,20,2556,1,0,0,0,0,0,1,0,1,0,0,0,0,0,0,0,0,0,0,0,0,0,0,0,0,0,0,0,0,0,0,0,0,0,0,0,0,0,0,0,0,0,0,0,0,0,0,0,0,0,0,0,0,0,0,0,0,0,0,0,0,0,0,0,150,5,1600,400,800,20,2,1,248,200,0,1,7,0,4,6
405,65536,20,1000,5484,1,1,1,1,20,2556,1,0,0,0,0,0,1,0,1,0,0,0,0,0,0,0,0,0,0,0,0,0,0,0,0,0,0,0,0,0,0,0,0,0,0,0,0,0,0,0,0,0,0,0,0,0,0,0,0,0,0,0,0,0,0,0,0,0,0,0,0,0,0,0,150,5,1600,400,800,20,2,1,248,200,0,1,7,0,4,6
406,65536,20,1000,5484,1,1,1,1,20,2556,1,0,0,0,0,0,1,0,1,0,0,0,0,0,0,0,0,0,0,0,0,0,0,0,0,0,0,0,0,0,0,0,0,0,0,0,0,0,0,0,0,0,0,0,0,0,0,0,0,0,0,0,0,0,0,0,0,0,0,0,0,0,0,0,150,5,1600,400,800,20,2,1,248,200,0,1,7,0,4,6
407,65536,20,1000,5484,1,1,1,1,20,2556,1,0,0,0,0,0,1,0,1,0,0,0,0,0,0,0,0,0,0,0,0,0,0,0,0,0,0,0,0,0,0,0,0,0,0,0,0,0,0,0,0,0,0,0,0,0,0,0,0,0,0,0,0,0,0,0,0,0,0,0,0,0,0,0,150,5,1600,400,800,20,2,1,248,200,0,1,7,0,4,6
408,65536,20,1000,5484,1,1,1,1,20,2556,1,0,0,0,0,0,1,0,1,0,0,0,0,0,0,0,0,0,0,0,0,0,0,0,0,0,0,0,0,0,0,0,0,0,0,0,0,0,0,0,0,0,0,0,0,0,0,0,0,0,0,0,0,0,0,0,0,0,0,0,0,0,0,0,150,5,1600,400,800,20,2,1,248,200,0,1,7,0,4,6
409,65536,20,1000,5484,1,1,1,1,20,2556,1,0,0,0,0,0,1,0,1,0,0,0,0,0,0,0,0,0,0,0,0,0,0,0,0,0,0,0,0,0,0,0,0,0,0,0,0,0,0,0,0,0,0,0,0,0,0,0,0,0,0,0,0,0,0,0,0,0,0,0,0,0,0,0,150,5,1600,400,800,20,2,1,248,200,0,1,7,0,4,6
410,65536,20,1000,5484,1,1,1,1,20,2556,1,0,0,0,0,0,1,0,1,0,0,0,0,0,0,0,0,0,0,0,0,0,0,0,0,0,0,0,0,0,0,0,0,0,0,0,0,0,0,0,0,0,0,0,0,0,0,0,0,0,0,0,0,0,0,0,0,0,0,0,0,0,0,0,150,5,1600,400,800,20,2,1,248,200,0,1,7,0,4,6
411,65536,20,1000,5484,1,1,1,1,20,2556,1,0,0,0,0,0,1,0,1,0,0,0,0,0,0,0,0,0,0,0,0,0,0,0,0,0,0,0,0,0,0,0,0,0,0,0,0,0,0,0,0,0,0,0,0,0,0,0,0,0,0,0,0,0,0,0,0,0,0,0,0,0,0,0,150,5,1600,400,800,20,2,1,248,200,0,1,7,0,4,6
412,65536,20,1000,5484,1,1,1,1,20,2556,1,0,0,0,0,0,1,0,1,0,0,0,0,0,0,0,0,0,0,0,0,0,0,0,0,0,0,0,0,0,0,0,0,0,0,0,0,0,0,0,0,0,0,0,0,0,0,0,0,0,0,0,0,0,0,0,0,0,0,0,0,0,0,0,150,5,1600,400,800,20,2,1,248,200,0,1,7,0,4,6
413,65536,20,1000,5484,1,1,1,1,20,2556,1,0,0,0,0,0,1,0,1,0,0,0,0,0,0,0,0,0,0,0,0,0,0,0,0,0,0,0,0,0,0,0,0,0,0,0,0,0,0,0,0,0,0,0,0,0,0,0,0,0,0,0,0,0,0,0,0,0,0,0,0,0,0,0,150,5,1600,400,800,20,2,1,248,200,0,1,7,0,4,6
414,65536,20,1000,5484,1,1,1,1,20,2556,1,0,0,0,0,0,1,0,1,0,0,0,0,0,0,0,0,0,0,0,0,0,0,0,0,0,0,0,0,0,0,0,0,0,0,0,0,0,0,0,0,0,0,0,0,0,0,0,0,0,0,0,0,0,0,0,0,0,0,0,0,0,0,0,150,5,1600,400,800,20,2,1,248,200,0,1,7,0,4,6
415,65536,20,1000,5484,1,1,1,1,20,2556,1,0,0,0,0,0,1,0,1,0,0,0,0,0,0,0,0,0,0,0,0,0,0,0,0,0,0,0,0,0,0,0,0,0,0,0,0,0,0,0,0,0,0,0,0,0,0,0,0,0,0,0,0,0,0,0,0,0,0,0,0,0,0,0,150,5,1600,400,800,20,2,1,248,200,0,1,7,0,4,6
416,65536,20,1000,5484,1,1,1,1,20,2556,1,0,0,0,0,0,1,0,1,0,0,0,0,0,0,0,0,0,0,0,0,0,0,0,0,0,0,0,0,0,0,0,0,0,0,0,0,0,0,0,0,0,0,0,0,0,0,0,0,0,0,0,0,0,0,0,0,0,0,0,0,0,0,0,150,5,1600,400,800,20,2,1,248,200,0,1,7,0,4,6
417,65536,20,1000,5484,1,1,1,1,20,2556,1,0,0,0,0,0,1,0,1,0,0,0,0,0,0,0,0,0,0,0,0,0,0,0,0,0,0,0,0,0,0,0,0,0,0,0,0,0,0,0,0,0,0,0,0,0,0,0,0,0,0,0,0,0,0,0,0,0,0,0,0,0,0,0,150,5,1600,400,800,20,2,1,248,200,0,1,7,0,4,6
418,65536,20,1000,5484,1,1,1,1,20,2556,1,0,0,0,0,0,1,0,1,0,0,0,0,0,0,0,0,0,0,0,0,0,0,0,0,0,0,0,0,0,0,0,0,0,0,0,0,0,0,0,0,0,0,0,0,0,0,0,0,0,0,0,0,0,0,0,0,0,0,0,0,0,0,0,150,5,1600,400,800,20,2,1,248,200,0,1,7,0,4,6
419,65536,20,1000,5484,1,1,1,1,20,2556,1,0,0,0,0,0,1,0,1,0,0,0,0,0,0,0,0,0,0,0,0,0,0,0,0,0,0,0,0,0,0,0,0,0,0,0,0,0,0,0,0,0,0,0,0,0,0,0,0,0,0,0,0,0,0,0,0,0,0,0,0,0,0,0,150,5,1600,400,800,20,2,1,248,200,0,1,7,0,4,6
420,65536,20,1000,5484,1,1,1,1,20,2556,1,0,0,0,0,0,1,0,1,0,0,0,0,0,0,0,0,0,0,0,0,0,0,0,0,0,0,0,0,0,0,0,0,0,0,0,0,0,0,0,0,0,0,0,0,0,0,0,0,0,0,0,0,0,0,0,0,0,0,0,0,0,0,0,150,5,1600,400,800,20,2,1,248,200,0,1,7,0,4,6
421,65536,20,1000,5484,1,1,1,1,20,2556,1,0,0,0,0,0,1,0,1,0,0,0,0,0,0,0,0,0,0,0,0,0,0,0,0,0,0,0,0,0,0,0,0,0,0,0,0,0,0,0,0,0,0,0,0,0,0,0,0,0,0,0,0,0,0,0,0,0,0,0,0,0,0,0,150,5,1600,400,800,20,2,1,248,200,0,1,7,0,4,6
422,65536,20,1000,5484,1,1,1,1,20,2556,1,0,0,0,0,0,1,0,1,0,0,0,0,0,0,0,0,0,0,0,0,0,0,0,0,0,0,0,0,0,0,0,0,0,0,0,0,0,0,0,0,0,0,0,0,0,0,0,0,0,0,0,0,0,0,0,0,0,0,0,0,0,0,0,150,5,1600,400,800,20,2,1,248,200,0,1,7,0,4,6
423,65536,20,1000,5484,1,1,1,1,20,2556,1,0,0,0,0,0,1,0,1,0,0,0,0,0,0,0,0,0,0,0,0,0,0,0,0,0,0,0,0,0,0,0,0,0,0,0,0,0,0,0,0,0,0,0,0,0,0,0,0,0,0,0,0,0,0,0,0,0,0,0,0,0,0,0,150,5,1600,400,800,20,2,1,248,200,0,1,7,0,4,6
424,65536,20,1000,5484,1,1,1,1,20,2556,1,0,0,0,0,0,1,0,1,0,0,0,0,0,0,0,0,0,0,0,0,0,0,0,0,0,0,0,0,0,0,0,0,0,0,0,0,0,0,0,0,0,0,0,0,0,0,0,0,0,0,0,0,0,0,0,0,0,0,0,0,0,0,0,150,5,1600,400,800,20,2,1,248,200,0,1,7,0,4,6
425,65536,20,1000,5484,1,1,1,1,20,2556,1,0,0,0,0,0,1,0,1,0,0,0,0,0,0,0,0,0,0,0,0,0,0,0,0,0,0,0,0,0,0,0,0,0,0,0,0,0,0,0,0,0,0,0,0,0,0,0,0,0,0,0,0,0,0,0,0,0,0,0,0,0,0,0,150,5,1600,400,800,20,2,1,248,200,0,1,7,0,4,6
426,65536,20,1000,5484,1,1,1,1,20,2556,1,0,0,0,0,0,1,0,1,0,0,0,0,0,0,0,0,0,0,0,0,0,0,0,0,0,0,0,0,0,0,0,0,0,0,0,0,0,0,0,0,0,0,0,0,0,0,0,0,0,0,0,0,0,0,0,0,0,0,0,0,0,0,0,150,5,1600,400,800,20,2,1,248,200,0,1,7,0,4,6
427,65536,20,1000,5484,1,1,1,1,20,2556,1,0,0,0,0,0,1,0,1,0,0,0,0,0,0,0,0,0,0,0,0,0,0,0,0,0,0,0,0,0,0,0,0,0,0,0,0,0,0,0,0,0,0,0,0,0,0,0,0,0,0,0,0,0,0,0,0,0,0,0,0,0,0,0,150,5,1600,400,800,20,2,1,248,200,0,1,7,0,4,6
428,65536,20,1000,5484,1,1,1,1,20,2556,1,0,0,0,0,0,1,0,1,0,0,0,0,0,0,0,0,0,0,0,0,0,0,0,0,0,0,0,0,0,0,0,0,0,0,0,0,0,0,0,0,0,0,0,0,0,0,0,0,0,0,0,0,0,0,0,0,0,0,0,0,0,0,0,150,5,1600,400,800,20,2,1,248,200,0,1,7,0,4,6
429,65536,20,1000,5484,1,1,1,1,20,2556,1,0,0,0,0,0,1,0,1,0,0,0,0,0,0,0,0,0,0,0,0,0,0,0,0,0,0,0,0,0,0,0,0,0,0,0,0,0,0,0,0,0,0,0,0,0,0,0,0,0,0,0,0,0,0,0,0,0,0,0,0,0,0,0,150,5,1600,400,800,20,2,1,248,200,0,1,7,0,4,6
430,65536,20,1000,5484,1,1,1,1,20,2556,1,0,0,0,0,0,1,0,1,0,0,0,0,0,0,0,0,0,0,0,0,0,0,0,0,0,0,0,0,0,0,0,0,0,0,0,0,0,0,0,0,0,0,0,0,0,0,0,0,0,0,0,0,0,0,0,0,0,0,0,0,0,0,0,150,5,1600,400,800,20,2,1,248,200,0,1,7,0,4,6
431,65536,20,1000,5484,1,1,1,1,20,2556,1,0,0,0,0,0,1,0,1,0,0,0,0,0,0,0,0,0,0,0,0,0,0,0,0,0,0,0,0,0,0,0,0,0,0,0,0,0,0,0,0,0,0,0,0,0,0,0,0,0,0,0,0,0,0,0,0,0,0,0,0,0,0,0,150,5,1600,400,800,20,2,1,248,200,0,1,7,0,4,6
432,65536,20,1000,5484,1,1,1,1,20,2556,1,0,0,0,0,0,1,0,1,0,0,0,0,0,0,0,0,0,0,0,0,0,0,0,0,0,0,0,0,0,0,0,0,0,0,0,0,0,0,0,0,0,0,0,0,0,0,0,0,0,0,0,0,0,0,0,0,0,0,0,0,0,0,0,150,5,1600,400,800,20,2,1,248,200,0,1,7,0,4,6
433,65536,20,1000,5484,1,1,1,1,20,2556,1,0,0,0,0,0,1,0,1,0,0,0,0,0,0,0,0,0,0,0,0,0,0,0,0,0,0,0,0,0,0,0,0,0,0,0,0,0,0,0,0,0,0,0,0,0,0,0,0,0,0,0,0,0,0,0,0,0,0,0,0,0,0,0,150,5,1600,400,800,20,2,1,248,200,0,1,7,0,4,6
434,65536,20,1000,5484,1,1,1,1,20,2556,1,0,0,0,0,0,1,0,1,0,0,0,0,0,0,0,0,0,0,0,0,0,0,0,0,0,0,0,0,0,0,0,0,0,0,0,0,0,0,0,0,0,0,0,0,0,0,0,0,0,0,0,0,0,0,0,0,0,0,0,0,0,0,0,150,5,1600,400,800,20,2,1,248,200,0,1,7,0,4,6
435,65536,20,1000,5484,1,1,1,1,20,2556,1,0,0,0,0,0,1,0,1,0,0,0,0,0,0,0,0,0,0,0,0,0,0,0,0,0,0,0,0,0,0,0,0,0,0,0,0,0,0,0,0,0,0,0,0,0,0,0,0,0,0,0,0,0,0,0,0,0,0,0,0,0,0,0,150,5,1600,400,800,20,2,1,248,200,0,1,7,0,4,6
436,65536,20,1000,5484,1,1,1,1,20,2556,1,0,0,0,0,0,1,0,1,0,0,0,0,0,0,0,0,0,0,0,0,0,0,0,0,0,0,0,0,0,0,0,0,0,0,0,0,0,0,0,0,0,0,0,0,0,0,0,0,0,0,0,0,0,0,0,0,0,0,0,0,0,0,0,150,5,1600,400,800,20,2,1,248,200,0,1,7,0,4,6
437,65536,20,1000,5484,1,1,1,1,20,2556,1,0,0,0,0,0,1,0,1,0,0,0,0,0,0,0,0,0,0,0,0,0,0,0,0,0,0,0,0,0,0,0,0,0,0,0,0,0,0,0,0,0,0,0,0,0,0,0,0,0,0,0,0,0,0,0,0,0,0,0,0,0,0,0,150,5,1600,400,800,20,2,1,248,200,0,1,7,0,4,6
438,65536,20,1000,5484,1,1,1,1,20,2556,1,0,0,0,0,0,1,0,1,0,0,0,0,0,0,0,0,0,0,0,0,0,0,0,0,0,0,0,0,0,0,0,0,0,0,0,0,0,0,0,0,0,0,0,0,0,0,0,0,0,0,0,0,0,0,0,0,0,0,0,0,0,0,0,150,5,1600,400,800,20,2,1,248,200,0,1,7,0,4,6
439,65536,20,1000,5484,1,1,1,1,20,2556,1,0,0,0,0,0,1,0,1,0,0,0,0,0,0,0,0,0,0,0,0,0,0,0,0,0,0,0,0,0,0,0,0,0,0,0,0,0,0,0,0,0,0,0,0,0,0,0,0,0,0,0,0,0,0,0,0,0,0,0,0,0,0,0,150,5,1600,400,800,20,2,1,248,200,0,1,7,0,4,6
440,65536,20,1000,5484,1,1,1,1,20,2556,1,0,0,0,0,0,1,0,1,0,0,0,0,0,0,0,0,0,0,0,0,0,0,0,0,0,0,0,0,0,0,0,0,0,0,0,0,0,0,0,0,0,0,0,0,0,0,0,0,0,0,0,0,0,0,0,0,0,0,0,0,0,0,0,150,5,1600,400,800,20,2,1,248,200,0,1,7,0,4,6
441,65536,20,1000,5484,1,1,1,1,20,2556,1,0,0,0,0,0,1,0,1,0,0,0,0,0,0,0,0,0,0,0,0,0,0,0,0,0,0,0,0,0,0,0,0,0,0,0,0,0,0,0,0,0,0,0,0,0,0,0,0,0,0,0,0,0,0,0,0,0,0,0,0,0,0,0,150,5,1600,400,800,20,2,1,248,200,0,1,7,0,4,6
442,65536,20,1000,5484,1,1,1,1,20,2556,1,0,0,0,0,0,1,0,1,0,0,0,0,0,0,0,0,0,0,0,0,0,0,0,0,0,0,0,0,0,0,0,0,0,0,0,0,0,0,0,0,0,0,0,0,0,0,0,0,0,0,0,0,0,0,0,0,0,0,0,0,0,0,0,150,5,1600,400,800,20,2,1,248,200,0,1,7,0,4,6
443,65536,20,1000,5484,1,1,1,1,20,2556,1,0,0,0,0,0,1,0,1,0,0,0,0,0,0,0,0,0,0,0,0,0,0,0,0,0,0,0,0,0,0,0,0,0,0,0,0,0,0,0,0,0,0,0,0,0,0,0,0,0,0,0,0,0,0,0,0,0,0,0,0,0,0,0,150,5,1600,400,800,20,2,1,248,200,0,1,7,0,4,6
444,65536,20,1000,5484,1,1,1,1,20,2556,1,0,0,0,0,0,1,0,1,0,0,0,0,0,0,0,0,0,0,0,0,0,0,0,0,0,0,0,0,0,0,0,0,0,0,0,0,0,0,0,0,0,0,0,0,0,0,0,0,0,0,0,0,0,0,0,0,0,0,0,0,0,0,0,150,5,1600,400,800,20,2,1,248,200,0,1,7,0,4,6
445,65536,20,1000,5484,1,1,1,1,20,2556,1,0,0,0,0,0,1,0,1,0,0,0,0,0,0,0,0,0,0,0,0,0,0,0,0,0,0,0,0,0,0,0,0,0,0,0,0,0,0,0,0,0,0,0,0,0,0,0,0,0,0,0,0,0,0,0,0,0,0,0,0,0,0,0,150,5,1600,400,800,20,2,1,248,200,0,1,7,0,4,6
446,65536,20,1000,5484,1,1,1,1,20,2556,1,0,0,0,0,0,1,0,1,0,0,0,0,0,0,0,0,0,0,0,0,0,0,0,0,0,0,0,0,0,0,0,0,0,0,0,0,0,0,0,0,0,0,0,0,0,0,0,0,0,0,0,0,0,0,0,0,0,0,0,0,0,0,0,150,5,1600,400,800,20,2,1,248,200,0,1,7,0,4,6
447,65536,20,1000,5484,1,1,1,1,20,2556,1,0,0,0,0,0,1,0,1,0,0,0,0,0,0,0,0,0,0,0,0,0,0,0,0,0,0,0,0,0,0,0,0,0,0,0,0,0,0,0,0,0,0,0,0,0,0,0,0,0,0,0,0,0,0,0,0,0,0,0,0,0,0,0,150,5,1600,400,800,20,2,1,248,200,0,1,7,0,4,6
448,65536,20,1000,5484,1,1,1,1,20,2556,1,0,0,0,0,0,1,0,1,0,0,0,0,0,0,0,0,0,0,0,0,0,0,0,0,0,0,0,0,0,0,0,0,0,0,0,0,0,0,0,0,0,0,0,0,0,0,0,0,0,0,0,0,0,0,0,0,0,0,0,0,0,0,0,150,5,1600,400,800,20,2,1,248,200,0,1,7,0,4,6
449,65536,20,1000,5484,1,1,1,1,20,2556,1,0,0,0,0,0,1,0,1,0,0,0,0,0,0,0,0,0,0,0,0,0,0,0,0,0,0,0,0,0,0,0,0,0,0,0,0,0,0,0,0,0,0,0,0,0,0,0,0,0,0,0,0,0,0,0,0,0,0,0,0,0,0,0,150,5,1600,400,800,20,2,1,248,200,0,1,7,0,4,6
450,65536,20,1000,5484,1,1,1,1,20,2556,1,0,0,0,0,0,1,0,1,0,0,0,0,0,0,0,0,0,0,0,0,0,0,0,0,0,0,0,0,0,0,0,0,0,0,0,0,0,0,0,0,0,0,0,0,0,0,0,0,0,0,0,0,0,0,0,0,0,0,0,0,0,0,0,150,5,1600,400,800,20,2,1,248,200,0,1,7,0,4,6
451,65536,20,1000,5484,1,1,1,1,20,2556,1,0,0,0,0,0,1,0,1,0,0,0,0,0,0,0,0,0,0,0,0,0,0,0,0,0,0,0,0,0,0,0,0,0,0,0,0,0,0,0,0,0,0,0,0,0,0,0,0,0,0,0,0,0,0,0,0,0,0,0,0,0,0,0,150,5,1600,400,800,20,2,1,248,200,0,1,7,0,4,6
452,65536,20,1000,5484,1,1,1,1,20,2556,1,0,0,0,0,0,1,0,1,0,0,0,0,0,0,0,0,0,0,0,0,0,0,0,0,0,0,0,0,0,0,0,0,0,0,0,0,0,0,0,0,0,0,0,0,0,0,0,0,0,0,0,0,0,0,0,0,0,0,0,0,0,0,0,150,5,1600,400,800,20,2,1,248,200,0,1,7,0,4,6
453,65536,20,1000,5484,1,1,1,1,20,2556,1,0,0,0,0,0,1,0,1,0,0,0,0,0,0,0,0,0,0,0,0,0,0,0,0,0,0,0,0,0,0,0,0,0,0,0,0,0,0,0,0,0,0,0,0,0,0,0,0,0,0,0,0,0,0,0,0,0,0,0,0,0,0,0,150,5,1600,400,800,20,2,1,248,200,0,1,7,0,4,6
454,65536,20,1000,5484,1,1,1,1,20,2556,1,0,0,0,0,0,1,0,1,0,0,0,0,0,0,0,0,0,0,0,0,0,0,0,0,0,0,0,0,0,0,0,0,0,0,0,0,0,0,0,0,0,0,0,0,0,0,0,0,0,0,0,0,0,0,0,0,0,0,0,0,0,0,0,150,5,1600,400,800,20,2,1,248,200,0,1,7,0,4,6
455,65536,20,1000,5484,1,1,1,1,20,2556,1,0,0,0,0,0,1,0,1,0,0,0,0,0,0,0,0,0,0,0,0,0,0,0,0,0,0,0,0,0,0,0,0,0,0,0,0,0,0,0,0,0,0,0,0,0,0,0,0,0,0,0,0,0,0,0,0,0,0,0,0,0,0,0,150,5,1600,400,800,20,2,1,248,200,0,1,7,0,4,6
456,65536,20,1000,5484,1,1,1,1,20,2556,1,0,0,0,0,0,1,0,1,0,0,0,0,0,0,0,0,0,0,0,0,0,0,0,0,0,0,0,0,0,0,0,0,0,0,0,0,0,0,0,0,0,0,0,0,0,0,0,0,0,0,0,0,0,0,0,0,0,0,0,0,0,0,0,150,5,1600,400,800,20,2,1,248,200,0,1,7,0,4,6
457,65536,20,1000,5484,1,1,1,1,20,2556,1,0,0,0,0,0,1,0,1,0,0,0,0,0,0,0,0,0,0,0,0,0,0,0,0,0,0,0,0,0,0,0,0,0,0,0,0,0,0,0,0,0,0,0,0,0,0,0,0,0,0,0,0,0,0,0,0,0,0,0,0,0,0,0,150,5,1600,400,800,20,2,1,248,200,0,1,7,0,4,6
458,65536,20,1000,5484,1,1,1,1,20,2556,1,0,0,0,0,0,1,0,1,0,0,0,0,0,0,0,0,0,0,0,0,0,0,0,0,0,0,0,0,0,0,0,0,0,0,0,0,0,0,0,0,0,0,0,0,0,0,0,0,0,0,0,0,0,0,0,0,0,0,0,0,0,0,0,150,5,1600,400,800,20,2,1,248,200,0,1,7,0,4,6
459,65536,20,1000,5484,1,1,1,1,20,2556,1,0,0,0,0,0,1,0,1,0,0,0,0,0,0,0,0,0,0,0,0,0,0,0,0,0,0,0,0,0,0,0,0,0,0,0,0,0,0,0,0,0,0,0,0,0,0,0,0,0,0,0,0,0,0,0,0,0,0,0,0,0,0,0,150,5,1600,400,800,20,2,1,248,200,0,1,7,0,4,6
460,65536,20,1000,5484,1,1,1,1,20,2556,1,0,0,0,0,0,1,0,1,0,0,0,0,0,0,0,0,0,0,0,0,0,0,0,0,0,0,0,0,0,0,0,0,0,0,0,0,0,0,0,0,0,0,0,0,0,0,0,0,0,0,0,0,0,0,0,0,0,0,0,0,0,0,0,150,5,1600,400,800,20,2,1,248,200,0,1,7,0,4,6
461,65536,20,1000,5484,1,1,1,1,20,2556,1,0,0,0,0,0,1,0,1,0,0,0,0,0,0,0,0,0,0,0,0,0,0,0,0,0,0,0,0,0,0,0,0,0,0,0,0,0,0,0,0,0,0,0,0,0,0,0,0,0,0,0,0,0,0,0,0,0,0,0,0,0,0,0,150,5,1600,400,800,20,2,1,248,200,0,1,7,0,4,6
462,65536,20,1000,5484,1,1,1,1,20,2556,1,0,0,0,0,0,1,0,1,0,0,0,0,0,0,0,0,0,0,0,0,0,0,0,0,0,0,0,0,0,0,0,0,0,0,0,0,0,0,0,0,0,0,0,0,0,0,0,0,0,0,0,0,0,0,0,0,0,0,0,0,0,0,0,150,5,1600,400,800,20,2,1,248,200,0,1,7,0,4,6
463,65536,20,1000,5484,1,1,1,1,20,2556,1,0,0,0,0,0,1,0,1,0,0,0,0,0,0,0,0,0,0,0,0,0,0,0,0,0,0,0,0,0,0,0,0,0,0,0,0,0,0,0,0,0,0,0,0,0,0,0,0,0,0,0,0,0,0,0,0,0,0,0,0,0,0,0,150,5,1600,400,800,20,2,1,248,200,0,1,7,0,4,6
464,65536,20,1000,5484,1,1,1,1,20,2556,1,0,0,0,0,0,1,0,1,0,0,0,0,0,0,0,0,0,0,0,0,0,0,0,0,0,0,0,0,0,0,0,0,0,0,0,0,0,0,0,0,0,0,0,0,0,0,0,0,0,0,0,0,0,0,0,0,0,0,0,0,0,0,0,150,5,1600,400,800,20,2,1,248,200,0,1,7,0,4,6
465,65536,20,1000,5484,1,1,1,1,20,2556,1,0,0,0,0,0,1,0,1,0,0,0,0,0,0,0,0,0,0,0,0,0,0,0,0,0,0,0,0,0,0,0,0,0,0,0,0,0,0,0,0,0,0,0,0,0,0,0,0,0,0,0,0,0,0,0,0,0,0,0,0,0,0,0,150,5,1600,400,800,20,2,1,248,200,0,1,7,0,4,6
466,65536,20,1000,5484,1,1,1,1,20,2556,1,0,0,0,0,0,1,0,1,0,0,0,0,0,0,0,0,0,0,0,0,0,0,0,0,0,0,0,0,0,0,0,0,0,0,0,0,0,0,0,0,0,0,0,0,0,0,0,0,0,0,0,0,0,0,0,0,0,0,0,0,0,0,0,150,5,1600,400,800,20,2,1,248,200,0,1,7,0,4,6
467,65536,20,1000,5484,1,1,1,1,20,2556,1,0,0,0,0,0,1,0,1,0,0,0,0,0,0,0,0,0,0,0,0,0,0,0,0,0,0,0,0,0,0,0,0,0,0,0,0,0,0,0,0,0,0,0,0,0,0,0,0,0,0,0,0,0,0,0,0,0,0,0,0,0,0,0,150,5,1600,400,800,20,2,1,248,200,0,1,7,0,4,6
468,65536,20,1000,5484,1,1,1,1,20,2556,1,0,0,0,0,0,1,0,1,0,0,0,0,0,0,0,0,0,0,0,0,0,0,0,0,0,0,0,0,0,0,0,0,0,0,0,0,0,0,0,0,0,0,0,0,0,0,0,0,0,0,0,0,0,0,0,0,0,0,0,0,0,0,0,150,5,1600,400,800,20,2,1,248,200,0,1,7,0,4,6
469,65536,20,1000,5484,1,1,1,1,20,2556,1,0,0,0,0,0,1,0,1,0,0,0,0,0,0,0,0,0,0,0,0,0,0,0,0,0,0,0,0,0,0,0,0,0,0,0,0,0,0,0,0,0,0,0,0,0,0,0,0,0,0,0,0,0,0,0,0,0,0,0,0,0,0,0,150,5,1600,400,800,20,2,1,248,200,0,1,7,0,4,6
470,65536,20,1000,5484,1,1,1,1,20,2556,1,0,0,0,0,0,1,0,1,0,0,0,0,0,0,0,0,0,0,0,0,0,0,0,0,0,0,0,0,0,0,0,0,0,0,0,0,0,0,0,0,0,0,0,0,0,0,0,0,0,0,0,0,0,0,0,0,0,0,0,0,0,0,0,150,5,1600,400,800,20,2,1,248,200,0,1,7,0,4,6
471,65536,20,1000,5484,1,1,1,1,20,2556,1,0,0,0,0,0,1,0,1,0,0,0,0,0,0,0,0,0,0,0,0,0,0,0,0,0,0,0,0,0,0,0,0,0,0,0,0,0,0,0,0,0,0,0,0,0,0,0,0,0,0,0,0,0,0,0,0,0,0,0,0,0,0,0,150,5,1600,400,800,20,2,1,248,200,0,1,7,0,4,6
472,65536,20,1000,5484,1,1,1,1,20,2556,1,0,0,0,0,0,1,0,1,0,0,0,0,0,0,0,0,0,0,0,0,0,0,0,0,0,0,0,0,0,0,0,0,0,0,0,0,0,0,0,0,0,0,0,0,0,0,0,0,0,0,0,0,0,0,0,0,0,0,0,0,0,0,0,150,5,1600,400,800,20,2,1,248,200,0,1,7,0,4,6
473,65536,20,1000,5484,1,1,1,1,20,2556,1,0,0,0,0,0,1,0,1,0,0,0,0,0,0,0,0,0,0,0,0,0,0,0,0,0,0,0,0,0,0,0,0,0,0,0,0,0,0,0,0,0,0,0,0,0,0,0,0,0,0,0,0,0,0,0,0,0,0,0,0,0,0,0,150,5,1600,400,800,20,2,1,248,200,0,1,7,0,4,6
474,65536,20,1000,5484,1,1,1,1,20,2556,1,0,0,0,0,0,1,0,1,0,0,0,0,0,0,0,0,0,0,0,0,0,0,0,0,0,0,0,0,0,0,0,0,0,0,0,0,0,0,0,0,0,0,0,0,0,0,0,0,0,0,0,0,0,0,0,0,0,0,0,0,0,0,0,150,5,1600,400,800,20,2,1,248,200,0,1,7,0,4,6
475,65536,20,1000,5484,1,1,1,1,20,2556,1,0,0,0,0,0,1,0,1,0,0,0,0,0,0,0,0,0,0,0,0,0,0,0,0,0,0,0,0,0,0,0,0,0,0,0,0,0,0,0,0,0,0,0,0,0,0,0,0,0,0,0,0,0,0,0,0,0,0,0,0,0,0,0,150,5,1600,400,800,20,2,1,248,200,0,1,7,0,4,6
476,65536,20,1000,5484,1,1,1,1,20,2556,1,0,0,0,0,0,1,0,1,0,0,0,0,0,0,0,0,0,0,0,0,0,0,0,0,0,0,0,0,0,0,0,0,0,0,0,0,0,0,0,0,0,0,0,0,0,0,0,0,0,0,0,0,0,0,0,0,0,0,0,0,0,0,0,150,5,1600,400,800,20,2,1,248,200,0,1,7,0,4,6
477,65536,20,1000,5484,1,1,1,1,20,2556,1,0,0,0,0,0,1,0,1,0,0,0,0,0,0,0,0,0,0,0,0,0,0,0,0,0,0,0,0,0,0,0,0,0,0,0,0,0,0,0,0,0,0,0,0,0,0,0,0,0,0,0,0,0,0,0,0,0,0,0,0,0,0,0,150,5,1600,400,800,20,2,1,248,200,0,1,7,0,4,6
478,65536,20,1000,5484,1,1,1,1,20,2556,1,0,0,0,0,0,1,0,1,0,0,0,0,0,0,0,0,0,0,0,0,0,0,0,0,0,0,0,0,0,0,0,0,0,0,0,0,0,0,0,0,0,0,0,0,0,0,0,0,0,0,0,0,0,0,0,0,0,0,0,0,0,0,0,150,5,1600,400,800,20,2,1,248,200,0,1,7,0,4,6
479,65536,20,1000,5484,1,1,1,1,20,2556,1,0,0,0,0,0,1,0,1,0,0,0,0,0,0,0,0,0,0,0,0,0,0,0,0,0,0,0,0,0,0,0,0,0,0,0,0,0,0,0,0,0,0,0,0,0,0,0,0,0,0,0,0,0,0,0,0,0,0,0,0,0,0,0,150,5,1600,400,800,20,2,1,248,200,0,1,7,0,4,6
480,65536,20,1000,5484,1,1,1,1,20,2556,1,0,0,0,0,0,1,0,1,0,0,0,0,0,0,0,0,0,0,0,0,0,0,0,0,0,0,0,0,0,0,0,0,0,0,0,0,0,0,0,0,0,0,0,0,0,0,0,0,0,0,0,0,0,0,0,0,0,0,0,0,0,0,0,150,5,1600,400,800,20,3,1,248,200,0,1,7,0,4,6
481,65536,20,1000,5484,1,1,1,1,20,2556,1,0,0,0,0,0,1,0,1,0,0,0,0,0,0,0,0,0,0,0,0,0,0,0,0,0,0,0,0,0,0,0,0,0,0,0,0,0,0,0,0,0,0,0,0,0,0,0,0,0,0,0,0,0,0,0,0,0,0,0,0,0,0,0,150,5,1600,400,800,20,3,1,248,200,0,1,7,0,4,6
482,65536,20,1000,5484,1,1,1,1,20,2556,1,0,0,0,0,0,1,0,1,0,0,0,0,0,0,0,0,0,0,0,0,0,0,0,0,0,0,0,0,0,0,0,0,0,0,0,0,0,0,0,0,0,0,0,0,0,0,0,0,0,0,0,0,0,0,0,0,0,0,0,0,0,0,0,150,5,1600,400,800,20,3,1,248,200,0,1,7,0,4,6
483,65536,20,1000,5484,1,1,1,1,20,2556,1,0,0,0,0,0,1,0,1,0,0,0,0,0,0,0,0,0,0,0,0,0,0,0,0,0,0,0,0,0,0,0,0,0,0,0,0,0,0,0,0,0,0,0,0,0,0,0,0,0,0,0,0,0,0,0,0,0,0,0,0,0,0,0,150,5,1600,400,800,20,3,1,248,200,0,1,7,0,4,6
484,65536,20,1000,5484,1,1,1,1,20,2556,1,0,0,0,0,0,1,0,1,0,0,0,0,0,0,0,0,0,0,0,0,0,0,0,0,0,0,0,0,0,0,0,0,0,0,0,0,0,0,0,0,0,0,0,0,0,0,0,0,0,0,0,0,0,0,0,0,0,0,0,0,0,0,0,150,5,1600,400,800,20,3,1,248,200,0,1,7,0,4,6
485,65536,20,1000,5484,1,1,1,1,20,2556,1,0,0,0,0,0,1,0,1,0,0,0,0,0,0,0,0,0,0,0,0,0,0,0,0,0,0,0,0,0,0,0,0,0,0,0,0,0,0,0,0,0,0,0,0,0,0,0,0,0,0,0,0,0,0,0,0,0,0,0,0,0,0,0,150,5,1600,400,800,20,3,1,248,200,0,1,7,0,4,6
486,65536,20,1000,5484,1,1,1,1,20,2556,1,0,0,0,0,0,1,0,1,0,0,0,0,0,0,0,0,0,0,0,0,0,0,0,0,0,0,0,0,0,0,0,0,0,0,0,0,0,0,0,0,0,0,0,0,0,0,0,0,0,0,0,0,0,0,0,0,0,0,0,0,0,0,0,150,5,1600,400,800,20,3,1,248,200,0,1,7,0,4,6
487,65536,20,1000,5484,1,1,1,1,20,2556,1,0,0,0,0,0,1,0,1,0,0,0,0,0,0,0,0,0,0,0,0,0,0,0,0,0,0,0,0,0,0,0,0,0,0,0,0,0,0,0,0,0,0,0,0,0,0,0,0,0,0,0,0,0,0,0,0,0,0,0,0,0,0,0,150,5,1600,400,800,20,3,1,248,200,0,1,7,0,4,6
488,65536,20,1000,5484,1,1,1,1,20,2556,1,0,0,0,0,0,1,0,1,0,0,0,0,0,0,0,0,0,0,0,0,0,0,0,0,0,0,0,0,0,0,0,0,0,0,0,0,0,0,0,0,0,0,0,0,0,0,0,0,0,0,0,0,0,0,0,0,0,0,0,0,0,0,0,150,5,1600,400,800,20,3,1,248,200,0,1,7,0,4,6
489,65536,20,1000,5484,1,1,1,1,20,2556,1,0,0,0,0,0,1,0,1,0,0,0,0,0,0,0,0,0,0,0,0,0,0,0,0,0,0,0,0,0,0,0,0,0,0,0,0,0,0,0,0,0,0,0,0,0,0,0,0,0,0,0,0,0,0,0,0,0,0,0,0,0,0,0,150,5,1600,400,800,20,3,1,248,200,0,1,7,0,4,6
490,65536,20,1000,5484,1,1,1,1,20,2556,1,0,0,0,0,0,1,0,1,0,0,0,0,0,0,0,0,0,0,0,0,0,0,0,0,0,0,0,0,0,0,0,0,0,0,0,0,0,0,0,0,0,0,0,0,0,0,0,0,0,0,0,0,0,0,0,0,0,0,0,0,0,0,0,150,5,1600,400,800,20,3,1,248,200,0,1,7,0,4,6
491,65536,20,1000,5484,1,1,1,1,20,2556,1,0,0,0,0,0,1,0,1,0,0,0,0,0,0,0,0,0,0,0,0,0,0,0,0,0,0,0,0,0,0,0,0,0,0,0,0,0,0,0,0,0,0,0,0,0,0,0,0,0,0,0,0,0,0,0,0,0,0,0,0,0,0,0,150,5,1600,400,800,20,3,1,248,200,0,1,7,0,4,6
492,65536,20,1000,5484,1,1,1,1,20,2556,1,0,0,0,0,0,1,0,1,0,0,0,0,0,0,0,0,0,0,0,0,0,0,0,0,0,0,0,0,0,0,0,0,0,0,0,0,0,0,0,0,0,0,0,0,0,0,0,0,0,0,0,0,0,0,0,0,0,0,0,0,0,0,0,150,5,1600,400,800,20,3,1,248,200,0,1,7,0,4,6
493,65536,20,1000,5484,1,1,1,1,20,2556,1,0,0,0,0,0,1,0,1,0,0,0,0,0,0,0,0,0,0,0,0,0,0,0,0,0,0,0,0,0,0,0,0,0,0,0,0,0,0,0,0,0,0,0,0,0,0,0,0,0,0,0,0,0,0,0,0,0,0,0,0,0,0,0,150,5,1600,400,800,20,3,1,248,200,0,1,7,0,4,6
494,65536,20,1000,5484,1,1,1,1,20,2556,1,0,0,0,0,0,1,0,1,0,0,0,0,0,0,0,0,0,0,0,0,0,0,0,0,0,0,0,0,0,0,0,0,0,0,0,0,0,0,0,0,0,0,0,0,0,0,0,0,0,0,0,0,0,0,0,0,0,0,0,0,0,0,0,150,5,1600,400,800,20,3,1,248,200,0,1,7,0,4,6
495,65536,20,1000,5484,1,1,1,1,20,2556,1,0,0,0,0,0,1,0,1,0,0,0,0,0,0,0,0,0,0,0,0,0,0,0,0,0,0,0,0,0,0,0,0,0,0,0,0,0,0,0,0,0,0,0,0,0,0,0,0,0,0,0,0,0,0,0,0,0,0,0,0,0,0,0,150,5,1600,400,800,20,3,1,248,200,0,1,7,0,4,6
496,65536,20,1000,5484,1,1,1,1,20,2556,1,0,0,0,0,0,1,0,1,0,0,0,0,0,0,0,0,0,0,0,0,0,0,0,0,0,0,0,0,0,0,0,0,0,0,0,0,0,0,0,0,0,0,0,0,0,0,0,0,0,0,0,0,0,0,0,0,0,0,0,0,0,0,0,150,5,1600,400,800,20,3,1,248,200,0,1,7,0,4,6
497,65536,20,1000,5484,1,1,1,1,20,2556,1,0,0,0,0,0,1,0,1,0,0,0,0,0,0,0,0,0,0,0,0,0,0,0,0,0,0,0,0,0,0,0,0,0,0,0,0,0,0,0,0,0,0,0,0,0,0,0,0,0,0,0,0,0,0,0,0,0,0,0,0,0,0,0,150,5,1600,400,800,20,3,1,248,200,0,1,7,0,4,6
498,65536,20,1000,5484,1,1,1,1,20,2556,1,0,0,0,0,0,1,0,1,0,0,0,0,0,0,0,0,0,0,0,0,0,0,0,0,0,0,0,0,0,0,0,0,0,0,0,0,0,0,0,0,0,0,0,0,0,0,0,0,0,0,0,0,0,0,0,0,0,0,0,0,0,0,0,150,5,1600,400,800,20,3,1,248,200,0,1,7,0,4,6
499,65536,20,1000,5484,1,1,1,1,20,2556,1,0,0,0,0,0,1,0,1,0,0,0,0,0,0,0,0,0,0,0,0,0,0,0,0,0,0,0,0,0,0,0,0,0,0,0,0,0,0,0,0,0,0,0,0,0,0,0,0,0,0,0,0,0,0,0,0,0,0,0,0,0,0,0,150,5,1600,400,800,20,3,1,248,200,0,1,7,0,4,6
500,65536,20,1000,5484,1,1,1,1,20,2556,1,0,0,0,0,0,1,0,1,0,0,0,0,0,0,0,0,0,0,0,0,0,0,0,0,0,0,0,0,0,0,0,0,0,0,0,0,0,0,0,0,0,0,0,0,0,0,0,0,0,0,0,0,0,0,0,0,0,0,0,0,0,0,0,150,5,1600,400,800,20,3,1,248,200,0,1,7,0,4,6
501,65536,20,1000,5484,1,1,1,1,20,2556,1,0,0,0,0,0,1,0,1,0,0,0,0,0,0,0,0,0,0,0,0,0,0,0,0,0,0,0,0,0,0,0,0,0,0,0,0,0,0,0,0,0,0,0,0,0,0,0,0,0,0,0,0,0,0,0,0,0,0,0,0,0,0,0,150,5,1600,400,800,20,3,1,248,200,0,1,7,0,4,6
502,65536,20,1000,5484,1,1,1,1,20,2556,1,0,0,0,0,0,1,0,1,0,0,0,0,0,0,0,0,0,0,0,0,0,0,0,0,0,0,0,0,0,0,0,0,0,0,0,0,0,0,0,0,0,0,0,0,0,0,0,0,0,0,0,0,0,0,0,0,0,0,0,0,0,0,0,150,5,1600,400,800,20,3,1,248,200,0,1,7,0,4,6
503,65536,20,1000,5484,1,1,1,1,20,2556,1,0,0,0,0,0,1,0,1,0,0,0,0,0,0,0,0,0,0,0,0,0,0,0,0,0,0,0,0,0,0,0,0,0,0,0,0,0,0,0,0,0,0,0,0,0,0,0,0,0,0,0,0,0,0,0,0,0,0,0,0,0,0,0,150,5,1600,400,800,20,3,1,248,200,0,1,7,0,4,6
504,65536,20,1000,5484,1,1,1,1,20,2556,1,0,0,0,0,0,1,0,1,0,0,0,0,0,0,0,0,0,0,0,0,0,0,0,0,0,0,0,0,0,0,0,0,0,0,0,0,0,0,0,0,0,0,0,0,0,0,0,0,0,0,0,0,0,0,0,0,0,0,0,0,0,0,0,150,5,1600,400,800,20,3,1,248,200,0,1,7,0,4,6
505,65536,20,1000,5484,1,1,1,1,20,2556,1,0,0,0,0,0,1,0,1,0,0,0,0,0,0,0,0,0,0,0,0,0,0,0,0,0,0,0,0,0,0,0,0,0,0,0,0,0,0,0,0,0,0,0,0,0,0,0,0,0,0,0,0,0,0,0,0,0,0,0,0,0,0,0,150,5,1600,400,800,20,3,1,248,200,0,1,7,0,4,6
506,65536,20,1000,5484,1,1,1,1,20,2556,1,0,0,0,0,0,1,0,1,0,0,0,0,0,0,0,0,0,0,0,0,0,0,0,0,0,0,0,0,0,0,0,0,0,0,0,0,0,0,0,0,0,0,0,0,0,0,0,0,0,0,0,0,0,0,0,0,0,0,0,0,0,0,0,150,5,1600,400,800,20,3,1,248,200,0,1,7,0,4,6
507,65536,20,1000,5484,1,1,1,1,20,2556,1,0,0,0,0,0,1,0,1,0,0,0,0,0,0,0,0,0,0,0,0,0,0,0,0,0,0,0,0,0,0,0,0,0,0,0,0,0,0,0,0,0,0,0,0,0,0,0,0,0,0,0,0,0,0,0,0,0,0,0,0,0,0,0,150,5,1600,400,800,20,3,1,248,200,0,1,7,0,4,6
508,65536,20,1000,5484,1,1,1,1,20,2556,1,0,0,0,0,0,1,0,1,0,0,0,0,0,0,0,0,0,0,0,0,0,0,0,0,0,0,0,0,0,0,0,0,0,0,0,0,0,0,0,0,0,0,0,0,0,0,0,0,0,0,0,0,0,0,0,0,0,0,0,0,0,0,0,150,5,1600,400,800,20,3,1,248,200,0,1,7,0,4,6
509,65536,20,1000,5484,1,1,1,1,20,2556,1,0,0,0,0,0,1,0,1,0,0,0,0,0,0,0,0,0,0,0,0,0,0,0,0,0,0,0,0,0,0,0,0,0,0,0,0,0,0,0,0,0,0,0,0,0,0,0,0,0,0,0,0,0,0,0,0,0,0,0,0,0,0,0,150,5,1600,400,800,20,3,1,248,200,0,1,7,0,4,6
510,65536,20,1000,5484,1,1,1,1,20,2556,1,0,0,0,0,0,1,0,1,0,0,0,0,0,0,0,0,0,0,0,0,0,0,0,0,0,0,0,0,0,0,0,0,0,0,0,0,0,0,0,0,0,0,0,0,0,0,0,0,0,0,0,0,0,0,0,0,0,0,0,0,0,0,0,150,5,1600,400,800,20,3,1,248,200,0,1,7,0,4,6
511,65536,20,1000,5484,1,1,1,1,20,2556,1,0,0,0,0,0,1,0,1,0,0,0,0,0,0,0,0,0,0,0,0,0,0,0,0,0,0,0,0,0,0,0,0,0,0,0,0,0,0,0,0,0,0,0,0,0,0,0,0,0,0,0,0,0,0,0,0,0,0,0,0,0,0,0,150,5,1600,400,800,20,3,1,248,200,0,1,7,0,4,6
512,65536,20,1000,5484,1,1,1,1,20,2556,1,0,0,0,0,0,1,0,1,0,0,0,0,0,0,0,0,0,0,0,0,0,0,0,0,0,0,0,0,0,0,0,0,0,0,0,0,0,0,0,0,0,0,0,0,0,0,0,0,0,0,0,0,0,0,0,0,0,0,0,0,0,0,0,150,5,1600,400,800,20,3,1,248,200,0,1,7,0,4,6
513,65536,20,1000,5484,1,1,1,1,20,2556,1,0,0,0,0,0,1,0,1,0,0,0,0,0,0,0,0,0,0,0,0,0,0,0,0,0,0,0,0,0,0,0,0,0,0,0,0,0,0,0,0,0,0,0,0,0,0,0,0,0,0,0,0,0,0,0,0,0,0,0,0,0,0,0,150,5,1600,400,800,20,3,1,248,200,0,1,7,0,4,6
514,65536,20,1000,5484,1,1,1,1,20,2556,1,0,0,0,0,0,1,0,1,0,0,0,0,0,0,0,0,0,0,0,0,0,0,0,0,0,0,0,0,0,0,0,0,0,0,0,0,0,0,0,0,0,0,0,0,0,0,0,0,0,0,0,0,0,0,0,0,0,0,0,0,0,0,0,150,5,1600,400,800,20,3,1,248,200,0,1,7,0,4,6
515,65536,20,1000,5484,1,1,1,1,20,2556,1,0,0,0,0,0,1,0,1,0,0,0,0,0,0,0,0,0,0,0,0,0,0,0,0,0,0,0,0,0,0,0,0,0,0,0,0,0,0,0,0,0,0,0,0,0,0,0,0,0,0,0,0,0,0,0,0,0,0,0,0,0,0,0,150,5,1600,400,800,20,3,1,248,200,0,1,7,0,4,6
516,65536,20,1000,5484,1,1,1,1,20,2556,1,0,0,0,0,0,1,0,1,0,0,0,0,0,0,0,0,0,0,0,0,0,0,0,0,0,0,0,0,0,0,0,0,0,0,0,0,0,0,0,0,0,0,0,0,0,0,0,0,0,0,0,0,0,0,0,0,0,0,0,0,0,0,0,150,5,1600,400,800,20,3,1,248,200,0,1,7,0,4,6
517,65536,20,1000,5484,1,1,1,1,20,2556,1,0,0,0,0,0,1,0,1,0,0,0,0,0,0,0,0,0,0,0,0,0,0,0,0,0,0,0,0,0,0,0,0,0,0,0,0,0,0,0,0,0,0,0,0,0,0,0,0,0,0,0,0,0,0,0,0,0,0,0,0,0,0,0,150,5,1600,400,800,20,3,1,248,200,0,1,7,0,4,6
518,65536,20,1000,5484,1,1,1,1,20,2556,1,0,0,0,0,0,1,0,1,0,0,0,0,0,0,0,0,0,0,0,0,0,0,0,0,0,0,0,0,0,0,0,0,0,0,0,0,0,0,0,0,0,0,0,0,0,0,0,0,0,0,0,0,0,0,0,0,0,0,0,0,0,0,0,150,5,1600,400,800,20,3,1,248,200,0,1,7,0,4,6
519,65536,20,1000,5484,1,1,1,1,20,2556,1,0,0,0,0,0,1,0,1,0,0,0,0,0,0,0,0,0,0,0,0,0,0,0,0,0,0,0,0,0,0,0,0,0,0,0,0,0,0,0,0,0,0,0,0,0,0,0,0,0,0,0,0,0,0,0,0,0,0,0,0,0,0,0,150,5,1600,400,800,20,3,1,248,200,0,1,7,0,4,6
520,65536,20,1000,5484,1,1,1,1,20,2556,1,0,0,0,0,0,1,0,1,0,0,0,0,0,0,0,0,0,0,0,0,0,0,0,0,0,0,0,0,0,0,0,0,0,0,0,0,0,0,0,0,0,0,0,0,0,0,0,0,0,0,0,0,0,0,0,0,0,0,0,0,0,0,0,150,5,1600,400,800,20,3,1,248,200,0,1,7,0,4,6
521,65536,20,1000,5484,1,1,1,1,20,2556,1,0,0,0,0,0,1,0,1,0,0,0,0,0,0,0,0,0,0,0,0,0,0,0,0,0,0,0,0,0,0,0,0,0,0,0,0,0,0,0,0,0,0,0,0,0,0,0,0,0,0,0,0,0,0,0,0,0,0,0,0,0,0,0,150,5,1600,400,800,20,3,1,248,200,0,1,7,0,4,6
522,65536,20,1000,5484,1,1,1,1,20,2556,1,0,0,0,0,0,1,0,1,0,0,0,0,0,0,0,0,0,0,0,0,0,0,0,0,0,0,0,0,0,0,0,0,0,0,0,0,0,0,0,0,0,0,0,0,0,0,0,0,0,0,0,0,0,0,0,0,0,0,0,0,0,0,0,150,5,1600,400,800,20,3,1,248,200,0,1,7,0,4,6
523,65536,20,1000,5484,1,1,1,1,20,2556,1,0,0,0,0,0,1,0,1,0,0,0,0,0,0,0,0,0,0,0,0,0,0,0,0,0,0,0,0,0,0,0,0,0,0,0,0,0,0,0,0,0,0,0,0,0,0,0,0,0,0,0,0,0,0,0,0,0,0,0,0,0,0,0,150,5,1600,400,800,20,3,1,248,200,0,1,7,0,4,6
524,65536,20,1000,5484,1,1,1,1,20,2556,1,0,0,0,0,0,1,0,1,0,0,0,0,0,0,0,0,0,0,0,0,0,0,0,0,0,0,0,0,0,0,0,0,0,0,0,0,0,0,0,0,0,0,0,0,0,0,0,0,0,0,0,0,0,0,0,0,0,0,0,0,0,0,0,150,5,1600,400,800,20,3,1,248,200,0,1,7,0,4,6
525,65536,20,1000,5484,1,1,1,1,20,2556,1,0,0,0,0,0,1,0,1,0,0,0,0,0,0,0,0,0,0,0,0,0,0,0,0,0,0,0,0,0,0,0,0,0,0,0,0,0,0,0,0,0,0,0,0,0,0,0,0,0,0,0,0,0,0,0,0,0,0,0,0,0,0,0,150,5,1600,400,800,20,3,1,248,200,0,1,7,0,4,6
526,65536,20,1000,5484,1,1,1,1,20,2556,1,0,0,0,0,0,1,0,1,0,0,0,0,0,0,0,0,0,0,0,0,0,0,0,0,0,0,0,0,0,0,0,0,0,0,0,0,0,0,0,0,0,0,0,0,0,0,0,0,0,0,0,0,0,0,0,0,0,0,0,0,0,0,0,150,5,1600,400,800,20,3,1,248,200,0,1,7,0,4,6
527,65536,20,1000,5484,1,1,1,1,20,2556,1,0,0,0,0,0,1,0,1,0,0,0,0,0,0,0,0,0,0,0,0,0,0,0,0,0,0,0,0,0,0,0,0,0,0,0,0,0,0,0,0,0,0,0,0,0,0,0,0,0,0,0,0,0,0,0,0,0,0,0,0,0,0,0,150,5,1600,400,800,20,3,1,248,200,0,1,7,0,4,6
528,65536,20,1000,5484,1,1,1,1,20,2556,1,0,0,0,0,0,1,0,1,0,0,0,0,0,0,0,0,0,0,0,0,0,0,0,0,0,0,0,0,0,0,0,0,0,0,0,0,0,0,0,0,0,0,0,0,0,0,0,0,0,0,0,0,0,0,0,0,0,0,0,0,0,0,0,150,5,1600,400,800,20,3,1,248,200,0,1,7,0,4,6
529,65536,20,1000,5484,1,1,1,1,20,2556,1,0,0,0,0,0,1,0,1,0,0,0,0,0,0,0,0,0,0,0,0,0,0,0,0,0,0,0,0,0,0,0,0,0,0,0,0,0,0,0,0,0,0,0,0,0,0,0,0,0,0,0,0,0,0,0,0,0,0,0,0,0,0,0,150,5,1600,400,800,20,3,1,248,200,0,1,7,0,4,6
530,65536,20,1000,5484,1,1,1,1,20,2556,1,0,0,0,0,0,1,0,1,0,0,0,0,0,0,0,0,0,0,0,0,0,0,0,0,0,0,0,0,0,0,0,0,0,0,0,0,0,0,0,0,0,0,0,0,0,0,0,0,0,0,0,0,0,0,0,0,0,0,0,0,0,0,0,150,5,1600,400,800,20,3,1,248,200,0,1,7,0,4,6
531,65536,20,1000,5484,1,1,1,1,20,2556,1,0,0,0,0,0,1,0,1,0,0,0,0,0,0,0,0,0,0,0,0,0,0,0,0,0,0,0,0,0,0,0,0,0,0,0,0,0,0,0,0,0,0,0,0,0,0,0,0,0,0,0,0,0,0,0,0,0,0,0,0,0,0,0,150,5,1600,400,800,20,3,1,248,200,0,1,7,0,4,6
532,65536,20,1000,5484,1,1,1,1,20,2556,1,0,0,0,0,0,1,0,1,0,0,0,0,0,0,0,0,0,0,0,0,0,0,0,0,0,0,0,0,0,0,0,0,0,0,0,0,0,0,0,0,0,0,0,0,0,0,0,0,0,0,0,0,0,0,0,0,0,0,0,0,0,0,0,150,5,1600,400,800,20,3,1,248,200,0,1,7,0,4,6
533,65536,20,1000,5484,1,1,1,1,20,2556,1,0,0,0,0,0,1,0,1,0,0,0,0,0,0,0,0,0,0,0,0,0,0,0,0,0,0,0,0,0,0,0,0,0,0,0,0,0,0,0,0,0,0,0,0,0,0,0,0,0,0,0,0,0,0,0,0,0,0,0,0,0,0,0,150,5,1600,400,800,20,3,1,248,200,0,1,7,0,4,6
534,65536,20,1000,5484,1,1,1,1,20,2556,1,0,0,0,0,0,1,0,1,0,0,0,0,0,0,0,0,0,0,0,0,0,0,0,0,0,0,0,0,0,0,0,0,0,0,0,0,0,0,0,0,0,0,0,0,0,0,0,0,0,0,0,0,0,0,0,0,0,0,0,0,0,0,0,150,5,1600,400,800,20,3,1,248,200,0,1,7,0,4,6
535,65536,20,1000,5484,1,1,1,1,20,2556,1,0,0,0,0,0,1,0,1,0,0,0,0,0,0,0,0,0,0,0,0,0,0,0,0,0,0,0,0,0,0,0,0,0,0,0,0,0,0,0,0,0,0,0,0,0,0,0,0,0,0,0,0,0,0,0,0,0,0,0,0,0,0,0,150,5,1600,400,800,20,3,1,248,200,0,1,7,0,4,6
536,65536,20,1000,5484,1,1,1,1,20,2556,1,0,0,0,0,0,1,0,1,0,0,0,0,0,0,0,0,0,0,0,0,0,0,0,0,0,0,0,0,0,0,0,0,0,0,0,0,0,0,0,0,0,0,0,0,0,0,0,0,0,0,0,0,0,0,0,0,0,0,0,0,0,0,0,150,5,1600,400,800,20,3,1,248,200,0,1,7,0,4,6
537,65536,20,1000,5484,1,1,1,1,20,2556,1,0,0,0,0,0,1,0,1,0,0,0,0,0,0,0,0,0,0,0,0,0,0,0,0,0,0,0,0,0,0,0,0,0,0,0,0,0,0,0,0,0,0,0,0,0,0,0,0,0,0,0,0,0,0,0,0,0,0,0,0,0,0,0,150,5,1600,400,800,20,3,1,248,200,0,1,7,0,4,6
538,65536,20,1000,5484,1,1,1,1,20,2556,1,0,0,0,0,0,1,0,1,0,0,0,0,0,0,0,0,0,0,0,0,0,0,0,0,0,0,0,0,0,0,0,0,0,0,0,0,0,0,0,0,0,0,0,0,0,0,0,0,0,0,0,0,0,0,0,0,0,0,0,0,0,0,0,150,5,1600,400,800,20,3,1,248,200,0,1,7,0,4,6
539,65536,20,1000,5484,1,1,1,1,20,2556,1,0,0,0,0,0,1,0,1,0,0,0,0,0,0,0,0,0,0,0,0,0,0,0,0,0,0,0,0,0,0,0,0,0,0,0,0,0,0,0,0,0,0,0,0,0,0,0,0,0,0,0,0,0,0,0,0,0,0,0,0,0,0,0,150,5,1600,400,800,20,3,1,248,200,0,1,7,0,4,6
540,65536,20,1000,5484,1,1,1,1,20,2556,1,0,0,0,0,0,1,0,1,0,0,0,0,0,0,0,0,0,0,0,0,0,0,0,0,0,0,0,0,0,0,0,0,0,0,0,0,0,0,0,0,0,0,0,0,0,0,0,0,0,0,0,0,0,0,0,0,0,0,0,0,0,0,0,150,5,1600,400,800,20,3,1,248,200,0,1,7,0,4,6
541,65536,20,1000,5484,1,1,1,1,20,2556,1,0,0,0,0,0,1,0,1,0,0,0,0,0,0,0,0,0,0,0,0,0,0,0,0,0,0,0,0,0,0,0,0,0,0,0,0,0,0,0,0,0,0,0,0,0,0,0,0,0,0,0,0,0,0,0,0,0,0,0,0,0,0,0,150,5,1600,400,800,20,3,1,248,200,0,1,7,0,4,6
542,65536,20,1000,5484,1,1,1,1,20,2556,1,0,0,0,0,0,1,0,1,0,0,0,0,0,0,0,0,0,0,0,0,0,0,0,0,0,0,0,0,0,0,0,0,0,0,0,0,0,0,0,0,0,0,0,0,0,0,0,0,0,0,0,0,0,0,0,0,0,0,0,0,0,0,0,150,5,1600,400,800,20,3,1,248,200,0,1,7,0,4,6
543,65536,20,1000,5484,1,1,1,1,20,2556,1,0,0,0,0,0,1,0,1,0,0,0,0,0,0,0,0,0,0,0,0,0,0,0,0,0,0,0,0,0,0,0,0,0,0,0,0,0,0,0,0,0,0,0,0,0,0,0,0,0,0,0,0,0,0,0,0,0,0,0,0,0,0,0,150,5,1600,400,800,20,3,1,248,200,0,1,7,0,4,6
544,65536,20,1000,5484,1,1,1,1,20,2556,1,0,0,0,0,0,1,0,1,0,0,0,0,0,0,0,0,0,0,0,0,0,0,0,0,0,0,0,0,0,0,0,0,0,0,0,0,0,0,0,0,0,0,0,0,0,0,0,0,0,0,0,0,0,0,0,0,0,0,0,0,0,0,0,150,5,1600,400,800,20,3,1,248,200,0,1,7,0,4,6
545,65536,20,1000,5484,1,1,1,1,20,2556,1,0,0,0,0,0,1,0,1,0,0,0,0,0,0,0,0,0,0,0,0,0,0,0,0,0,0,0,0,0,0,0,0,0,0,0,0,0,0,0,0,0,0,0,0,0,0,0,0,0,0,0,0,0,0,0,0,0,0,0,0,0,0,0,150,5,1600,400,800,20,3,1,248,200,0,1,7,0,4,6
546,65536,20,1000,5484,1,1,1,1,20,2556,1,0,0,0,0,0,1,0,1,0,0,0,0,0,0,0,0,0,0,0,0,0,0,0,0,0,0,0,0,0,0,0,0,0,0,0,0,0,0,0,0,0,0,0,0,0,0,0,0,0,0,0,0,0,0,0,0,0,0,0,0,0,0,0,150,5,1600,400,800,20,3,1,248,200,0,1,7,0,4,6
547,65536,20,1000,5484,1,1,1,1,20,2556,1,0,0,0,0,0,1,0,1,0,0,0,0,0,0,0,0,0,0,0,0,0,0,0,0,0,0,0,0,0,0,0,0,0,0,0,0,0,0,0,0,0,0,0,0,0,0,0,0,0,0,0,0,0,0,0,0,0,0,0,0,0,0,0,150,5,1600,400,800,20,3,1,248,200,0,1,7,0,4,6
548,65536,20,1000,5484,1,1,1,1,20,2556,1,0,0,0,0,0,1,0,1,0,0,0,0,0,0,0,0,0,0,0,0,0,0,0,0,0,0,0,0,0,0,0,0,0,0,0,0,0,0,0,0,0,0,0,0,0,0,0,0,0,0,0,0,0,0,0,0,0,0,0,0,0,0,0,150,5,1600,400,800,20,3,1,248,200,0,1,7,0,4,6
549,65536,20,1000,5484,1,1,1,1,20,2556,1,0,0,0,0,0,1,0,1,0,0,0,0,0,0,0,0,0,0,0,0,0,0,0,0,0,0,0,0,0,0,0,0,0,0,0,0,0,0,0,0,0,0,0,0,0,0,0,0,0,0,0,0,0,0,0,0,0,0,0,0,0,0,0,150,5,1600,400,800,20,3,1,248,200,0,1,7,0,4,6
550,65536,20,1000,5484,1,1,1,1,20,2556,1,0,0,0,0,0,1,0,1,0,0,0,0,0,0,0,0,0,0,0,0,0,0,0,0,0,0,0,0,0,0,0,0,0,0,0,0,0,0,0,0,0,0,0,0,0,0,0,0,0,0,0,0,0,0,0,0,0,0,0,0,0,0,0,150,5,1600,400,800,20,3,1,248,200,0,1,7,0,4,6
551,65536,20,1000,5484,1,1,1,1,20,2556,1,0,0,0,0,0,1,0,1,0,0,0,0,0,0,0,0,0,0,0,0,0,0,0,0,0,0,0,0,0,0,0,0,0,0,0,0,0,0,0,0,0,0,0,0,0,0,0,0,0,0,0,0,0,0,0,0,0,0,0,0,0,0,0,150,5,1600,400,800,20,3,1,248,200,0,1,7,0,4,6
552,65536,20,1000,5484,1,1,1,1,20,2556,1,0,0,0,0,0,1,0,1,0,0,0,0,0,0,0,0,0,0,0,0,0,0,0,0,0,0,0,0,0,0,0,0,0,0,0,0,0,0,0,0,0,0,0,0,0,0,0,0,0,0,0,0,0,0,0,0,0,0,0,0,0,0,0,150,5,1600,400,800,20,3,1,248,200,0,1,7,0,4,6
553,65536,20,1000,5484,1,1,1,1,20,2556,1,0,0,0,0,0,1,0,1,0,0,0,0,0,0,0,0,0,0,0,0,0,0,0,0,0,0,0,0,0,0,0,0,0,0,0,0,0,0,0,0,0,0,0,0,0,0,0,0,0,0,0,0,0,0,0,0,0,0,0,0,0,0,0,150,5,1600,400,800,20,3,1,248,200,0,1,7,0,4,6
554,65536,20,1000,5484,1,1,1,1,20,2556,1,0,0,0,0,0,1,0,1,0,0,0,0,0,0,0,0,0,0,0,0,0,0,0,0,0,0,0,0,0,0,0,0,0,0,0,0,0,0,0,0,0,0,0,0,0,0,0,0,0,0,0,0,0,0,0,0,0,0,0,0,0,0,0,150,5,1600,400,800,20,3,1,248,200,0,1,7,0,4,6
555,65536,20,1000,5484,1,1,1,1,20,2556,1,0,0,0,0,0,1,0,1,0,0,0,0,0,0,0,0,0,0,0,0,0,0,0,0,0,0,0,0,0,0,0,0,0,0,0,0,0,0,0,0,0,0,0,0,0,0,0,0,0,0,0,0,0,0,0,0,0,0,0,0,0,0,0,150,5,1600,400,800,20,3,1,248,200,0,1,7,0,4,6
556,65536,20,1000,5484,1,1,1,1,20,2556,1,0,0,0,0,0,1,0,1,0,0,0,0,0,0,0,0,0,0,0,0,0,0,0,0,0,0,0,0,0,0,0,0,0,0,0,0,0,0,0,0,0,0,0,0,0,0,0,0,0,0,0,0,0,0,0,0,0,0,0,0,0,0,0,150,5,1600,400,800,20,3,1,248,200,0,1,7,0,4,6
557,65536,20,1000,5484,1,1,1,1,20,2556,1,0,0,0,0,0,1,0,1,0,0,0,0,0,0,0,0,0,0,0,0,0,0,0,0,0,0,0,0,0,0,0,0,0,0,0,0,0,0,0,0,0,0,0,0,0,0,0,0,0,0,0,0,0,0,0,0,0,0,0,0,0,0,0,150,5,1600,400,800,20,3,1,248,200,0,1,7,0,4,6
558,65536,20,1000,5484,1,1,1,1,20,2556,1,0,0,0,0,0,1,0,1,0,0,0,0,0,0,0,0,0,0,0,0,0,0,0,0,0,0,0,0,0,0,0,0,0,0,0,0,0,0,0,0,0,0,0,0,0,0,0,0,0,0,0,0,0,0,0,0,0,0,0,0,0,0,0,150,5,1600,400,800,20,3,1,248,200,0,1,7,0,4,6
559,65536,20,1000,5484,1,1,1,1,20,2556,1,0,0,0,0,0,1,0,1,0,0,0,0,0,0,0,0,0,0,0,0,0,0,0,0,0,0,0,0,0,0,0,0,0,0,0,0,0,0,0,0,0,0,0,0,0,0,0,0,0,0,0,0,0,0,0,0,0,0,0,0,0,0,0,150,5,1600,400,800,20,3,1,248,200,0,1,7,0,4,6
560,65536,20,1000,5484,1,1,1,1,20,2556,1,0,0,0,0,0,1,0,1,0,0,0,0,0,0,0,0,0,0,0,0,0,0,0,0,0,0,0,0,0,0,0,0,0,0,0,0,0,0,0,0,0,0,0,0,0,0,0,0,0,0,0,0,0,0,0,0,0,0,0,0,0,0,0,150,5,1600,400,800,20,3,1,248,200,0,1,7,0,4,6
561,65536,20,1000,5484,1,1,1,1,20,2556,1,0,0,0,0,0,1,0,1,0,0,0,0,0,0,0,0,0,0,0,0,0,0,0,0,0,0,0,0,0,0,0,0,0,0,0,0,0,0,0,0,0,0,0,0,0,0,0,0,0,0,0,0,0,0,0,0,0,0,0,0,0,0,0,150,5,1600,400,800,20,3,1,248,200,0,1,7,0,4,6
562,65536,20,1000,5484,1,1,1,1,20,2556,1,0,0,0,0,0,1,0,1,0,0,0,0,0,0,0,0,0,0,0,0,0,0,0,0,0,0,0,0,0,0,0,0,0,0,0,0,0,0,0,0,0,0,0,0,0,0,0,0,0,0,0,0,0,0,0,0,0,0,0,0,0,0,0,150,5,1600,400,800,20,3,1,248,200,0,1,7,0,4,6
563,65536,20,1000,5484,1,1,1,1,20,2556,1,0,0,0,0,0,1,0,1,0,0,0,0,0,0,0,0,0,0,0,0,0,0,0,0,0,0,0,0,0,0,0,0,0,0,0,0,0,0,0,0,0,0,0,0,0,0,0,0,0,0,0,0,0,0,0,0,0,0,0,0,0,0,0,150,5,1600,400,800,20,3,1,248,200,0,1,7,0,4,6
564,65536,20,1000,5484,1,1,1,1,20,2556,1,0,0,0,0,0,1,0,1,0,0,0,0,0,0,0,0,0,0,0,0,0,0,0,0,0,0,0,0,0,0,0,0,0,0,0,0,0,0,0,0,0,0,0,0,0,0,0,0,0,0,0,0,0,0,0,0,0,0,0,0,0,0,0,150,5,1600,400,800,20,3,1,248,200,0,1,7,0,4,6
565,65536,20,1000,5484,1,1,1,1,20,2556,1,0,0,0,0,0,1,0,1,0,0,0,0,0,0,0,0,0,0,0,0,0,0,0,0,0,0,0,0,0,0,0,0,0,0,0,0,0,0,0,0,0,0,0,0,0,0,0,0,0,0,0,0,0,0,0,0,0,0,0,0,0,0,0,150,5,1600,400,800,20,3,1,248,200,0,1,7,0,4,6
566,65536,20,1000,5484,1,1,1,1,20,2556,1,0,0,0,0,0,1,0,1,0,0,0,0,0,0,0,0,0,0,0,0,0,0,0,0,0,0,0,0,0,0,0,0,0,0,0,0,0,0,0,0,0,0,0,0,0,0,0,0,0,0,0,0,0,0,0,0,0,0,0,0,0,0,0,150,5,1600,400,800,20,3,1,248,200,0,1,7,0,4,6
567,65536,20,1000,5484,1,1,1,1,20,2556,1,0,0,0,0,0,1,0,1,0,0,0,0,0,0,0,0,0,0,0,0,0,0,0,0,0,0,0,0,0,0,0,0,0,0,0,0,0,0,0,0,0,0,0,0,0,0,0,0,0,0,0,0,0,0,0,0,0,0,0,0,0,0,0,150,5,1600,400,800,20,3,1,248,200,0,1,7,0,4,6
568,65536,20,1000,5484,1,1,1,1,20,2556,1,0,0,0,0,0,1,0,1,0,0,0,0,0,0,0,0,0,0,0,0,0,0,0,0,0,0,0,0,0,0,0,0,0,0,0,0,0,0,0,0,0,0,0,0,0,0,0,0,0,0,0,0,0,0,0,0,0,0,0,0,0,0,0,150,5,1600,400,800,20,3,1,248,200,0,1,7,0,4,6
569,65536,20,1000,5484,1,1,1,1,20,2556,1,0,0,0,0,0,1,0,1,0,0,0,0,0,0,0,0,0,0,0,0,0,0,0,0,0,0,0,0,0,0,0,0,0,0,0,0,0,0,0,0,0,0,0,0,0,0,0,0,0,0,0,0,0,0,0,0,0,0,0,0,0,0,0,150,5,1600,400,800,20,3,1,248,200,0,1,7,0,4,6
570,65536,20,1000,5484,1,1,1,1,20,2556,1,0,0,0,0,0,1,0,1,0,0,0,0,0,0,0,0,0,0,0,0,0,0,0,0,0,0,0,0,0,0,0,0,0,0,0,0,0,0,0,0,0,0,0,0,0,0,0,0,0,0,0,0,0,0,0,0,0,0,0,0,0,0,0,150,5,1600,400,800,20,3,1,248,200,0,1,7,0,4,6
571,65536,20,1000,5484,1,1,1,1,20,2556,1,0,0,0,0,0,1,0,1,0,0,0,0,0,0,0,0,0,0,0,0,0,0,0,0,0,0,0,0,0,0,0,0,0,0,0,0,0,0,0,0,0,0,0,0,0,0,0,0,0,0,0,0,0,0,0,0,0,0,0,0,0,0,0,150,5,1600,400,800,20,3,1,248,200,0,1,7,0,4,6
572,65536,20,1000,5484,1,1,1,1,20,2556,1,0,0,0,0,0,1,0,1,0,0,0,0,0,0,0,0,0,0,0,0,0,0,0,0,0,0,0,0,0,0,0,0,0,0,0,0,0,0,0,0,0,0,0,0,0,0,0,0,0,0,0,0,0,0,0,0,0,0,0,0,0,0,0,150,5,1600,400,800,20,3,1,248,200,0,1,7,0,4,6
573,65536,20,1000,5484,1,1,1,1,20,2556,1,0,0,0,0,0,1,0,1,0,0,0,0,0,0,0,0,0,0,0,0,0,0,0,0,0,0,0,0,0,0,0,0,0,0,0,0,0,0,0,0,0,0,0,0,0,0,0,0,0,0,0,0,0,0,0,0,0,0,0,0,0,0,0,150,5,1600,400,800,20,3,1,248,200,0,1,7,0,4,6
574,65536,20,1000,5484,1,1,1,1,20,2556,1,0,0,0,0,0,1,0,1,0,0,0,0,0,0,0,0,0,0,0,0,0,0,0,0,0,0,0,0,0,0,0,0,0,0,0,0,0,0,0,0,0,0,0,0,0,0,0,0,0,0,0,0,0,0,0,0,0,0,0,0,0,0,0,150,5,1600,400,800,20,3,1,248,200,0,1,7,0,4,6
575,65536,20,1000,5484,1,1,1,1,20,2556,1,0,0,0,0,0,1,0,1,0,0,0,0,0,0,0,0,0,0,0,0,0,0,0,0,0,0,0,0,0,0,0,0,0,0,0,0,0,0,0,0,0,0,0,0,0,0,0,0,0,0,0,0,0,0,0,0,0,0,0,0,0,0,0,150,5,1600,400,800,20,3,1,248,200,0,1,7,0,4,6
576,65536,20,1000,5484,1,1,1,1,20,2556,1,0,0,0,0,0,1,0,1,0,0,0,0,0,0,0,0,0,0,0,0,0,0,0,0,0,0,0,0,0,0,0,0,0,0,0,0,0,0,0,0,0,0,0,0,0,0,0,0,0,0,0,0,0,0,0,0,0,0,0,0,0,0,0,150,5,1600,400,800,20,3,1,248,200,0,1,7,0,4,6
577,65536,20,1000,5484,1,1,1,1,20,2556,1,0,0,0,0,0,1,0,1,0,0,0,0,0,0,0,0,0,0,0,0,0,0,0,0,0,0,0,0,0,0,0,0,0,0,0,0,0,0,0,0,0,0,0,0,0,0,0,0,0,0,0,0,0,0,0,0,0,0,0,0,0,0,0,150,5,1600,400,800,20,3,1,248,200,0,1,7,0,4,6
578,65536,20,1000,5484,1,1,1,1,20,2556,1,0,0,0,0,0,1,0,1,0,0,0,0,0,0,0,0,0,0,0,0,0,0,0,0,0,0,0,0,0,0,0,0,0,0,0,0,0,0,0,0,0,0,0,0,0,0,0,0,0,0,0,0,0,0,0,0,0,0,0,0,0,0,0,150,5,1600,400,800,20,3,1,248,200,0,1,7,0,4,6
579,65536,20,1000,5484,1,1,1,1,20,2556,1,0,0,0,0,0,1,0,1,0,0,0,0,0,0,0,0,0,0,0,0,0,0,0,0,0,0,0,0,0,0,0,0,0,0,0,0,0,0,0,0,0,0,0,0,0,0,0,0,0,0,0,0,0,0,0,0,0,0,0,0,0,0,0,150,5,1600,400,800,20,3,1,248,200,0,1,7,0,4,6
580,65536,20,1000,5484,1,1,1,1,20,2556,1,0,0,0,0,0,1,0,1,0,0,0,0,0,0,0,0,0,0,0,0,0,0,0,0,0,0,0,0,0,0,0,0,0,0,0,0,0,0,0,0,0,0,0,0,0,0,0,0,0,0,0,0,0,0,0,0,0,0,0,0,0,0,0,150,5,1600,400,800,20,3,1,248,200,0,1,7,0,4,6
581,65536,20,1000,5484,1,1,1,1,20,2556,1,0,0,0,0,0,1,0,1,0,0,0,0,0,0,0,0,0,0,0,0,0,0,0,0,0,0,0,0,0,0,0,0,0,0,0,0,0,0,0,0,0,0,0,0,0,0,0,0,0,0,0,0,0,0,0,0,0,0,0,0,0,0,0,150,5,1600,400,800,20,3,1,248,200,0,1,7,0,4,6
582,65536,20,1000,5484,1,1,1,1,20,2556,1,0,0,0,0,0,1,0,1,0,0,0,0,0,0,0,0,0,0,0,0,0,0,0,0,0,0,0,0,0,0,0,0,0,0,0,0,0,0,0,0,0,0,0,0,0,0,0,0,0,0,0,0,0,0,0,0,0,0,0,0,0,0,0,150,5,1600,400,800,20,3,1,248,200,0,1,7,0,4,6
583,65536,20,1000,5484,1,1,1,1,20,2556,1,0,0,0,0,0,1,0,1,0,0,0,0,0,0,0,0,0,0,0,0,0,0,0,0,0,0,0,0,0,0,0,0,0,0,0,0,0,0,0,0,0,0,0,0,0,0,0,0,0,0,0,0,0,0,0,0,0,0,0,0,0,0,0,150,5,1600,400,800,20,3,1,248,200,0,1,7,0,4,6
584,65536,20,1000,5484,1,1,1,1,20,2556,1,0,0,0,0,0,1,0,1,0,0,0,0,0,0,0,0,0,0,0,0,0,0,0,0,0,0,0,0,0,0,0,0,0,0,0,0,0,0,0,0,0,0,0,0,0,0,0,0,0,0,0,0,0,0,0,0,0,0,0,0,0,0,0,150,5,1600,400,800,20,3,1,248,200,0,1,7,0,4,6
585,65536,20,1000,5484,1,1,1,1,20,2556,1,0,0,0,0,0,1,0,1,0,0,0,0,0,0,0,0,0,0,0,0,0,0,0,0,0,0,0,0,0,0,0,0,0,0,0,0,0,0,0,0,0,0,0,0,0,0,0,0,0,0,0,0,0,0,0,0,0,0,0,0,0,0,0,150,5,1600,400,800,20,3,1,248,200,0,1,7,0,4,6
586,65536,20,1000,5484,1,1,1,1,20,2556,1,0,0,0,0,0,1,0,1,0,0,0,0,0,0,0,0,0,0,0,0,0,0,0,0,0,0,0,0,0,0,0,0,0,0,0,0,0,0,0,0,0,0,0,0,0,0,0,0,0,0,0,0,0,0,0,0,0,0,0,0,0,0,0,150,5,1600,400,800,20,3,1,248,200,0,1,7,0,4,6
587,65536,20,1000,5484,1,1,1,1,20,2556,1,0,0,0,0,0,1,0,1,0,0,0,0,0,0,0,0,0,0,0,0,0,0,0,0,0,0,0,0,0,0,0,0,0,0,0,0,0,0,0,0,0,0,0,0,0,0,0,0,0,0,0,0,0,0,0,0,0,0,0,0,0,0,0,150,5,1600,400,800,20,3,1,248,200,0,1,7,0,4,6
588,65536,20,1000,5484,1,1,1,1,20,2556,1,0,0,0,0,0,1,0,1,0,0,0,0,0,0,0,0,0,0,0,0,0,0,0,0,0,0,0,0,0,0,0,0,0,0,0,0,0,0,0,0,0,0,0,0,0,0,0,0,0,0,0,0,0,0,0,0,0,0,0,0,0,0,0,150,5,1600,400,800,20,3,1,248,200,0,1,7,0,4,6
589,65536,20,1000,5484,1,1,1,1,20,2556,1,0,0,0,0,0,1,0,1,0,0,0,0,0,0,0,0,0,0,0,0,0,0,0,0,0,0,0,0,0,0,0,0,0,0,0,0,0,0,0,0,0,0,0,0,0,0,0,0,0,0,0,0,0,0,0,0,0,0,0,0,0,0,0,150,5,1600,400,800,20,3,1,248,200,0,1,7,0,4,6
590,65536,20,1000,5484,1,1,1,1,20,2556,1,0,0,0,0,0,1,0,1,0,0,0,0,0,0,0,0,0,0,0,0,0,0,0,0,0,0,0,0,0,0,0,0,0,0,0,0,0,0,0,0,0,0,0,0,0,0,0,0,0,0,0,0,0,0,0,0,0,0,0,0,0,0,0,150,5,1600,400,800,20,3,1,248,200,0,1,7,0,4,6
591,65536,20,1000,5484,1,1,1,1,20,2556,1,0,0,0,0,0,1,0,1,0,0,0,0,0,0,0,0,0,0,0,0,0,0,0,0,0,0,0,0,0,0,0,0,0,0,0,0,0,0,0,0,0,0,0,0,0,0,0,0,0,0,0,0,0,0,0,0,0,0,0,0,0,0,0,150,5,1600,400,800,20,3,1,248,200,0,1,7,0,4,6
592,65536,20,1000,5484,1,1,1,1,20,2556,1,0,0,0,0,0,1,0,1,0,0,0,0,0,0,0,0,0,0,0,0,0,0,0,0,0,0,0,0,0,0,0,0,0,0,0,0,0,0,0,0,0,0,0,0,0,0,0,0,0,0,0,0,0,0,0,0,0,0,0,0,0,0,0,150,5,1600,400,800,20,3,1,248,200,0,1,7,0,4,6
593,65536,20,1000,5484,1,1,1,1,20,2556,1,0,0,0,0,0,1,0,1,0,0,0,0,0,0,0,0,0,0,0,0,0,0,0,0,0,0,0,0,0,0,0,0,0,0,0,0,0,0,0,0,0,0,0,0,0,0,0,0,0,0,0,0,0,0,0,0,0,0,0,0,0,0,0,150,5,1600,400,800,20,3,1,248,200,0,1,7,0,4,6
594,65536,20,1000,5484,1,1,1,1,20,2556,1,0,0,0,0,0,1,0,1,0,0,0,0,0,0,0,0,0,0,0,0,0,0,0,0,0,0,0,0,0,0,0,0,0,0,0,0,0,0,0,0,0,0,0,0,0,0,0,0,0,0,0,0,0,0,0,0,0,0,0,0,0,0,0,150,5,1600,400,800,20,3,1,248,200,0,1,7,0,4,6
595,65536,20,1000,5484,1,1,1,1,20,2556,1,0,0,0,0,0,1,0,1,0,0,0,0,0,0,0,0,0,0,0,0,0,0,0,0,0,0,0,0,0,0,0,0,0,0,0,0,0,0,0,0,0,0,0,0,0,0,0,0,0,0,0,0,0,0,0,0,0,0,0,0,0,0,0,150,5,1600,400,800,20,3,1,248,200,0,1,7,0,4,6
596,65536,20,1000,5484,1,1,1,1,20,2556,1,0,0,0,0,0,1,0,1,0,0,0,0,0,0,0,0,0,0,0,0,0,0,0,0,0,0,0,0,0,0,0,0,0,0,0,0,0,0,0,0,0,0,0,0,0,0,0,0,0,0,0,0,0,0,0,0,0,0,0,0,0,0,0,150,5,1600,400,800,20,3,1,248,200,0,1,7,0,4,6
597,65536,20,1000,5484,1,1,1,1,20,2556,1,0,0,0,0,0,1,0,1,0,0,0,0,0,0,0,0,0,0,0,0,0,0,0,0,0,0,0,0,0,0,0,0,0,0,0,0,0,0,0,0,0,0,0,0,0,0,0,0,0,0,0,0,0,0,0,0,0,0,0,0,0,0,0,150,5,1600,400,800,20,3,1,248,200,0,1,7,0,4,6
598,65536,20,1000,5484,1,1,1,1,20,2556,1,0,0,0,0,0,1,0,1,0,0,0,0,0,0,0,0,0,0,0,0,0,0,0,0,0,0,0,0,0,0,0,0,0,0,0,0,0,0,0,0,0,0,0,0,0,0,0,0,0,0,0,0,0,0,0,0,0,0,0,0,0,0,0,150,5,1600,400,800,20,3,1,248,200,0,1,7,0,4,6
599,65536,20,1000,5484,1,1,1,1,20,2556,1,0,0,0,0,0,1,0,1,0,0,0,0,0,0,0,0,0,0,0,0,0,0,0,0,0,0,0,0,0,0,0,0,0,0,0,0,0,0,0,0,0,0,0,0,0,0,0,0,0,0,0,0,0,0,0,0,0,0,0,0,0,0,0,150,5,1600,400,800,20,3,1,248,200,0,1,7,0,4,6
600,65536,20,1000,5484,1,1,1,1,20,2556,1,0,0,0,0,0,1,0,1,0,0,0,0,0,0,0,0,0,0,0,0,0,0,0,0,0,0,0,0,0,0,0,0,0,0,0,0,0,0,0,0,0,0,0,0,0,0,0,0,0,0,0,0,0,0,0,0,0,0,0,0,0,0,0,150,5,1600,400,800,20,3,1,248,200,0,1,7,0,4,6
601,65536,20,1000,5484,1,1,1,1,20,2556,1,0,0,0,0,0,1,0,1,0,0,0,0,0,0,0,0,0,0,0,0,0,0,0,0,0,0,0,0,0,0,0,0,0,0,0,0,0,0,0,0,0,0,0,0,0,0,0,0,0,0,0,0,0,0,0,0,0,0,0,0,0,0,0,150,5,1600,400,800,20,3,1,248,200,0,1,7,0,4,6
602,65536,20,1000,5484,1,1,1,1,20,2556,1,0,0,0,0,0,1,0,1,0,0,0,0,0,0,0,0,0,0,0,0,0,0,0,0,0,0,0,0,0,0,0,0,0,0,0,0,0,0,0,0,0,0,0,0,0,0,0,0,0,0,0,0,0,0,0,0,0,0,0,0,0,0,0,150,5,1600,400,800,20,3,1,248,200,0,1,7,0,4,6
603,65536,20,1000,5484,1,1,1,1,20,2556,1,0,0,0,0,0,1,0,1,0,0,0,0,0,0,0,0,0,0,0,0,0,0,0,0,0,0,0,0,0,0,0,0,0,0,0,0,0,0,0,0,0,0,0,0,0,0,0,0,0,0,0,0,0,0,0,0,0,0,0,0,0,0,0,150,5,1600,400,800,20,3,1,248,200,0,1,7,0,4,6
604,65536,20,1000,5484,1,1,1,1,20,2556,1,0,0,0,0,0,1,0,1,0,0,0,0,0,0,0,0,0,0,0,0,0,0,0,0,0,0,0,0,0,0,0,0,0,0,0,0,0,0,0,0,0,0,0,0,0,0,0,0,0,0,0,0,0,0,0,0,0,0,0,0,0,0,0,150,5,1600,400,800,20,3,1,248,200,0,1,7,0,4,6
605,65536,20,1000,5484,1,1,1,1,20,2556,1,0,0,0,0,0,1,0,1,0,0,0,0,0,0,0,0,0,0,0,0,0,0,0,0,0,0,0,0,0,0,0,0,0,0,0,0,0,0,0,0,0,0,0,0,0,0,0,0,0,0,0,0,0,0,0,0,0,0,0,0,0,0,0,150,5,1600,400,800,20,3,1,248,200,0,1,7,0,4,6
606,65536,20,1000,5484,1,1,1,1,20,2556,1,0,0,0,0,0,1,0,1,0,0,0,0,0,0,0,0,0,0,0,0,0,0,0,0,0,0,0,0,0,0,0,0,0,0,0,0,0,0,0,0,0,0,0,0,0,0,0,0,0,0,0,0,0,0,0,0,0,0,0,0,0,0,0,150,5,1600,400,800,20,3,1,248,200,0,1,7,0,4,6
607,65536,20,1000,5484,1,1,1,1,20,2556,1,0,0,0,0,0,1,0,1,0,0,0,0,0,0,0,0,0,0,0,0,0,0,0,0,0,0,0,0,0,0,0,0,0,0,0,0,0,0,0,0,0,0,0,0,0,0,0,0,0,0,0,0,0,0,0,0,0,0,0,0,0,0,0,150,5,1600,400,800,20,3,1,248,200,0,1,7,0,4,6
608,65536,20,1000,5484,1,1,1,1,20,2556,1,0,0,0,0,0,1,0,1,0,0,0,0,0,0,0,0,0,0,0,0,0,0,0,0,0,0,0,0,0,0,0,0,0,0,0,0,0,0,0,0,0,0,0,0,0,0,0,0,0,0,0,0,0,0,0,0,0,0,0,0,0,0,0,150,5,1600,400,800,20,3,1,248,200,0,1,7,0,4,6
609,65536,20,1000,5484,1,1,1,1,20,2556,1,0,0,0,0,0,1,0,1,0,0,0,0,0,0,0,0,0,0,0,0,0,0,0,0,0,0,0,0,0,0,0,0,0,0,0,0,0,0,0,0,0,0,0,0,0,0,0,0,0,0,0,0,0,0,0,0,0,0,0,0,0,0,0,150,5,1600,400,800,20,3,1,248,200,0,1,7,0,4,6
610,65536,20,1000,5484,1,1,1,1,20,2556,1,0,0,0,0,0,1,0,1,0,0,0,0,0,0,0,0,0,0,0,0,0,0,0,0,0,0,0,0,0,0,0,0,0,0,0,0,0,0,0,0,0,0,0,0,0,0,0,0,0,0,0,0,0,0,0,0,0,0,0,0,0,0,0,150,5,1600,400,800,20,3,1,248,200,0,1,7,0,4,6
611,65536,20,1000,5484,1,1,1,1,20,2556,1,0,0,0,0,0,1,0,1,0,0,0,0,0,0,0,0,0,0,0,0,0,0,0,0,0,0,0,0,0,0,0,0,0,0,0,0,0,0,0,0,0,0,0,0,0,0,0,0,0,0,0,0,0,0,0,0,0,0,0,0,0,0,0,150,5,1600,400,800,20,3,1,248,200,0,1,7,0,4,6
612,65536,20,1000,5484,1,1,1,1,20,2556,1,0,0,0,0,0,1,0,1,0,0,0,0,0,0,0,0,0,0,0,0,0,0,0,0,0,0,0,0,0,0,0,0,0,0,0,0,0,0,0,0,0,0,0,0,0,0,0,0,0,0,0,0,0,0,0,0,0,0,0,0,0,0,0,150,5,1600,400,800,20,3,1,248,200,0,1,7,0,4,6
613,65536,20,1000,5484,1,1,1,1,20,2556,1,0,0,0,0,0,1,0,1,0,0,0,0,0,0,0,0,0,0,0,0,0,0,0,0,0,0,0,0,0,0,0,0,0,0,0,0,0,0,0,0,0,0,0,0,0,0,0,0,0,0,0,0,0,0,0,0,0,0,0,0,0,0,0,150,5,1600,400,800,20,3,1,248,200,0,1,7,0,4,6
614,65536,20,1000,5484,1,1,1,1,20,2556,1,0,0,0,0,0,1,0,1,0,0,0,0,0,0,0,0,0,0,0,0,0,0,0,0,0,0,0,0,0,0,0,0,0,0,0,0,0,0,0,0,0,0,0,0,0,0,0,0,0,0,0,0,0,0,0,0,0,0,0,0,0,0,0,150,5,1600,400,800,20,3,1,248,200,0,1,7,0,4,6
615,65536,20,1000,5484,1,1,1,1,20,2556,1,0,0,0,0,0,1,0,1,0,0,0,0,0,0,0,0,0,0,0,0,0,0,0,0,0,0,0,0,0,0,0,0,0,0,0,0,0,0,0,0,0,0,0,0,0,0,0,0,0,0,0,0,0,0,0,0,0,0,0,0,0,0,0,150,5,1600,400,800,20,3,1,248,200,0,1,7,0,4,6
616,65536,20,1000,5484,1,1,1,1,20,2556,1,0,0,0,0,0,1,0,1,0,0,0,0,0,0,0,0,0,0,0,0,0,0,0,0,0,0,0,0,0,0,0,0,0,0,0,0,0,0,0,0,0,0,0,0,0,0,0,0,0,0,0,0,0,0,0,0,0,0,0,0,0,0,0,150,5,1600,400,800,20,3,1,248,200,0,1,7,0,4,6
617,65536,20,1000,5484,1,1,1,1,20,2556,1,0,0,0,0,0,1,0,1,0,0,0,0,0,0,0,0,0,0,0,0,0,0,0,0,0,0,0,0,0,0,0,0,0,0,0,0,0,0,0,0,0,0,0,0,0,0,0,0,0,0,0,0,0,0,0,0,0,0,0,0,0,0,0,150,5,1600,400,800,20,3,1,248,200,0,1,7,0,4,6
618,65536,20,1000,5484,1,1,1,1,20,2556,1,0,0,0,0,0,1,0,1,0,0,0,0,0,0,0,0,0,0,0,0,0,0,0,0,0,0,0,0,0,0,0,0,0,0,0,0,0,0,0,0,0,0,0,0,0,0,0,0,0,0,0,0,0,0,0,0,0,0,0,0,0,0,0,150,5,1600,400,800,20,3,1,248,200,0,1,7,0,4,6
619,65536,20,1000,5484,1,1,1,1,20,2556,1,0,0,0,0,0,1,0,1,0,0,0,0,0,0,0,0,0,0,0,0,0,0,0,0,0,0,0,0,0,0,0,0,0,0,0,0,0,0,0,0,0,0,0,0,0,0,0,0,0,0,0,0,0,0,0,0,0,0,0,0,0,0,0,150,5,1600,400,800,20,3,1,248,200,0,1,7,0,4,6
620,65536,20,1000,5484,1,1,1,1,20,2556,1,0,0,0,0,0,1,0,1,0,0,0,0,0,0,0,0,0,0,0,0,0,0,0,0,0,0,0,0,0,0,0,0,0,0,0,0,0,0,0,0,0,0,0,0,0,0,0,0,0,0,0,0,0,0,0,0,0,0,0,0,0,0,0,150,5,1600,400,800,20,3,1,248,200,0,1,7,0,4,6
621,65536,20,1000,5484,1,1,1,1,20,2556,1,0,0,0,0,0,1,0,1,0,0,0,0,0,0,0,0,0,0,0,0,0,0,0,0,0,0,0,0,0,0,0,0,0,0,0,0,0,0,0,0,0,0,0,0,0,0,0,0,0,0,0,0,0,0,0,0,0,0,0,0,0,0,0,150,5,1600,400,800,20,3,1,248,200,0,1,7,0,4,6
622,65536,20,1000,5484,1,1,1,1,20,2556,1,0,0,0,0,0,1,0,1,0,0,0,0,0,0,0,0,0,0,0,0,0,0,0,0,0,0,0,0,0,0,0,0,0,0,0,0,0,0,0,0,0,0,0,0,0,0,0,0,0,0,0,0,0,0,0,0,0,0,0,0,0,0,0,150,5,1600,400,800,20,3,1,248,200,0,1,7,0,4,6
623,65536,20,1000,5484,1,1,1,1,20,2556,1,0,0,0,0,0,1,0,1,0,0,0,0,0,0,0,0,0,0,0,0,0,0,0,0,0,0,0,0,0,0,0,0,0,0,0,0,0,0,0,0,0,0,0,0,0,0,0,0,0,0,0,0,0,0,0,0,0,0,0,0,0,0,0,150,5,1600,400,800,20,3,1,248,200,0,1,7,0,4,6
624,65536,20,1000,5484,1,1,1,1,20,2556,1,0,0,0,0,0,1,0,1,0,0,0,0,0,0,0,0,0,0,0,0,0,0,0,0,0,0,0,0,0,0,0,0,0,0,0,0,0,0,0,0,0,0,0,0,0,0,0,0,0,0,0,0,0,0,0,0,0,0,0,0,0,0,0,150,5,1600,400,800,20,3,1,248,200,0,1,7,0,4,6
625,65536,20,1000,5484,1,1,1,1,20,2556,1,0,0,0,0,0,1,0,1,0,0,0,0,0,0,0,0,0,0,0,0,0,0,0,0,0,0,0,0,0,0,0,0,0,0,0,0,0,0,0,0,0,0,0,0,0,0,0,0,0,0,0,0,0,0,0,0,0,0,0,0,0,0,0,150,5,1600,400,800,20,3,1,248,200,0,1,7,0,4,6
626,65536,20,1000,5484,1,1,1,1,20,2556,1,0,0,0,0,0,1,0,1,0,0,0,0,0,0,0,0,0,0,0,0,0,0,0,0,0,0,0,0,0,0,0,0,0,0,0,0,0,0,0,0,0,0,0,0,0,0,0,0,0,0,0,0,0,0,0,0,0,0,0,0,0,0,0,150,5,1600,400,800,20,3,1,248,200,0,1,7,0,4,6
627,65536,20,1000,5484,1,1,1,1,20,2556,1,0,0,0,0,0,1,0,1,0,0,0,0,0,0,0,0,0,0,0,0,0,0,0,0,0,0,0,0,0,0,0,0,0,0,0,0,0,0,0,0,0,0,0,0,0,0,0,0,0,0,0,0,0,0,0,0,0,0,0,0,0,0,0,150,5,1600,400,800,20,3,1,248,200,0,1,7,0,4,6
628,65536,20,1000,5484,1,1,1,1,20,2556,1,0,0,0,0,0,1,0,1,0,0,0,0,0,0,0,0,0,0,0,0,0,0,0,0,0,0,0,0,0,0,0,0,0,0,0,0,0,0,0,0,0,0,0,0,0,0,0,0,0,0,0,0,0,0,0,0,0,0,0,0,0,0,0,150,5,1600,400,800,20,3,1,248,200,0,1,7,0,4,6
629,65536,20,1000,5484,1,1,1,1,20,2556,1,0,0,0,0,0,1,0,1,0,0,0,0,0,0,0,0,0,0,0,0,0,0,0,0,0,0,0,0,0,0,0,0,0,0,0,0,0,0,0,0,0,0,0,0,0,0,0,0,0,0,0,0,0,0,0,0,0,0,0,0,0,0,0,150,5,1600,400,800,20,3,1,248,200,0,1,7,0,4,6
630,65536,20,1000,5484,1,1,1,1,20,2556,1,0,0,0,0,0,1,0,1,0,0,0,0,0,0,0,0,0,0,0,0,0,0,0,0,0,0,0,0,0,0,0,0,0,0,0,0,0,0,0,0,0,0,0,0,0,0,0,0,0,0,0,0,0,0,0,0,0,0,0,0,0,0,0,150,5,1600,400,800,20,3,1,248,200,0,1,7,0,4,6
631,65536,20,1000,5484,1,1,1,1,20,2556,1,0,0,0,0,0,1,0,1,0,0,0,0,0,0,0,0,0,0,0,0,0,0,0,0,0,0,0,0,0,0,0,0,0,0,0,0,0,0,0,0,0,0,0,0,0,0,0,0,0,0,0,0,0,0,0,0,0,0,0,0,0,0,0,150,5,1600,400,800,20,3,1,248,200,0,1,7,0,4,6
632,65536,20,1000,5484,1,1,1,1,20,2556,1,0,0,0,0,0,1,0,1,0,0,0,0,0,0,0,0,0,0,0,0,0,0,0,0,0,0,0,0,0,0,0,0,0,0,0,0,0,0,0,0,0,0,0,0,0,0,0,0,0,0,0,0,0,0,0,0,0,0,0,0,0,0,0,150,5,1600,400,800,20,3,1,248,200,0,1,7,0,4,6
633,65536,20,1000,5484,1,1,1,1,20,2556,1,0,0,0,0,0,1,0,1,0,0,0,0,0,0,0,0,0,0,0,0,0,0,0,0,0,0,0,0,0,0,0,0,0,0,0,0,0,0,0,0,0,0,0,0,0,0,0,0,0,0,0,0,0,0,0,0,0,0,0,0,0,0,0,150,5,1600,400,800,20,3,1,248,200,0,1,7,0,4,6
634,65536,20,1000,5484,1,1,1,1,20,2556,1,0,0,0,0,0,1,0,1,0,0,0,0,0,0,0,0,0,0,0,0,0,0,0,0,0,0,0,0,0,0,0,0,0,0,0,0,0,0,0,0,0,0,0,0,0,0,0,0,0,0,0,0,0,0,0,0,0,0,0,0,0,0,0,150,5,1600,400,800,20,3,1,248,200,0,1,7,0,4,6
635,65536,20,1000,5484,1,1,1,1,20,2556,1,0,0,0,0,0,1,0,1,0,0,0,0,0,0,0,0,0,0,0,0,0,0,0,0,0,0,0,0,0,0,0,0,0,0,0,0,0,0,0,0,0,0,0,0,0,0,0,0,0,0,0,0,0,0,0,0,0,0,0,0,0,0,0,150,5,1600,400,800,20,3,1,248,200,0,1,7,0,4,6
636,65536,20,1000,5484,1,1,1,1,20,2556,1,0,0,0,0,0,1,0,1,0,0,0,0,0,0,0,0,0,0,0,0,0,0,0,0,0,0,0,0,0,0,0,0,0,0,0,0,0,0,0,0,0,0,0,0,0,0,0,0,0,0,0,0,0,0,0,0,0,0,0,0,0,0,0,150,5,1600,400,800,20,3,1,248,200,0,1,7,0,4,6
637,65536,20,1000,5484,1,1,1,1,20,2556,1,0,0,0,0,0,1,0,1,0,0,0,0,0,0,0,0,0,0,0,0,0,0,0,0,0,0,0,0,0,0,0,0,0,0,0,0,0,0,0,0,0,0,0,0,0,0,0,0,0,0,0,0,0,0,0,0,0,0,0,0,0,0,0,150,5,1600,400,800,20,3,1,248,200,0,1,7,0,4,6
638,65536,20,1000,5484,1,1,1,1,20,2556,1,0,0,0,0,0,1,0,1,0,0,0,0,0,0,0,0,0,0,0,0,0,0,0,0,0,0,0,0,0,0,0,0,0,0,0,0,0,0,0,0,0,0,0,0,0,0,0,0,0,0,0,0,0,0,0,0,0,0,0,0,0,0,0,150,5,1600,400,800,20,3,1,248,200,0,1,7,0,4,6
639,65536,20,1000,5484,1,1,1,1,20,2556,1,0,0,0,0,0,1,0,1,0,0,0,0,0,0,0,0,0,0,0,0,0,0,0,0,0,0,0,0,0,0,0,0,0,0,0,0,0,0,0,0,0,0,0,0,0,0,0,0,0,0,0,0,0,0,0,0,0,0,0,0,0,0,0,150,5,1600,400,800,20,3,1,248,200,0,1,7,0,4,6
640,65536,20,1000,5484,1,1,1,1,20,2556,1,0,0,0,0,0,1,0,1,0,0,0,0,0,0,0,0,0,0,0,0,0,0,0,0,0,0,0,0,0,0,0,0,0,0,0,0,0,0,0,0,0,0,0,0,0,0,0,0,0,0,0,0,0,0,0,0,0,0,0,0,0,0,0,150,5,1600,400,800,20,3,1,248,200,0,1,7,0,4,6
641,65536,20,1000,5484,1,1,1,1,20,2556,1,0,0,0,0,0,1,0,1,0,0,0,0,0,0,0,0,0,0,0,0,0,0,0,0,0,0,0,0,0,0,0,0,0,0,0,0,0,0,0,0,0,0,0,0,0,0,0,0,0,0,0,0,0,0,0,0,0,0,0,0,0,0,0,150,5,1600,400,800,20,3,1,248,200,0,1,7,0,4,6
642,65536,20,1000,5484,1,1,1,1,20,2556,1,0,0,0,0,0,1,0,1,0,0,0,0,0,0,0,0,0,0,0,0,0,0,0,0,0,0,0,0,0,0,0,0,0,0,0,0,0,0,0,0,0,0,0,0,0,0,0,0,0,0,0,0,0,0,0,0,0,0,0,0,0,0,0,150,5,1600,400,800,20,3,1,248,200,0,1,7,0,4,6
643,65536,20,1000,5484,1,1,1,1,20,2556,1,0,0,0,0,0,1,0,1,0,0,0,0,0,0,0,0,0,0,0,0,0,0,0,0,0,0,0,0,0,0,0,0,0,0,0,0,0,0,0,0,0,0,0,0,0,0,0,0,0,0,0,0,0,0,0,0,0,0,0,0,0,0,0,150,5,1600,400,800,20,3,1,248,200,0,1,7,0,4,6
644,65536,20,1000,5484,1,1,1,1,20,2556,1,0,0,0,0,0,1,0,1,0,0,0,0,0,0,0,0,0,0,0,0,0,0,0,0,0,0,0,0,0,0,0,0,0,0,0,0,0,0,0,0,0,0,0,0,0,0,0,0,0,0,0,0,0,0,0,0,0,0,0,0,0,0,0,150,5,1600,400,800,20,3,1,248,200,0,1,7,0,4,6
645,65536,20,1000,5484,1,1,1,1,20,2556,1,0,0,0,0,0,1,0,1,0,0,0,0,0,0,0,0,0,0,0,0,0,0,0,0,0,0,0,0,0,0,0,0,0,0,0,0,0,0,0,0,0,0,0,0,0,0,0,0,0,0,0,0,0,0,0,0,0,0,0,0,0,0,0,150,5,1600,400,800,20,3,1,248,200,0,1,7,0,4,6
646,65536,20,1000,5484,1,1,1,1,20,2556,1,0,0,0,0,0,1,0,1,0,0,0,0,0,0,0,0,0,0,0,0,0,0,0,0,0,0,0,0,0,0,0,0,0,0,0,0,0,0,0,0,0,0,0,0,0,0,0,0,0,0,0,0,0,0,0,0,0,0,0,0,0,0,0,150,5,1600,400,800,20,3,1,248,200,0,1,7,0,4,6
647,65536,20,1000,5484,1,1,1,1,20,2556,1,0,0,0,0,0,1,0,1,0,0,0,0,0,0,0,0,0,0,0,0,0,0,0,0,0,0,0,0,0,0,0,0,0,0,0,0,0,0,0,0,0,0,0,0,0,0,0,0,0,0,0,0,0,0,0,0,0,0,0,0,0,0,0,150,5,1600,400,800,20,3,1,248,200,0,1,7,0,4,6
648,65536,20,1000,5484,1,1,1,1,20,2556,1,0,0,0,0,0,1,0,1,0,0,0,0,0,0,0,0,0,0,0,0,0,0,0,0,0,0,0,0,0,0,0,0,0,0,0,0,0,0,0,0,0,0,0,0,0,0,0,0,0,0,0,0,0,0,0,0,0,0,0,0,0,0,0,150,5,1600,400,800,20,3,1,248,200,0,1,7,0,4,6
649,65536,20,1000,5484,1,1,1,1,20,2556,1,0,0,0,0,0,1,0,1,0,0,0,0,0,0,0,0,0,0,0,0,0,0,0,0,0,0,0,0,0,0,0,0,0,0,0,0,0,0,0,0,0,0,0,0,0,0,0,0,0,0,0,0,0,0,0,0,0,0,0,0,0,0,0,150,5,1600,400,800,20,3,1,248,200,0,1,7,0,4,6
650,65536,20,1000,5484,1,1,1,1,20,2556,1,0,0,0,0,0,1,0,1,0,0,0,0,0,0,0,0,0,0,0,0,0,0,0,0,0,0,0,0,0,0,0,0,0,0,0,0,0,0,0,0,0,0,0,0,0,0,0,0,0,0,0,0,0,0,0,0,0,0,0,0,0,0,0,150,5,1600,400,800,20,3,1,248,200,0,1,7,0,4,6
651,65536,20,1000,5484,1,1,1,1,20,2556,1,0,0,0,0,0,1,0,1,0,0,0,0,0,0,0,0,0,0,0,0,0,0,0,0,0,0,0,0,0,0,0,0,0,0,0,0,0,0,0,0,0,0,0,0,0,0,0,0,0,0,0,0,0,0,0,0,0,0,0,0,0,0,0,150,5,1600,400,800,20,3,1,248,200,0,1,7,0,4,6
652,65536,20,1000,5484,1,1,1,1,20,2556,1,0,0,0,0,0,1,0,1,0,0,0,0,0,0,0,0,0,0,0,0,0,0,0,0,0,0,0,0,0,0,0,0,0,0,0,0,0,0,0,0,0,0,0,0,0,0,0,0,0,0,0,0,0,0,0,0,0,0,0,0,0,0,0,150,5,1600,400,800,20,3,1,248,200,0,1,7,0,4,6
653,65536,20,1000,5484,1,1,1,1,20,2556,1,0,0,0,0,0,1,0,1,0,0,0,0,0,0,0,0,0,0,0,0,0,0,0,0,0,0,0,0,0,0,0,0,0,0,0,0,0,0,0,0,0,0,0,0,0,0,0,0,0,0,0,0,0,0,0,0,0,0,0,0,0,0,0,150,5,1600,400,800,20,3,1,248,200,0,1,7,0,4,6
654,65536,20,1000,5484,1,1,1,1,20,2556,1,0,0,0,0,0,1,0,1,0,0,0,0,0,0,0,0,0,0,0,0,0,0,0,0,0,0,0,0,0,0,0,0,0,0,0,0,0,0,0,0,0,0,0,0,0,0,0,0,0,0,0,0,0,0,0,0,0,0,0,0,0,0,0,150,5,1600,400,800,20,3,1,248,200,0,1,7,0,4,6
655,65536,20,1000,5484,1,1,1,1,20,2556,1,0,0,0,0,0,1,0,1,0,0,0,0,0,0,0,0,0,0,0,0,0,0,0,0,0,0,0,0,0,0,0,0,0,0,0,0,0,0,0,0,0,0,0,0,0,0,0,0,0,0,0,0,0,0,0,0,0,0,0,0,0,0,0,150,5,1600,400,800,20,3,1,248,200,0,1,7,0,4,6
656,65536,20,1000,5484,1,1,1,1,20,2556,1,0,0,0,0,0,1,0,1,0,0,0,0,0,0,0,0,0,0,0,0,0,0,0,0,0,0,0,0,0,0,0,0,0,0,0,0,0,0,0,0,0,0,0,0,0,0,0,0,0,0,0,0,0,0,0,0,0,0,0,0,0,0,0,150,5,1600,400,800,20,3,1,248,200,0,1,7,0,4,6
657,65536,20,1000,5484,1,1,1,1,20,2556,1,0,0,0,0,0,1,0,1,0,0,0,0,0,0,0,0,0,0,0,0,0,0,0,0,0,0,0,0,0,0,0,0,0,0,0,0,0,0,0,0,0,0,0,0,0,0,0,0,0,0,0,0,0,0,0,0,0,0,0,0,0,0,0,150,5,1600,400,800,20,3,1,248,200,0,1,7,0,4,6
658,65536,20,1000,5484,1,1,1,1,20,2556,1,0,0,0,0,0,1,0,1,0,0,0,0,0,0,0,0,0,0,0,0,0,0,0,0,0,0,0,0,0,0,0,0,0,0,0,0,0,0,0,0,0,0,0,0,0,0,0,0,0,0,0,0,0,0,0,0,0,0,0,0,0,0,0,150,5,1600,400,800,20,3,1,248,200,0,1,7,0,4,6
659,65536,20,1000,5484,1,1,1,1,20,2556,1,0,0,0,0,0,1,0,1,0,0,0,0,0,0,0,0,0,0,0,0,0,0,0,0,0,0,0,0,0,0,0,0,0,0,0,0,0,0,0,0,0,0,0,0,0,0,0,0,0,0,0,0,0,0,0,0,0,0,0,0,0,0,0,150,5,1600,400,800,20,3,1,248,200,0,1,7,0,4,6
660,65536,20,1000,5484,1,1,1,1,20,2556,1,0,0,0,0,0,1,0,1,0,0,0,0,0,0,0,0,0,0,0,0,0,0,0,0,0,0,0,0,0,0,0,0,0,0,0,0,0,0,0,0,0,0,0,0,0,0,0,0,0,0,0,0,0,0,0,0,0,0,0,0,0,0,0,150,5,1600,400,800,20,3,1,248,200,0,1,7,0,4,6
661,65536,20,1000,5484,1,1,1,1,20,2556,1,0,0,0,0,0,1,0,1,0,0,0,0,0,0,0,0,0,0,0,0,0,0,0,0,0,0,0,0,0,0,0,0,0,0,0,0,0,0,0,0,0,0,0,0,0,0,0,0,0,0,0,0,0,0,0,0,0,0,0,0,0,0,0,150,5,1600,400,800,20,3,1,248,200,0,1,7,0,4,6
662,65536,20,1000,5484,1,1,1,1,20,2556,1,0,0,0,0,0,1,0,1,0,0,0,0,0,0,0,0,0,0,0,0,0,0,0,0,0,0,0,0,0,0,0,0,0,0,0,0,0,0,0,0,0,0,0,0,0,0,0,0,0,0,0,0,0,0,0,0,0,0,0,0,0,0,0,150,5,1600,400,800,20,3,1,248,200,0,1,7,0,4,6
663,65536,20,1000,5484,1,1,1,1,20,2556,1,0,0,0,0,0,1,0,1,0,0,0,0,0,0,0,0,0,0,0,0,0,0,0,0,0,0,0,0,0,0,0,0,0,0,0,0,0,0,0,0,0,0,0,0,0,0,0,0,0,0,0,0,0,0,0,0,0,0,0,0,0,0,0,150,5,1600,400,800,20,3,1,248,200,0,1,7,0,4,6
664,65536,20,1000,5484,1,1,1,1,20,2556,1,0,0,0,0,0,1,0,1,0,0,0,0,0,0,0,0,0,0,0,0,0,0,0,0,0,0,0,0,0,0,0,0,0,0,0,0,0,0,0,0,0,0,0,0,0,0,0,0,0,0,0,0,0,0,0,0,0,0,0,0,0,0,0,150,5,1600,400,800,20,3,1,248,200,0,1,7,0,4,6
665,65536,20,1000,5484,1,1,1,1,20,2556,1,0,0,0,0,0,1,0,1,0,0,0,0,0,0,0,0,0,0,0,0,0,0,0,0,0,0,0,0,0,0,0,0,0,0,0,0,0,0,0,0,0,0,0,0,0,0,0,0,0,0,0,0,0,0,0,0,0,0,0,0,0,0,0,150,5,1600,400,800,20,3,1,248,200,0,1,7,0,4,6
666,65536,20,1000,5484,1,1,1,1,20,2556,1,0,0,0,0,0,1,0,1,0,0,0,0,0,0,0,0,0,0,0,0,0,0,0,0,0,0,0,0,0,0,0,0,0,0,0,0,0,0,0,0,0,0,0,0,0,0,0,0,0,0,0,0,0,0,0,0,0,0,0,0,0,0,0,150,5,1600,400,800,20,3,1,248,200,0,1,7,0,4,6
667,65536,20,1000,5484,1,1,1,1,20,2556,1,0,0,0,0,0,1,0,1,0,0,0,0,0,0,0,0,0,0,0,0,0,0,0,0,0,0,0,0,0,0,0,0,0,0,0,0,0,0,0,0,0,0,0,0,0,0,0,0,0,0,0,0,0,0,0,0,0,0,0,0,0,0,0,150,5,1600,400,800,20,3,1,248,200,0,1,7,0,4,6
668,65536,20,1000,5484,1,1,1,1,20,2556,1,0,0,0,0,0,1,0,1,0,0,0,0,0,0,0,0,0,0,0,0,0,0,0,0,0,0,0,0,0,0,0,0,0,0,0,0,0,0,0,0,0,0,0,0,0,0,0,0,0,0,0,0,0,0,0,0,0,0,0,0,0,0,0,150,5,1600,400,800,20,3,1,248,200,0,1,7,0,4,6
669,65536,20,1000,5484,1,1,1,1,20,2556,1,0,0,0,0,0,1,0,1,0,0,0,0,0,0,0,0,0,0,0,0,0,0,0,0,0,0,0,0,0,0,0,0,0,0,0,0,0,0,0,0,0,0,0,0,0,0,0,0,0,0,0,0,0,0,0,0,0,0,0,0,0,0,0,150,5,1600,400,800,20,3,1,248,200,0,1,7,0,4,6
670,65536,20,1000,5484,1,1,1,1,20,2556,1,0,0,0,0,0,1,0,1,0,0,0,0,0,0,0,0,0,0,0,0,0,0,0,0,0,0,0,0,0,0,0,0,0,0,0,0,0,0,0,0,0,0,0,0,0,0,0,0,0,0,0,0,0,0,0,0,0,0,0,0,0,0,0,150,5,1600,400,800,20,3,1,248,200,0,1,7,0,4,6
671,65536,20,1000,5484,1,1,1,1,20,2556,1,0,0,0,0,0,1,0,1,0,0,0,0,0,0,0,0,0,0,0,0,0,0,0,0,0,0,0,0,0,0,0,0,0,0,0,0,0,0,0,0,0,0,0,0,0,0,0,0,0,0,0,0,0,0,0,0,0,0,0,0,0,0,0,150,5,1600,400,800,20,3,1,248,200,0,1,7,0,4,6
672,65536,20,1000,5484,1,1,1,1,20,2556,1,0,0,0,0,0,1,0,1,0,0,0,0,0,0,0,0,0,0,0,0,0,0,0,0,0,0,0,0,0,0,0,0,0,0,0,0,0,0,0,0,0,0,0,0,0,0,0,0,0,0,0,0,0,0,0,0,0,0,0,0,0,0,0,150,5,1600,400,800,20,3,1,248,200,0,1,7,0,4,6
673,65536,20,1000,5484,1,1,1,1,20,2556,1,0,0,0,0,0,1,0,1,0,0,0,0,0,0,0,0,0,0,0,0,0,0,0,0,0,0,0,0,0,0,0,0,0,0,0,0,0,0,0,0,0,0,0,0,0,0,0,0,0,0,0,0,0,0,0,0,0,0,0,0,0,0,0,150,5,1600,400,800,20,3,1,248,200,0,1,7,0,4,6
674,65536,20,1000,5484,1,1,1,1,20,2556,1,0,0,0,0,0,1,0,1,0,0,0,0,0,0,0,0,0,0,0,0,0,0,0,0,0,0,0,0,0,0,0,0,0,0,0,0,0,0,0,0,0,0,0,0,0,0,0,0,0,0,0,0,0,0,0,0,0,0,0,0,0,0,0,150,5,1600,400,800,20,3,1,248,200,0,1,7,0,4,6
675,65536,20,1000,5484,1,1,1,1,20,2556,1,0,0,0,0,0,1,0,1,0,0,0,0,0,0,0,0,0,0,0,0,0,0,0,0,0,0,0,0,0,0,0,0,0,0,0,0,0,0,0,0,0,0,0,0,0,0,0,0,0,0,0,0,0,0,0,0,0,0,0,0,0,0,0,150,5,1600,400,800,20,3,1,248,200,0,1,7,0,4,6
676,65536,20,1000,5484,1,1,1,1,20,2556,1,0,0,0,0,0,1,0,1,0,0,0,0,0,0,0,0,0,0,0,0,0,0,0,0,0,0,0,0,0,0,0,0,0,0,0,0,0,0,0,0,0,0,0,0,0,0,0,0,0,0,0,0,0,0,0,0,0,0,0,0,0,0,0,150,5,1600,400,800,20,3,1,248,200,0,1,7,0,4,6
677,65536,20,1000,5484,1,1,1,1,20,2556,1,0,0,0,0,0,1,0,1,0,0,0,0,0,0,0,0,0,0,0,0,0,0,0,0,0,0,0,0,0,0,0,0,0,0,0,0,0,0,0,0,0,0,0,0,0,0,0,0,0,0,0,0,0,0,0,0,0,0,0,0,0,0,0,150,5,1600,400,800,20,3,1,248,200,0,1,7,0,4,6
678,65536,20,1000,5484,1,1,1,1,20,2556,1,0,0,0,0,0,1,0,1,0,0,0,0,0,0,0,0,0,0,0,0,0,0,0,0,0,0,0,0,0,0,0,0,0,0,0,0,0,0,0,0,0,0,0,0,0,0,0,0,0,0,0,0,0,0,0,0,0,0,0,0,0,0,0,150,5,1600,400,800,20,3,1,248,200,0,1,7,0,4,6
679,65536,20,1000,5484,1,1,1,1,20,2556,1,0,0,0,0,0,1,0,1,0,0,0,0,0,0,0,0,0,0,0,0,0,0,0,0,0,0,0,0,0,0,0,0,0,0,0,0,0,0,0,0,0,0,0,0,0,0,0,0,0,0,0,0,0,0,0,0,0,0,0,0,0,0,0,150,5,1600,400,800,20,3,1,248,200,0,1,7,0,4,6
680,65536,20,1000,5484,1,1,1,1,20,2556,1,0,0,0,0,0,1,0,1,0,0,0,0,0,0,0,0,0,0,0,0,0,0,0,0,0,0,0,0,0,0,0,0,0,0,0,0,0,0,0,0,0,0,0,0,0,0,0,0,0,0,0,0,0,0,0,0,0,0,0,0,0,0,0,150,5,1600,400,800,20,3,1,248,200,0,1,7,0,4,6
681,65536,20,1000,5484,1,1,1,1,20,2556,1,0,0,0,0,0,1,0,1,0,0,0,0,0,0,0,0,0,0,0,0,0,0,0,0,0,0,0,0,0,0,0,0,0,0,0,0,0,0,0,0,0,0,0,0,0,0,0,0,0,0,0,0,0,0,0,0,0,0,0,0,0,0,0,150,5,1600,400,800,20,3,1,248,200,0,1,7,0,4,6
682,65536,20,1000,5484,1,1,1,1,20,2556,1,0,0,0,0,0,1,0,1,0,0,0,0,0,0,0,0,0,0,0,0,0,0,0,0,0,0,0,0,0,0,0,0,0,0,0,0,0,0,0,0,0,0,0,0,0,0,0,0,0,0,0,0,0,0,0,0,0,0,0,0,0,0,0,150,5,1600,400,800,20,3,1,248,200,0,1,7,0,4,6
683,65536,20,1000,5484,1,1,1,1,20,2556,1,0,0,0,0,0,1,0,1,0,0,0,0,0,0,0,0,0,0,0,0,0,0,0,0,0,0,0,0,0,0,0,0,0,0,0,0,0,0,0,0,0,0,0,0,0,0,0,0,0,0,0,0,0,0,0,0,0,0,0,0,0,0,0,150,5,1600,400,800,20,3,1,248,200,0,1,7,0,4,6
684,65536,20,1000,5484,1,1,1,1,20,2556,1,0,0,0,0,0,1,0,1,0,0,0,0,0,0,0,0,0,0,0,0,0,0,0,0,0,0,0,0,0,0,0,0,0,0,0,0,0,0,0,0,0,0,0,0,0,0,0,0,0,0,0,0,0,0,0,0,0,0,0,0,0,0,0,150,5,1600,400,800,20,3,1,248,200,0,1,7,0,4,6
685,65536,20,1000,5484,1,1,1,1,20,2556,1,0,0,0,0,0,1,0,1,0,0,0,0,0,0,0,0,0,0,0,0,0,0,0,0,0,0,0,0,0,0,0,0,0,0,0,0,0,0,0,0,0,0,0,0,0,0,0,0,0,0,0,0,0,0,0,0,0,0,0,0,0,0,0,150,5,1600,400,800,20,3,1,248,200,0,1,7,0,4,6
686,65536,20,1000,5484,1,1,1,1,20,2556,1,0,0,0,0,0,1,0,1,0,0,0,0,0,0,0,0,0,0,0,0,0,0,0,0,0,0,0,0,0,0,0,0,0,0,0,0,0,0,0,0,0,0,0,0,0,0,0,0,0,0,0,0,0,0,0,0,0,0,0,0,0,0,0,150,5,1600,400,800,20,3,1,248,200,0,1,7,0,4,6
687,65536,20,1000,5484,1,1,1,1,20,2556,1,0,0,0,0,0,1,0,1,0,0,0,0,0,0,0,0,0,0,0,0,0,0,0,0,0,0,0,0,0,0,0,0,0,0,0,0,0,0,0,0,0,0,0,0,0,0,0,0,0,0,0,0,0,0,0,0,0,0,0,0,0,0,0,150,5,1600,400,800,20,3,1,248,200,0,1,7,0,4,6
688,65536,20,1000,5484,1,1,1,1,20,2556,1,0,0,0,0,0,1,0,1,0,0,0,0,0,0,0,0,0,0,0,0,0,0,0,0,0,0,0,0,0,0,0,0,0,0,0,0,0,0,0,0,0,0,0,0,0,0,0,0,0,0,0,0,0,0,0,0,0,0,0,0,0,0,0,150,5,1600,400,800,20,3,1,248,200,0,1,7,0,4,6
689,65536,20,1000,5484,1,1,1,1,20,2556,1,0,0,0,0,0,1,0,1,0,0,0,0,0,0,0,0,0,0,0,0,0,0,0,0,0,0,0,0,0,0,0,0,0,0,0,0,0,0,0,0,0,0,0,0,0,0,0,0,0,0,0,0,0,0,0,0,0,0,0,0,0,0,0,150,5,1600,400,800,20,3,1,248,200,0,1,7,0,4,6
690,65536,20,1000,5484,1,1,1,1,20,2556,1,0,0,0,0,0,1,0,1,0,0,0,0,0,0,0,0,0,0,0,0,0,0,0,0,0,0,0,0,0,0,0,0,0,0,0,0,0,0,0,0,0,0,0,0,0,0,0,0,0,0,0,0,0,0,0,0,0,0,0,0,0,0,0,150,5,1600,400,800,20,3,1,248,200,0,1,7,0,4,6
691,65536,20,1000,5484,1,1,1,1,20,2556,1,0,0,0,0,0,1,0,1,0,0,0,0,0,0,0,0,0,0,0,0,0,0,0,0,0,0,0,0,0,0,0,0,0,0,0,0,0,0,0,0,0,0,0,0,0,0,0,0,0,0,0,0,0,0,0,0,0,0,0,0,0,0,0,150,5,1600,400,800,20,3,1,248,200,0,1,7,0,4,6
692,65536,20,1000,5484,1,1,1,1,20,2556,1,0,0,0,0,0,1,0,1,0,0,0,0,0,0,0,0,0,0,0,0,0,0,0,0,0,0,0,0,0,0,0,0,0,0,0,0,0,0,0,0,0,0,0,0,0,0,0,0,0,0,0,0,0,0,0,0,0,0,0,0,0,0,0,150,5,1600,400,800,20,3,1,248,200,0,1,7,0,4,6
693,65536,20,1000,5484,1,1,1,1,20,2556,1,0,0,0,0,0,1,0,1,0,0,0,0,0,0,0,0,0,0,0,0,0,0,0,0,0,0,0,0,0,0,0,0,0,0,0,0,0,0,0,0,0,0,0,0,0,0,0,0,0,0,0,0,0,0,0,0,0,0,0,0,0,0,0,150,5,1600,400,800,20,3,1,248,200,0,1,7,0,4,6
694,65536,20,1000,5484,1,1,1,1,20,2556,1,0,0,0,0,0,1,0,1,0,0,0,0,0,0,0,0,0,0,0,0,0,0,0,0,0,0,0,0,0,0,0,0,0,0,0,0,0,0,0,0,0,0,0,0,0,0,0,0,0,0,0,0,0,0,0,0,0,0,0,0,0,0,0,150,5,1600,400,800,20,3,1,248,200,0,1,7,0,4,6
695,65536,20,1000,5484,1,1,1,1,20,2556,1,0,0,0,0,0,1,0,1,0,0,0,0,0,0,0,0,0,0,0,0,0,0,0,0,0,0,0,0,0,0,0,0,0,0,0,0,0,0,0,0,0,0,0,0,0,0,0,0,0,0,0,0,0,0,0,0,0,0,0,0,0,0,0,150,5,1600,400,800,20,3,1,248,200,0,1,7,0,4,6
696,65536,20,1000,5484,1,1,1,1,20,2556,1,0,0,0,0,0,1,0,1,0,0,0,0,0,0,0,0,0,0,0,0,0,0,0,0,0,0,0,0,0,0,0,0,0,0,0,0,0,0,0,0,0,0,0,0,0,0,0,0,0,0,0,0,0,0,0,0,0,0,0,0,0,0,0,150,5,1600,400,800,20,3,1,248,200,0,1,7,0,4,6
697,65536,20,1000,5484,1,1,1,1,20,2556,1,0,0,0,0,0,1,0,1,0,0,0,0,0,0,0,0,0,0,0,0,0,0,0,0,0,0,0,0,0,0,0,0,0,0,0,0,0,0,0,0,0,0,0,0,0,0,0,0,0,0,0,0,0,0,0,0,0,0,0,0,0,0,0,150,5,1600,400,800,20,3,1,248,200,0,1,7,0,4,6
698,65536,20,1000,5484,1,1,1,1,20,2556,1,0,0,0,0,0,1,0,1,0,0,0,0,0,0,0,0,0,0,0,0,0,0,0,0,0,0,0,0,0,0,0,0,0,0,0,0,0,0,0,0,0,0,0,0,0,0,0,0,0,0,0,0,0,0,0,0,0,0,0,0,0,0,0,150,5,1600,400,800,20,3,1,248,200,0,1,7,0,4,6
699,65536,20,1000,5484,1,1,1,1,20,2556,1,0,0,0,0,0,1,0,1,0,0,0,0,0,0,0,0,0,0,0,0,0,0,0,0,0,0,0,0,0,0,0,0,0,0,0,0,0,0,0,0,0,0,0,0,0,0,0,0,0,0,0,0,0,0,0,0,0,0,0,0,0,0,0,150,5,1600,400,800,20,3,1,248,200,0,1,7,0,4,6
700,65536,20,1000,5484,1,1,1,1,20,2556,1,0,0,0,0,0,1,0,1,0,0,0,0,0,0,0,0,0,0,0,0,0,0,0,0,0,0,0,0,0,0,0,0,0,0,0,0,0,0,0,0,0,0,0,0,0,0,0,0,0,0,0,0,0,0,0,0,0,0,0,0,0,0,0,150,5,1600,400,800,20,3,1,248,200,0,1,7,0,4,6
701,65536,20,1000,5484,1,1,1,1,20,2556,1,0,0,0,0,0,1,0,1,0,0,0,0,0,0,0,0,0,0,0,0,0,0,0,0,0,0,0,0,0,0,0,0,0,0,0,0,0,0,0,0,0,0,0,0,0,0,0,0,0,0,0,0,0,0,0,0,0,0,0,0,0,0,0,150,5,1600,400,800,20,3,1,248,200,0,1,7,0,4,6
702,65536,20,1000,5484,1,1,1,1,20,2556,1,0,0,0,0,0,1,0,1,0,0,0,0,0,0,0,0,0,0,0,0,0,0,0,0,0,0,0,0,0,0,0,0,0,0,0,0,0,0,0,0,0,0,0,0,0,0,0,0,0,0,0,0,0,0,0,0,0,0,0,0,0,0,0,150,5,1600,400,800,20,3,1,248,200,0,1,7,0,4,6
703,65536,20,1000,5484,1,1,1,1,20,2556,1,0,0,0,0,0,1,0,1,0,0,0,0,0,0,0,0,0,0,0,0,0,0,0,0,0,0,0,0,0,0,0,0,0,0,0,0,0,0,0,0,0,0,0,0,0,0,0,0,0,0,0,0,0,0,0,0,0,0,0,0,0,0,0,150,5,1600,400,800,20,3,1,248,200,0,1,7,0,4,6
704,65536,20,1000,5484,1,1,1,1,20,2556,1,0,0,0,0,0,1,0,1,0,0,0,0,0,0,0,0,0,0,0,0,0,0,0,0,0,0,0,0,0,0,0,0,0,0,0,0,0,0,0,0,0,0,0,0,0,0,0,0,0,0,0,0,0,0,0,0,0,0,0,0,0,0,0,150,5,1600,400,800,20,3,1,248,200,0,1,7,0,4,6
705,65536,20,1000,5484,1,1,1,1,20,2556,1,0,0,0,0,0,1,0,1,0,0,0,0,0,0,0,0,0,0,0,0,0,0,0,0,0,0,0,0,0,0,0,0,0,0,0,0,0,0,0,0,0,0,0,0,0,0,0,0,0,0,0,0,0,0,0,0,0,0,0,0,0,0,0,150,5,1600,400,800,20,3,1,248,200,0,1,7,0,4,6
706,65536,20,1000,5484,1,1,1,1,20,2556,1,0,0,0,0,0,1,0,1,0,0,0,0,0,0,0,0,0,0,0,0,0,0,0,0,0,0,0,0,0,0,0,0,0,0,0,0,0,0,0,0,0,0,0,0,0,0,0,0,0,0,0,0,0,0,0,0,0,0,0,0,0,0,0,150,5,1600,400,800,20,3,1,248,200,0,1,7,0,4,6
707,65536,20,1000,5484,1,1,1,1,20,2556,1,0,0,0,0,0,1,0,1,0,0,0,0,0,0,0,0,0,0,0,0,0,0,0,0,0,0,0,0,0,0,0,0,0,0,0,0,0,0,0,0,0,0,0,0,0,0,0,0,0,0,0,0,0,0,0,0,0,0,0,0,0,0,0,150,5,1600,400,800,20,3,1,248,200,0,1,7,0,4,6
708,65536,20,1000,5484,1,1,1,1,20,2556,1,0,0,0,0,0,1,0,1,0,0,0,0,0,0,0,0,0,0,0,0,0,0,0,0,0,0,0,0,0,0,0,0,0,0,0,0,0,0,0,0,0,0,0,0,0,0,0,0,0,0,0,0,0,0,0,0,0,0,0,0,0,0,0,150,5,1600,400,800,20,3,1,248,200,0,1,7,0,4,6
709,65536,20,1000,5484,1,1,1,1,20,2556,1,0,0,0,0,0,1,0,1,0,0,0,0,0,0,0,0,0,0,0,0,0,0,0,0,0,0,0,0,0,0,0,0,0,0,0,0,0,0,0,0,0,0,0,0,0,0,0,0,0,0,0,0,0,0,0,0,0,0,0,0,0,0,0,150,5,1600,400,800,20,3,1,248,200,0,1,7,0,4,6
710,65536,20,1000,5484,1,1,1,1,20,2556,1,0,0,0,0,0,1,0,1,0,0,0,0,0,0,0,0,0,0,0,0,0,0,0,0,0,0,0,0,0,0,0,0,0,0,0,0,0,0,0,0,0,0,0,0,0,0,0,0,0,0,0,0,0,0,0,0,0,0,0,0,0,0,0,150,5,1600,400,800,20,3,1,248,200,0,1,7,0,4,6
711,65536,20,1000,5484,1,1,1,1,20,2556,1,0,0,0,0,0,1,0,1,0,0,0,0,0,0,0,0,0,0,0,0,0,0,0,0,0,0,0,0,0,0,0,0,0,0,0,0,0,0,0,0,0,0,0,0,0,0,0,0,0,0,0,0,0,0,0,0,0,0,0,0,0,0,0,150,5,1600,400,800,20,3,1,248,200,0,1,7,0,4,6
712,65536,20,1000,5484,1,1,1,1,20,2556,1,0,0,0,0,0,1,0,1,0,0,0,0,0,0,0,0,0,0,0,0,0,0,0,0,0,0,0,0,0,0,0,0,0,0,0,0,0,0,0,0,0,0,0,0,0,0,0,0,0,0,0,0,0,0,0,0,0,0,0,0,0,0,0,150,5,1600,400,800,20,3,1,248,200,0,1,7,0,4,6
713,65536,20,1000,5484,1,1,1,1,20,2556,1,0,0,0,0,0,1,0,1,0,0,0,0,0,0,0,0,0,0,0,0,0,0,0,0,0,0,0,0,0,0,0,0,0,0,0,0,0,0,0,0,0,0,0,0,0,0,0,0,0,0,0,0,0,0,0,0,0,0,0,0,0,0,0,150,5,1600,400,800,20,3,1,248,200,0,1,7,0,4,6
714,65536,20,1000,5484,1,1,1,1,20,2556,1,0,0,0,0,0,1,0,1,0,0,0,0,0,0,0,0,0,0,0,0,0,0,0,0,0,0,0,0,0,0,0,0,0,0,0,0,0,0,0,0,0,0,0,0,0,0,0,0,0,0,0,0,0,0,0,0,0,0,0,0,0,0,0,150,5,1600,400,800,20,3,1,248,200,0,1,7,0,4,6
715,65536,20,1000,5484,1,1,1,1,20,2556,1,0,0,0,0,0,1,0,1,0,0,0,0,0,0,0,0,0,0,0,0,0,0,0,0,0,0,0,0,0,0,0,0,0,0,0,0,0,0,0,0,0,0,0,0,0,0,0,0,0,0,0,0,0,0,0,0,0,0,0,0,0,0,0,150,5,1600,400,800,20,3,1,248,200,0,1,7,0,4,6
716,65536,20,1000,5484,1,1,1,1,20,2556,1,0,0,0,0,0,1,0,1,0,0,0,0,0,0,0,0,0,0,0,0,0,0,0,0,0,0,0,0,0,0,0,0,0,0,0,0,0,0,0,0,0,0,0,0,0,0,0,0,0,0,0,0,0,0,0,0,0,0,0,0,0,0,0,150,5,1600,400,800,20,3,1,248,200,0,1,7,0,4,6
717,65536,20,1000,5484,1,1,1,1,20,2556,1,0,0,0,0,0,1,0,1,0,0,0,0,0,0,0,0,0,0,0,0,0,0,0,0,0,0,0,0,0,0,0,0,0,0,0,0,0,0,0,0,0,0,0,0,0,0,0,0,0,0,0,0,0,0,0,0,0,0,0,0,0,0,0,150,5,1600,400,800,20,3,1,248,200,0,1,7,0,4,6
718,65536,20,1000,5484,1,1,1,1,20,2556,1,0,0,0,0,0,1,0,1,0,0,0,0,0,0,0,0,0,0,0,0,0,0,0,0,0,0,0,0,0,0,0,0,0,0,0,0,0,0,0,0,0,0,0,0,0,0,0,0,0,0,0,0,0,0,0,0,0,0,0,0,0,0,0,150,5,1600,400,800,20,3,1,248,200,0,1,7,0,4,6
719,65536,20,1000,5484,1,1,1,1,20,2556,1,0,0,0,0,0,1,0,1,0,0,0,0,0,0,0,0,0,0,0,0,0,0,0,0,0,0,0,0,0,0,0,0,0,0,0,0,0,0,0,0,0,0,0,0,0,0,0,0,0,0,0,0,0,0,0,0,0,0,0,0,0,0,0,150,5,1600,400,800,20,3,1,248,200,0,1,7,0,4,6
720,65536,20,1000,5484,1,1,1,1,20,2536,1,0,0,0,0,0,1,0,1,0,0,0,0,0,0,0,0,0,0,0,0,0,0,0,0,0,0,0,0,0,0,0,0,0,0,0,0,0,0,0,0,0,0,0,0,0,0,0,0,0,0,0,0,0,0,0,0,0,0,0,0,0,0,0,150,5,1600,400,800,20,4,1,248,200,0,1,7,0,4,6
721,65536,20,1000,5484,1,1,1,1,20,2536,1,0,0,0,0,0,1,0,1,0,0,0,0,0,0,0,0,0,0,0,0,0,0,0,0,0,0,0,0,0,0,0,0,0,0,0,0,0,0,0,0,0,0,0,0,0,0,0,0,0,0,0,0,0,0,0,0,0,0,0,0,0,0,0,150,5,1600,400,800,20,4,1,248,200,0,1,7,0,4,6
722,65536,20,1000,5484,1,1,1,1,20,2536,1,0,0,0,0,0,1,0,1,0,0,0,0,0,0,0,0,0,0,0,0,0,0,0,0,0,0,0,0,0,0,0,0,0,0,0,0,0,0,0,0,0,0,0,0,0,0,0,0,0,0,0,0,0,0,0,0,0,0,0,0,0,0,0,150,5,1600,400,800,20,4,1,248,200,0,1,7,0,4,6
723,65536,20,1000,5484,1,1,1,1,20,2536,1,0,0,0,0,0,1,0,1,0,0,0,0,0,0,0,0,0,0,0,0,0,0,0,0,0,0,0,0,0,0,0,0,0,0,0,0,0,0,0,0,0,0,0,0,0,0,0,0,0,0,0,0,0,0,0,0,0,0,0,0,0,0,0,150,5,1600,400,800,20,4,1,248,200,0,1,7,0,4,6
724,65536,20,1000,5484,1,1,1,1,20,2536,1,0,0,0,0,0,1,0,1,0,0,0,0,0,0,0,0,0,0,0,0,0,0,0,0,0,0,0,0,0,0,0,0,0,0,0,0,0,0,0,0,0,0,0,0,0,0,0,0,0,0,0,0,0,0,0,0,0,0,0,0,0,0,0,150,5,1600,400,800,20,4,1,248,200,0,1,7,0,4,6
725,65536,20,1000,5484,1,1,1,1,20,2536,1,0,0,0,0,0,1,0,1,0,0,0,0,0,0,0,0,0,0,0,0,0,0,0,0,0,0,0,0,0,0,0,0,0,0,0,0,0,0,0,0,0,0,0,0,0,0,0,0,0,0,0,0,0,0,0,0,0,0,0,0,0,0,0,150,5,1600,400,800,20,4,1,248,200,0,1,7,0,4,6
726,65536,20,1000,5484,1,1,1,1,20,2536,1,0,0,0,0,0,1,0,1,0,0,0,0,0,0,0,0,0,0,0,0,0,0,0,0,0,0,0,0,0,0,0,0,0,0,0,0,0,0,0,0,0,0,0,0,0,0,0,0,0,0,0,0,0,0,0,0,0,0,0,0,0,0,0,150,5,1600,400,800,20,4,1,248,200,0,1,7,0,4,6
727,65536,20,1000,5484,1,1,1,1,20,2536,1,0,0,0,0,0,1,0,1,0,0,0,0,0,0,0,0,0,0,0,0,0,0,0,0,0,0,0,0,0,0,0,0,0,0,0,0,0,0,0,0,0,0,0,0,0,0,0,0,0,0,0,0,0,0,0,0,0,0,0,0,0,0,0,150,5,1600,400,800,20,4,1,248,200,0,1,7,0,4,6
728,65536,20,1000,5484,1,1,1,1,20,2536,1,0,0,0,0,0,1,0,1,0,0,0,0,0,0,0,0,0,0,0,0,0,0,0,0,0,0,0,0,0,0,0,0,0,0,0,0,0,0,0,0,0,0,0,0,0,0,0,0,0,0,0,0,0,0,0,0,0,0,0,0,0,0,0,150,5,1600,400,800,20,4,1,248,200,0,1,7,0,4,6
729,65536,20,1000,5484,1,1,1,1,20,2536,1,0,0,0,0,0,1,0,1,0,0,0,0,0,0,0,0,0,0,0,0,0,0,0,0,0,0,0,0,0,0,0,0,0,0,0,0,0,0,0,0,0,0,0,0,0,0,0,0,0,0,0,0,0,0,0,0,0,0,0,0,0,0,0,150,5,1600,400,800,20,4,1,248,200,0,1,7,0,4,6
730,65536,20,1000,5484,1,1,1,1,20,2536,1,0,0,0,0,0,1,0,1,0,0,0,0,0,0,0,0,0,0,0,0,0,0,0,0,0,0,0,0,0,0,0,0,0,0,0,0,0,0,0,0,0,0,0,0,0,0,0,0,0,0,0,0,0,0,0,0,0,0,0,0,0,0,0,150,5,1600,400,800,20,4,1,248,200,0,1,7,0,4,6
731,65536,20,1000,5484,1,1,1,1,20,2536,1,0,0,0,0,0,1,0,1,0,0,0,0,0,0,0,0,0,0,0,0,0,0,0,0,0,0,0,0,0,0,0,0,0,0,0,0,0,0,0,0,0,0,0,0,0,0,0,0,0,0,0,0,0,0,0,0,0,0,0,0,0,0,0,150,5,1600,400,800,20,4,1,248,200,0,1,7,0,4,6
732,65536,20,1000,5484,1,1,1,1,20,2536,1,0,0,0,0,0,1,0,1,0,0,0,0,0,0,0,0,0,0,0,0,0,0,0,0,0,0,0,0,0,0,0,0,0,0,0,0,0,0,0,0,0,0,0,0,0,0,0,0,0,0,0,0,0,0,0,0,0,0,0,0,0,0,0,150,5,1600,400,800,20,4,1,248,200,0,1,7,0,4,6
733,65536,20,1000,5484,1,1,1,1,20,2536,1,0,0,0,0,0,1,0,1,0,0,0,0,0,0,0,0,0,0,0,0,0,0,0,0,0,0,0,0,0,0,0,0,0,0,0,0,0,0,0,0,0,0,0,0,0,0,0,0,0,0,0,0,0,0,0,0,0,0,0,0,0,0,0,150,5,1600,400,800,20,4,1,248,200,0,1,7,0,4,6
734,65536,20,1000,5484,1,1,1,1,20,2536,1,0,0,0,0,0,1,0,1,0,0,0,0,0,0,0,0,0,0,0,0,0,0,0,0,0,0,0,0,0,0,0,0,0,0,0,0,0,0,0,0,0,0,0,0,0,0,0,0,0,0,0,0,0,0,0,0,0,0,0,0,0,0,0,150,5,1600,400,800,20,4,1,248,200,0,1,7,0,4,6
735,65536,20,1000,5484,1,1,1,1,20,2536,1,0,0,0,0,0,1,0,1,0,0,0,0,0,0,0,0,0,0,0,0,0,0,0,0,0,0,0,0,0,0,0,0,0,0,0,0,0,0,0,0,0,0,0,0,0,0,0,0,0,0,0,0,0,0,0,0,0,0,0,0,0,0,0,150,5,1600,400,800,20,4,1,248,200,0,1,7,0,4,6
736,65536,20,1000,5484,1,1,1,1,20,2536,1,0,0,0,0,0,1,0,1,0,0,0,0,0,0,0,0,0,0,0,0,0,0,0,0,0,0,0,0,0,0,0,0,0,0,0,0,0,0,0,0,0,0,0,0,0,0,0,0,0,0,0,0,0,0,0,0,0,0,0,0,0,0,0,150,5,1600,400,800,20,4,1,248,200,0,1,7,0,4,6
737,65536,20,1000,5484,1,1,1,1,20,2536,1,0,0,0,0,0,1,0,1,0,0,0,0,0,0,0,0,0,0,0,0,0,0,0,0,0,0,0,0,0,0,0,0,0,0,0,0,0,0,0,0,0,0,0,0,0,0,0,0,0,0,0,0,0,0,0,0,0,0,0,0,0,0,0,150,5,1600,400,800,20,4,1,248,200,0,1,7,0,4,6
738,65536,20,1000,5484,1,1,1,1,20,2536,1,0,0,0,0,0,1,0,1,0,0,0,0,0,0,0,0,0,0,0,0,0,0,0,0,0,0,0,0,0,0,0,0,0,0,0,0,0,0,0,0,0,0,0,0,0,0,0,0,0,0,0,0,0,0,0,0,0,0,0,0,0,0,0,150,5,1600,400,800,20,4,1,248,200,0,1,7,0,4,6
739,65536,20,1000,5484,1,1,1,1,20,2536,1,0,0,0,0,0,1,0,1,0,0,0,0,0,0,0,0,0,0,0,0,0,0,0,0,0,0,0,0,0,0,0,0,0,0,0,0,0,0,0,0,0,0,0,0,0,0,0,0,0,0,0,0,0,0,0,0,0,0,0,0,0,0,0,150,5,1600,400,800,20,4,1,248,200,0,1,7,0,4,6
740,65536,20,1000,5484,1,1,1,1,20,2536,1,0,0,0,0,0,1,0,1,0,0,0,0,0,0,0,0,0,0,0,0,0,0,0,0,0,0,0,0,0,0,0,0,0,0,0,0,0,0,0,0,0,0,0,0,0,0,0,0,0,0,0,0,0,0,0,0,0,0,0,0,0,0,0,150,5,1600,400,800,20,4,1,248,200,0,1,7,0,4,6
741,65536,20,1000,5484,1,1,1,1,20,2536,1,0,0,0,0,0,1,0,1,0,0,0,0,0,0,0,0,0,0,0,0,0,0,0,0,0,0,0,0,0,0,0,0,0,0,0,0,0,0,0,0,0,0,0,0,0,0,0,0,0,0,0,0,0,0,0,0,0,0,0,0,0,0,0,150,5,1600,400,800,20,4,1,248,200,0,1,7,0,4,6
742,65536,20,1000,5484,1,1,1,1,20,2536,1,0,0,0,0,0,1,0,1,0,0,0,0,0,0,0,0,0,0,0,0,0,0,0,0,0,0,0,0,0,0,0,0,0,0,0,0,0,0,0,0,0,0,0,0,0,0,0,0,0,0,0,0,0,0,0,0,0,0,0,0,0,0,0,150,5,1600,400,800,20,4,1,248,200,0,1,7,0,4,6
743,65536,20,1000,5484,1,1,1,1,20,2536,1,0,0,0,0,0,1,0,1,0,0,0,0,0,0,0,0,0,0,0,0,0,0,0,0,0,0,0,0,0,0,0,0,0,0,0,0,0,0,0,0,0,0,0,0,0,0,0,0,0,0,0,0,0,0,0,0,0,0,0,0,0,0,0,150,5,1600,400,800,20,4,1,248,200,0,1,7,0,4,6
744,65536,20,1000,5484,1,1,1,1,20,2536,1,0,0,0,0,0,1,0,1,0,0,0,0,0,0,0,0,0,0,0,0,0,0,0,0,0,0,0,0,0,0,0,0,0,0,0,0,0,0,0,0,0,0,0,0,0,0,0,0,0,0,0,0,0,0,0,0,0,0,0,0,0,0,0,150,5,1600,400,800,20,4,1,248,200,0,1,7,0,4,6
745,65536,20,1000,5484,1,1,1,1,20,2536,1,0,0,0,0,0,1,0,1,0,0,0,0,0,0,0,0,0,0,0,0,0,0,0,0,0,0,0,0,0,0,0,0,0,0,0,0,0,0,0,0,0,0,0,0,0,0,0,0,0,0,0,0,0,0,0,0,0,0,0,0,0,0,0,150,5,1600,400,800,20,4,1,248,200,0,1,7,0,4,6
746,65536,20,1000,5484,1,1,1,1,20,2536,1,0,0,0,0,0,1,0,1,0,0,0,0,0,0,0,0,0,0,0,0,0,0,0,0,0,0,0,0,0,0,0,0,0,0,0,0,0,0,0,0,0,0,0,0,0,0,0,0,0,0,0,0,0,0,0,0,0,0,0,0,0,0,0,150,5,1600,400,800,20,4,1,248,200,0,1,7,0,4,6
747,65536,20,1000,5484,1,1,1,1,20,2536,1,0,0,0,0,0,1,0,1,0,0,0,0,0,0,0,0,0,0,0,0,0,0,0,0,0,0,0,0,0,0,0,0,0,0,0,0,0,0,0,0,0,0,0,0,0,0,0,0,0,0,0,0,0,0,0,0,0,0,0,0,0,0,0,150,5,1600,400,800,20,4,1,248,200,0,1,7,0,4,6
748,65536,20,1000,5484,1,1,1,1,20,2536,1,0,0,0,0,0,1,0,1,0,0,0,0,0,0,0,0,0,0,0,0,0,0,0,0,0,0,0,0,0,0,0,0,0,0,0,0,0,0,0,0,0,0,0,0,0,0,0,0,0,0,0,0,0,0,0,0,0,0,0,0,0,0,0,150,5,1600,400,800,20,4,1,248,200,0,1,7,0,4,6
749,65536,20,1000,5484,1,1,1,1,20,2536,1,0,0,0,0,0,1,0,1,0,0,0,0,0,0,0,0,0,0,0,0,0,0,0,0,0,0,0,0,0,0,0,0,0,0,0,0,0,0,0,0,0,0,0,0,0,0,0,0,0,0,0,0,0,0,0,0,0,0,0,0,0,0,0,150,5,1600,400,800,20,4,1,248,200,0,1,7,0,4,6
750,65536,20,1000,5484,1,1,1,1,20,2536,1,0,0,0,0,0,1,0,1,0,0,0,0,0,0,0,0,0,0,0,0,0,0,0,0,0,0,0,0,0,0,0,0,0,0,0,0,0,0,0,0,0,0,0,0,0,0,0,0,0,0,0,0,0,0,0,0,0,0,0,0,0,0,0,150,5,1600,400,800,20,4,1,248,200,0,1,7,0,4,6
751,65536,20,1000,5484,1,1,1,1,20,2536,1,0,0,0,0,0,1,0,1,0,0,0,0,0,0,0,0,0,0,0,0,0,0,0,0,0,0,0,0,0,0,0,0,0,0,0,0,0,0,0,0,0,0,0,0,0,0,0,0,0,0,0,0,0,0,0,0,0,0,0,0,0,0,0,150,5,1600,400,800,20,4,1,248,200,0,1,7,0,4,6
752,65536,20,1000,5484,1,1,1,1,20,2536,1,0,0,0,0,0,1,0,1,0,0,0,0,0,0,0,0,0,0,0,0,0,0,0,0,0,0,0,0,0,0,0,0,0,0,0,0,0,0,0,0,0,0,0,0,0,0,0,0,0,0,0,0,0,0,0,0,0,0,0,0,0,0,0,150,5,1600,400,800,20,4,1,248,200,0,1,7,0,4,6
753,65536,20,1000,5484,1,1,1,1,20,2536,1,0,0,0,0,0,1,0,1,0,0,0,0,0,0,0,0,0,0,0,0,0,0,0,0,0,0,0,0,0,0,0,0,0,0,0,0,0,0,0,0,0,0,0,0,0,0,0,0,0,0,0,0,0,0,0,0,0,0,0,0,0,0,0,150,5,1600,400,800,20,4,1,248,200,0,1,7,0,4,6
754,65536,20,1000,5484,1,1,1,1,20,2536,1,0,0,0,0,0,1,0,1,0,0,0,0,0,0,0,0,0,0,0,0,0,0,0,0,0,0,0,0,0,0,0,0,0,0,0,0,0,0,0,0,0,0,0,0,0,0,0,0,0,0,0,0,0,0,0,0,0,0,0,0,0,0,0,150,5,1600,400,800,20,4,1,248,200,0,1,7,0,4,6
755,65536,20,1000,5484,1,1,1,1,20,2536,1,0,0,0,0,0,1,0,1,0,0,0,0,0,0,0,0,0,0,0,0,0,0,0,0,0,0,0,0,0,0,0,0,0,0,0,0,0,0,0,0,0,0,0,0,0,0,0,0,0,0,0,0,0,0,0,0,0,0,0,0,0,0,0,150,5,1600,400,800,20,4,1,248,200,0,1,7,0,4,6
756,65536,20,1000,5484,1,1,1,1,20,2536,1,0,0,0,0,0,1,0,1,0,0,0,0,0,0,0,0,0,0,0,0,0,0,0,0,0,0,0,0,0,0,0,0,0,0,0,0,0,0,0,0,0,0,0,0,0,0,0,0,0,0,0,0,0,0,0,0,0,0,0,0,0,0,0,150,5,1600,400,800,20,4,1,248,200,0,1,7,0,4,6
757,65536,20,1000,5484,1,1,1,1,20,2536,1,0,0,0,0,0,1,0,1,0,0,0,0,0,0,0,0,0,0,0,0,0,0,0,0,0,0,0,0,0,0,0,0,0,0,0,0,0,0,0,0,0,0,0,0,0,0,0,0,0,0,0,0,0,0,0,0,0,0,0,0,0,0,0,150,5,1600,400,800,20,4,1,248,200,0,1,7,0,4,6
758,65536,20,1000,5484,1,1,1,1,20,2536,1,0,0,0,0,0,1,0,1,0,0,0,0,0,0,0,0,0,0,0,0,0,0,0,0,0,0,0,0,0,0,0,0,0,0,0,0,0,0,0,0,0,0,0,0,0,0,0,0,0,0,0,0,0,0,0,0,0,0,0,0,0,0,0,150,5,1600,400,800,20,4,1,248,200,0,1,7,0,4,6
759,65536,20,1000,5484,1,1,1,1,20,2536,1,0,0,0,0,0,1,0,1,0,0,0,0,0,0,0,0,0,0,0,0,0,0,0,0,0,0,0,0,0,0,0,0,0,0,0,0,0,0,0,0,0,0,0,0,0,0,0,0,0,0,0,0,0,0,0,0,0,0,0,0,0,0,0,150,5,1600,400,800,20,4,1,248,200,0,1,7,0,4,6
760,65536,20,1000,5484,1,1,1,1,20,2536,1,0,0,0,0,0,1,0,1,0,0,0,0,0,0,0,0,0,0,0,0,0,0,0,0,0,0,0,0,0,0,0,0,0,0,0,0,0,0,0,0,0,0,0,0,0,0,0,0,0,0,0,0,0,0,0,0,0,0,0,0,0,0,0,150,5,1600,400,800,20,4,1,248,200,0,1,7,0,4,6
761,65536,20,1000,5484,1,1,1,1,20,2536,1,0,0,0,0,0,1,0,1,0,0,0,0,0,0,0,0,0,0,0,0,0,0,0,0,0,0,0,0,0,0,0,0,0,0,0,0,0,0,0,0,0,0,0,0,0,0,0,0,0,0,0,0,0,0,0,0,0,0,0,0,0,0,0,150,5,1600,400,800,20,4,1,248,200,0,1,7,0,4,6
762,65536,20,1000,5484,1,1,1,1,20,2536,1,0,0,0,0,0,1,0,1,0,0,0,0,0,0,0,0,0,0,0,0,0,0,0,0,0,0,0,0,0,0,0,0,0,0,0,0,0,0,0,0,0,0,0,0,0,0,0,0,0,0,0,0,0,0,0,0,0,0,0,0,0,0,0,150,5,1600,400,800,20,4,1,248,200,0,1,7,0,4,6
763,65536,20,1000,5484,1,1,1,1,20,2536,1,0,0,0,0,0,1,0,1,0,0,0,0,0,0,0,0,0,0,0,0,0,0,0,0,0,0,0,0,0,0,0,0,0,0,0,0,0,0,0,0,0,0,0,0,0,0,0,0,0,0,0,0,0,0,0,0,0,0,0,0,0,0,0,150,5,1600,400,800,20,4,1,248,200,0,1,7,0,4,6
764,65536,20,1000,5484,1,1,1,1,20,2536,1,0,0,0,0,0,1,0,1,0,0,0,0,0,0,0,0,0,0,0,0,0,0,0,0,0,0,0,0,0,0,0,0,0,0,0,0,0,0,0,0,0,0,0,0,0,0,0,0,0,0,0,0,0,0,0,0,0,0,0,0,0,0,0,150,5,1600,400,800,20,4,1,248,200,0,1,7,0,4,6
765,65536,20,1000,5484,1,1,1,1,20,2536,1,0,0,0,0,0,1,0,1,0,0,0,0,0,0,0,0,0,0,0,0,0,0,0,0,0,0,0,0,0,0,0,0,0,0,0,0,0,0,0,0,0,0,0,0,0,0,0,0,0,0,0,0,0,0,0,0,0,0,0,0,0,0,0,150,5,1600,400,800,20,4,1,248,200,0,1,7,0,4,6
766,65536,20,1000,5484,1,1,1,1,20,2536,1,0,0,0,0,0,1,0,1,0,0,0,0,0,0,0,0,0,0,0,0,0,0,0,0,0,0,0,0,0,0,0,0,0,0,0,0,0,0,0,0,0,0,0,0,0,0,0,0,0,0,0,0,0,0,0,0,0,0,0,0,0,0,0,150,5,1600,400,800,20,4,1,248,200,0,1,7,0,4,6
767,65536,20,1000,5484,1,1,1,1,20,2536,1,0,0,0,0,0,1,0,1,0,0,0,0,0,0,0,0,0,0,0,0,0,0,0,0,0,0,0,0,0,0,0,0,0,0,0,0,0,0,0,0,0,0,0,0,0,0,0,0,0,0,0,0,0,0,0,0,0,0,0,0,0,0,0,150,5,1600,400,800,20,4,1,248,200,0,1,7,0,4,6
768,65536,20,1000,5484,1,1,1,1,20,2536,1,0,0,0,0,0,1,0,1,0,0,0,0,0,0,0,0,0,0,0,0,0,0,0,0,0,0,0,0,0,0,0,0,0,0,0,0,0,0,0,0,0,0,0,0,0,0,0,0,0,0,0,0,0,0,0,0,0,0,0,0,0,0,0,150,5,1600,400,800,20,4,1,248,200,0,1,7,0,4,6
769,65536,20,1000,5484,1,1,1,1,20,2536,1,0,0,0,0,0,1,0,1,0,0,0,0,0,0,0,0,0,0,0,0,0,0,0,0,0,0,0,0,0,0,0,0,0,0,0,0,0,0,0,0,0,0,0,0,0,0,0,0,0,0,0,0,0,0,0,0,0,0,0,0,0,0,0,150,5,1600,400,800,20,4,1,248,200,0,1,7,0,4,6
770,65536,20,1000,5484,1,1,1,1,20,2536,1,0,0,0,0,0,1,0,1,0,0,0,0,0,0,0,0,0,0,0,0,0,0,0,0,0,0,0,0,0,0,0,0,0,0,0,0,0,0,0,0,0,0,0,0,0,0,0,0,0,0,0,0,0,0,0,0,0,0,0,0,0,0,0,150,5,1600,400,800,20,4,1,248,200,0,1,7,0,4,6
771,65536,20,1000,5484,1,1,1,1,20,2536,1,0,0,0,0,0,1,0,1,0,0,0,0,0,0,0,0,0,0,0,0,0,0,0,0,0,0,0,0,0,0,0,0,0,0,0,0,0,0,0,0,0,0,0,0,0,0,0,0,0,0,0,0,0,0,0,0,0,0,0,0,0,0,0,150,5,1600,400,800,20,4,1,248,200,0,1,7,0,4,6
772,65536,20,1000,5484,1,1,1,1,20,2536,1,0,0,0,0,0,1,0,1,0,0,0,0,0,0,0,0,0,0,0,0,0,0,0,0,0,0,0,0,0,0,0,0,0,0,0,0,0,0,0,0,0,0,0,0,0,0,0,0,0,0,0,0,0,0,0,0,0,0,0,0,0,0,0,150,5,1600,400,800,20,4,1,248,200,0,1,7,0,4,6
773,65536,20,1000,5484,1,1,1,1,20,2536,1,0,0,0,0,0,1,0,1,0,0,0,0,0,0,0,0,0,0,0,0,0,0,0,0,0,0,0,0,0,0,0,0,0,0,0,0,0,0,0,0,0,0,0,0,0,0,0,0,0,0,0,0,0,0,0,0,0,0,0,0,0,0,0,150,5,1600,400,800,20,4,1,248,200,0,1,7,0,4,6
774,65536,20,1000,5484,1,1,1,1,20,2536,1,0,0,0,0,0,1,0,1,0,0,0,0,0,0,0,0,0,0,0,0,0,0,0,0,0,0,0,0,0,0,0,0,0,0,0,0,0,0,0,0,0,0,0,0,0,0,0,0,0,0,0,0,0,0,0,0,0,0,0,0,0,0,0,150,5,1600,400,800,20,4,1,248,200,0,1,7,0,4,6
775,65536,20,1000,5484,1,1,1,1,20,2536,1,0,0,0,0,0,1,0,1,0,0,0,0,0,0,0,0,0,0,0,0,0,0,0,0,0,0,0,0,0,0,0,0,0,0,0,0,0,0,0,0,0,0,0,0,0,0,0,0,0,0,0,0,0,0,0,0,0,0,0,0,0,0,0,150,5,1600,400,800,20,4,1,248,200,0,1,7,0,4,6
776,65536,20,1000,5484,1,1,1,1,20,2536,1,0,0,0,0,0,1,0,1,0,0,0,0,0,0,0,0,0,0,0,0,0,0,0,0,0,0,0,0,0,0,0,0,0,0,0,0,0,0,0,0,0,0,0,0,0,0,0,0,0,0,0,0,0,0,0,0,0,0,0,0,0,0,0,150,5,1600,400,800,20,4,1,248,200,0,1,7,0,4,6
777,65536,20,1000,5484,1,1,1,1,20,2536,1,0,0,0,0,0,1,0,1,0,0,0,0,0,0,0,0,0,0,0,0,0,0,0,0,0,0,0,0,0,0,0,0,0,0,0,0,0,0,0,0,0,0,0,0,0,0,0,0,0,0,0,0,0,0,0,0,0,0,0,0,0,0,0,150,5,1600,400,800,20,4,1,248,200,0,1,7,0,4,6
778,65536,20,1000,5484,1,1,1,1,20,2536,1,0,0,0,0,0,1,0,1,0,0,0,0,0,0,0,0,0,0,0,0,0,0,0,0,0,0,0,0,0,0,0,0,0,0,0,0,0,0,0,0,0,0,0,0,0,0,0,0,0,0,0,0,0,0,0,0,0,0,0,0,0,0,0,150,5,1600,400,800,20,4,1,248,200,0,1,7,0,4,6
779,65536,20,1000,5484,1,1,1,1,20,2536,1,0,0,0,0,0,1,0,1,0,0,0,0,0,0,0,0,0,0,0,0,0,0,0,0,0,0,0,0,0,0,0,0,0,0,0,0,0,0,0,0,0,0,0,0,0,0,0,0,0,0,0,0,0,0,0,0,0,0,0,0,0,0,0,150,5,1600,400,800,20,4,1,248,200,0,1,7,0,4,6
780,65536,20,1000,5484,1,1,1,1,20,2536,1,0,0,0,0,0,1,0,1,0,0,0,0,0,0,0,0,0,0,0,0,0,0,0,0,0,0,0,0,0,0,0,0,0,0,0,0,0,0,0,0,0,0,0,0,0,0,0,0,0,0,0,0,0,0,0,0,0,0,0,0,0,0,0,150,5,1600,400,800,20,4,1,248,200,0,1,7,0,4,6
781,65536,20,1000,5484,1,1,1,1,20,2536,1,0,0,0,0,0,1,0,1,0,0,0,0,0,0,0,0,0,0,0,0,0,0,0,0,0,0,0,0,0,0,0,0,0,0,0,0,0,0,0,0,0,0,0,0,0,0,0,0,0,0,0,0,0,0,0,0,0,0,0,0,0,0,0,150,5,1600,400,800,20,4,1,248,200,0,1,7,0,4,6
782,65536,20,1000,5484,1,1,1,1,20,2536,1,0,0,0,0,0,1,0,1,0,0,0,0,0,0,0,0,0,0,0,0,0,0,0,0,0,0,0,0,0,0,0,0,0,0,0,0,0,0,0,0,0,0,0,0,0,0,0,0,0,0,0,0,0,0,0,0,0,0,0,0,0,0,0,150,5,1600,400,800,20,4,1,248,200,0,1,7,0,4,6
783,65536,20,1000,5484,1,1,1,1,20,2536,1,0,0,0,0,0,1,0,1,0,0,0,0,0,0,0,0,0,0,0,0,0,0,0,0,0,0,0,0,0,0,0,0,0,0,0,0,0,0,0,0,0,0,0,0,0,0,0,0,0,0,0,0,0,0,0,0,0,0,0,0,0,0,0,150,5,1600,400,800,20,4,1,248,200,0,1,7,0,4,6
784,65536,20,1000,5484,1,1,1,1,20,2536,1,0,0,0,0,0,1,0,1,0,0,0,0,0,0,0,0,0,0,0,0,0,0,0,0,0,0,0,0,0,0,0,0,0,0,0,0,0,0,0,0,0,0,0,0,0,0,0,0,0,0,0,0,0,0,0,0,0,0,0,0,0,0,0,150,5,1600,400,800,20,4,1,248,200,0,1,7,0,4,6
785,65536,20,1000,5484,1,1,1,1,20,2536,1,0,0,0,0,0,1,0,1,0,0,0,0,0,0,0,0,0,0,0,0,0,0,0,0,0,0,0,0,0,0,0,0,0,0,0,0,0,0,0,0,0,0,0,0,0,0,0,0,0,0,0,0,0,0,0,0,0,0,0,0,0,0,0,150,5,1600,400,800,20,4,1,248,200,0,1,7,0,4,6
786,65536,20,1000,5484,1,1,1,1,20,2536,1,0,0,0,0,0,1,0,1,0,0,0,0,0,0,0,0,0,0,0,0,0,0,0,0,0,0,0,0,0,0,0,0,0,0,0,0,0,0,0,0,0,0,0,0,0,0,0,0,0,0,0,0,0,0,0,0,0,0,0,0,0,0,0,150,5,1600,400,800,20,4,1,248,200,0,1,7,0,4,6
787,65536,20,1000,5484,1,1,1,1,20,2536,1,0,0,0,0,0,1,0,1,0,0,0,0,0,0,0,0,0,0,0,0,0,0,0,0,0,0,0,0,0,0,0,0,0,0,0,0,0,0,0,0,0,0,0,0,0,0,0,0,0,0,0,0,0,0,0,0,0,0,0,0,0,0,0,150,5,1600,400,800,20,4,1,248,200,0,1,7,0,4,6
788,65536,20,1000,5484,1,1,1,1,20,2536,1,0,0,0,0,0,1,0,1,0,0,0,0,0,0,0,0,0,0,0,0,0,0,0,0,0,0,0,0,0,0,0,0,0,0,0,0,0,0,0,0,0,0,0,0,0,0,0,0,0,0,0,0,0,0,0,0,0,0,0,0,0,0,0,150,5,1600,400,800,20,4,1,248,200,0,1,7,0,4,6
789,65536,20,1000,5484,1,1,1,1,20,2536,1,0,0,0,0,0,1,0,1,0,0,0,0,0,0,0,0,0,0,0,0,0,0,0,0,0,0,0,0,0,0,0,0,0,0,0,0,0,0,0,0,0,0,0,0,0,0,0,0,0,0,0,0,0,0,0,0,0,0,0,0,0,0,0,150,5,1600,400,800,20,4,1,248,200,0,1,7,0,4,6
790,65536,20,1000,5484,1,1,1,1,20,2536,1,0,0,0,0,0,1,0,1,0,0,0,0,0,0,0,0,0,0,0,0,0,0,0,0,0,0,0,0,0,0,0,0,0,0,0,0,0,0,0,0,0,0,0,0,0,0,0,0,0,0,0,0,0,0,0,0,0,0,0,0,0,0,0,150,5,1600,400,800,20,4,1,248,200,0,1,7,0,4,6
791,65536,20,1000,5484,1,1,1,1,20,2536,1,0,0,0,0,0,1,0,1,0,0,0,0,0,0,0,0,0,0,0,0,0,0,0,0,0,0,0,0,0,0,0,0,0,0,0,0,0,0,0,0,0,0,0,0,0,0,0,0,0,0,0,0,0,0,0,0,0,0,0,0,0,0,0,150,5,1600,400,800,20,4,1,248,200,0,1,7,0,4,6
792,65536,20,1000,5484,1,1,1,1,20,2536,1,0,0,0,0,0,1,0,1,0,0,0,0,0,0,0,0,0,0,0,0,0,0,0,0,0,0,0,0,0,0,0,0,0,0,0,0,0,0,0,0,0,0,0,0,0,0,0,0,0,0,0,0,0,0,0,0,0,0,0,0,0,0,0,150,5,1600,400,800,20,4,1,248,200,0,1,7,0,4,6
793,65536,20,1000,5484,1,1,1,1,20,2536,1,0,0,0,0,0,1,0,1,0,0,0,0,0,0,0,0,0,0,0,0,0,0,0,0,0,0,0,0,0,0,0,0,0,0,0,0,0,0,0,0,0,0,0,0,0,0,0,0,0,0,0,0,0,0,0,0,0,0,0,0,0,0,0,150,5,1600,400,800,20,4,1,248,200,0,1,7,0,4,6
794,65536,20,1000,5484,1,1,1,1,20,2536,1,0,0,0,0,0,1,0,1,0,0,0,0,0,0,0,0,0,0,0,0,0,0,0,0,0,0,0,0,0,0,0,0,0,0,0,0,0,0,0,0,0,0,0,0,0,0,0,0,0,0,0,0,0,0,0,0,0,0,0,0,0,0,0,150,5,1600,400,800,20,4,1,248,200,0,1,7,0,4,6
795,65536,20,1000,5484,1,1,1,1,20,2536,1,0,0,0,0,0,1,0,1,0,0,0,0,0,0,0,0,0,0,0,0,0,0,0,0,0,0,0,0,0,0,0,0,0,0,0,0,0,0,0,0,0,0,0,0,0,0,0,0,0,0,0,0,0,0,0,0,0,0,0,0,0,0,0,150,5,1600,400,800,20,4,1,248,200,0,1,7,0,4,6
796,65536,20,1000,5484,1,1,1,1,20,2536,1,0,0,0,0,0,1,0,1,0,0,0,0,0,0,0,0,0,0,0,0,0,0,0,0,0,0,0,0,0,0,0,0,0,0,0,0,0,0,0,0,0,0,0,0,0,0,0,0,0,0,0,0,0,0,0,0,0,0,0,0,0,0,0,150,5,1600,400,800,20,4,1,248,200,0,1,7,0,4,6
797,65536,20,1000,5484,1,1,1,1,20,2536,1,0,0,0,0,0,1,0,1,0,0,0,0,0,0,0,0,0,0,0,0,0,0,0,0,0,0,0,0,0,0,0,0,0,0,0,0,0,0,0,0,0,0,0,0,0,0,0,0,0,0,0,0,0,0,0,0,0,0,0,0,0,0,0,150,5,1600,400,800,20,4,1,248,200,0,1,7,0,4,6
798,65536,20,1000,5484,1,1,1,1,20,2536,1,0,0,0,0,0,1,0,1,0,0,0,0,0,0,0,0,0,0,0,0,0,0,0,0,0,0,0,0,0,0,0,0,0,0,0,0,0,0,0,0,0,0,0,0,0,0,0,0,0,0,0,0,0,0,0,0,0,0,0,0,0,0,0,150,5,1600,400,800,20,4,1,248,200,0,1,7,0,4,6
799,65536,20,1000,5484,1,1,1,1,20,2536,1,0,0,0,0,0,1,0,1,0,0,0,0,0,0,0,0,0,0,0,0,0,0,0,0,0,0,0,0,0,0,0,0,0,0,0,0,0,0,0,0,0,0,0,0,0,0,0,0,0,0,0,0,0,0,0,0,0,0,0,0,0,0,0,150,5,1600,400,800,20,4,1,248,200,0,1,7,0,4,6
800,65536,20,1000,5484,1,1,1,1,20,2536,1,0,0,0,0,0,1,0,1,0,0,0,0,0,0,0,0,0,0,0,0,0,0,0,0,0,0,0,0,0,0,0,0,0,0,0,0,0,0,0,0,0,0,0,0,0,0,0,0,0,0,0,0,0,0,0,0,0,0,0,0,0,0,0,150,5,1600,400,800,20,4,1,248,200,0,1,7,0,4,6
801,65536,20,1000,5484,1,1,1,1,20,2536,1,0,0,0,0,0,1,0,1,0,0,0,0,0,0,0,0,0,0,0,0,0,0,0,0,0,0,0,0,0,0,0,0,0,0,0,0,0,0,0,0,0,0,0,0,0,0,0,0,0,0,0,0,0,0,0,0,0,0,0,0,0,0,0,150,5,1600,400,800,20,4,1,248,200,0,1,7,0,4,6
802,65536,20,1000,5484,1,1,1,1,20,2536,1,0,0,0,0,0,1,0,1,0,0,0,0,0,0,0,0,0,0,0,0,0,0,0,0,0,0,0,0,0,0,0,0,0,0,0,0,0,0,0,0,0,0,0,0,0,0,0,0,0,0,0,0,0,0,0,0,0,0,0,0,0,0,0,150,5,1600,400,800,20,4,1,248,200,0,1,7,0,4,6
803,65536,20,1000,5484,1,1,1,1,20,2536,1,0,0,0,0,0,1,0,1,0,0,0,0,0,0,0,0,0,0,0,0,0,0,0,0,0,0,0,0,0,0,0,0,0,0,0,0,0,0,0,0,0,0,0,0,0,0,0,0,0,0,0,0,0,0,0,0,0,0,0,0,0,0,0,150,5,1600,400,800,20,4,1,248,200,0,1,7,0,4,6
804,65536,20,1000,5484,1,1,1,1,20,2536,1,0,0,0,0,0,1,0,1,0,0,0,0,0,0,0,0,0,0,0,0,0,0,0,0,0,0,0,0,0,0,0,0,0,0,0,0,0,0,0,0,0,0,0,0,0,0,0,0,0,0,0,0,0,0,0,0,0,0,0,0,0,0,0,150,5,1600,400,800,20,4,1,248,200,0,1,7,0,4,6
805,65536,20,1000,5484,1,1,1,1,20,2536,1,0,0,0,0,0,1,0,1,0,0,0,0,0,0,0,0,0,0,0,0,0,0,0,0,0,0,0,0,0,0,0,0,0,0,0,0,0,0,0,0,0,0,0,0,0,0,0,0,0,0,0,0,0,0,0,0,0,0,0,0,0,0,0,150,5,1600,400,800,20,4,1,248,200,0,1,7,0,4,6
806,65536,20,1000,5484,1,1,1,1,20,2536,1,0,0,0,0,0,1,0,1,0,0,0,0,0,0,0,0,0,0,0,0,0,0,0,0,0,0,0,0,0,0,0,0,0,0,0,0,0,0,0,0,0,0,0,0,0,0,0,0,0,0,0,0,0,0,0,0,0,0,0,0,0,0,0,150,5,1600,400,800,20,4,1,248,200,0,1,7,0,4,6
807,65536,20,1000,5484,1,1,1,1,20,2536,1,0,0,0,0,0,1,0,1,0,0,0,0,0,0,0,0,0,0,0,0,0,0,0,0,0,0,0,0,0,0,0,0,0,0,0,0,0,0,0,0,0,0,0,0,0,0,0,0,0,0,0,0,0,0,0,0,0,0,0,0,0,0,0,150,5,1600,400,800,20,4,1,248,200,0,1,7,0,4,6
808,65536,20,1000,5484,1,1,1,1,20,2536,1,0,0,0,0,0,1,0,1,0,0,0,0,0,0,0,0,0,0,0,0,0,0,0,0,0,0,0,0,0,0,0,0,0,0,0,0,0,0,0,0,0,0,0,0,0,0,0,0,0,0,0,0,0,0,0,0,0,0,0,0,0,0,0,150,5,1600,400,800,20,4,1,248,200,0,1,7,0,4,6
809,65536,20,1000,5484,1,1,1,1,20,2536,1,0,0,0,0,0,1,0,1,0,0,0,0,0,0,0,0,0,0,0,0,0,0,0,0,0,0,0,0,0,0,0,0,0,0,0,0,0,0,0,0,0,0,0,0,0,0,0,0,0,0,0,0,0,0,0,0,0,0,0,0,0,0,0,150,5,1600,400,800,20,4,1,248,200,0,1,7,0,4,6
810,65536,20,1000,5484,1,1,1,1,20,2536,1,0,0,0,0,0,1,0,1,0,0,0,0,0,0,0,0,0,0,0,0,0,0,0,0,0,0,0,0,0,0,0,0,0,0,0,0,0,0,0,0,0,0,0,0,0,0,0,0,0,0,0,0,0,0,0,0,0,0,0,0,0,0,0,150,5,1600,400,800,20,4,1,248,200,0,1,7,0,4,6
811,65536,20,1000,5484,1,1,1,1,20,2536,1,0,0,0,0,0,1,0,1,0,0,0,0,0,0,0,0,0,0,0,0,0,0,0,0,0,0,0,0,0,0,0,0,0,0,0,0,0,0,0,0,0,0,0,0,0,0,0,0,0,0,0,0,0,0,0,0,0,0,0,0,0,0,0,150,5,1600,400,800,20,4,1,248,200,0,1,7,0,4,6
812,65536,20,1000,5484,1,1,1,1,20,2536,1,0,0,0,0,0,1,0,1,0,0,0,0,0,0,0,0,0,0,0,0,0,0,0,0,0,0,0,0,0,0,0,0,0,0,0,0,0,0,0,0,0,0,0,0,0,0,0,0,0,0,0,0,0,0,0,0,0,0,0,0,0,0,0,150,5,1600,400,800,20,4,1,248,200,0,1,7,0,4,6
813,65536,20,1000,5484,1,1,1,1,20,2536,1,0,0,0,0,0,1,0,1,0,0,0,0,0,0,0,0,0,0,0,0,0,0,0,0,0,0,0,0,0,0,0,0,0,0,0,0,0,0,0,0,0,0,0,0,0,0,0,0,0,0,0,0,0,0,0,0,0,0,0,0,0,0,0,150,5,1600,400,800,20,4,1,248,200,0,1,7,0,4,6
814,65536,20,1000,5484,1,1,1,1,20,2536,1,0,0,0,0,0,1,0,1,0,0,0,0,0,0,0,0,0,0,0,0,0,0,0,0,0,0,0,0,0,0,0,0,0,0,0,0,0,0,0,0,0,0,0,0,0,0,0,0,0,0,0,0,0,0,0,0,0,0,0,0,0,0,0,150,5,1600,400,800,20,4,1,248,200,0,1,7,0,4,6
815,65536,20,1000,5484,1,1,1,1,20,2536,1,0,0,0,0,0,1,0,1,0,0,0,0,0,0,0,0,0,0,0,0,0,0,0,0,0,0,0,0,0,0,0,0,0,0,0,0,0,0,0,0,0,0,0,0,0,0,0,0,0,0,0,0,0,0,0,0,0,0,0,0,0,0,0,150,5,1600,400,800,20,4,1,248,200,0,1,7,0,4,6
816,65536,20,1000,5484,1,1,1,1,20,2536,1,0,0,0,0,0,1,0,1,0,0,0,0,0,0,0,0,0,0,0,0,0,0,0,0,0,0,0,0,0,0,0,0,0,0,0,0,0,0,0,0,0,0,0,0,0,0,0,0,0,0,0,0,0,0,0,0,0,0,0,0,0,0,0,150,5,1600,400,800,20,4,1,248,200,0,1,7,0,4,6
817,65536,20,1000,5484,1,1,1,1,20,2536,1,0,0,0,0,0,1,0,1,0,0,0,0,0,0,0,0,0,0,0,0,0,0,0,0,0,0,0,0,0,0,0,0,0,0,0,0,0,0,0,0,0,0,0,0,0,0,0,0,0,0,0,0,0,0,0,0,0,0,0,0,0,0,0,150,5,1600,400,800,20,4,1,248,200,0,1,7,0,4,6
818,65536,20,1000,5484,1,1,1,1,20,2536,1,0,0,0,0,0,1,0,1,0,0,0,0,0,0,0,0,0,0,0,0,0,0,0,0,0,0,0,0,0,0,0,0,0,0,0,0,0,0,0,0,0,0,0,0,0,0,0,0,0,0,0,0,0,0,0,0,0,0,0,0,0,0,0,150,5,1600,400,800,20,4,1,248,200,0,1,7,0,4,6
819,65536,20,1000,5484,1,1,1,1,20,2536,1,0,0,0,0,0,1,0,1,0,0,0,0,0,0,0,0,0,0,0,0,0,0,0,0,0,0,0,0,0,0,0,0,0,0,0,0,0,0,0,0,0,0,0,0,0,0,0,0,0,0,0,0,0,0,0,0,0,0,0,0,0,0,0,150,5,1600,400,800,20,4,1,248,200,0,1,7,0,4,6
820,65536,20,1000,5484,1,1,1,1,20,2536,1,0,0,0,0,0,1,0,1,0,0,0,0,0,0,0,0,0,0,0,0,0,0,0,0,0,0,0,0,0,0,0,0,0,0,0,0,0,0,0,0,0,0,0,0,0,0,0,0,0,0,0,0,0,0,0,0,0,0,0,0,0,0,0,150,5,1600,400,800,20,4,1,248,200,0,1,7,0,4,6
821,65536,20,1000,5484,1,1,1,1,20,2536,1,0,0,0,0,0,1,0,1,0,0,0,0,0,0,0,0,0,0,0,0,0,0,0,0,0,0,0,0,0,0,0,0,0,0,0,0,0,0,0,0,0,0,0,0,0,0,0,0,0,0,0,0,0,0,0,0,0,0,0,0,0,0,0,150,5,1600,400,800,20,4,1,248,200,0,1,7,0,4,6
822,65536,20,1000,5484,1,1,1,1,20,2536,1,0,0,0,0,0,1,0,1,0,0,0,0,0,0,0,0,0,0,0,0,0,0,0,0,0,0,0,0,0,0,0,0,0,0,0,0,0,0,0,0,0,0,0,0,0,0,0,0,0,0,0,0,0,0,0,0,0,0,0,0,0,0,0,150,5,1600,400,800,20,4,1,248,200,0,1,7,0,4,6
823,65536,20,1000,5484,1,1,1,1,20,2536,1,0,0,0,0,0,1,0,1,0,0,0,0,0,0,0,0,0,0,0,0,0,0,0,0,0,0,0,0,0,0,0,0,0,0,0,0,0,0,0,0,0,0,0,0,0,0,0,0,0,0,0,0,0,0,0,0,0,0,0,0,0,0,0,150,5,1600,400,800,20,4,1,248,200,0,1,7,0,4,6
824,65536,20,1000,5484,1,1,1,1,20,2536,1,0,0,0,0,0,1,0,1,0,0,0,0,0,0,0,0,0,0,0,0,0,0,0,0,0,0,0,0,0,0,0,0,0,0,0,0,0,0,0,0,0,0,0,0,0,0,0,0,0,0,0,0,0,0,0,0,0,0,0,0,0,0,0,150,5,1600,400,800,20,4,1,248,200,0,1,7,0,4,6
825,65536,20,1000,5484,1,1,1,1,20,2536,1,0,0,0,0,0,1,0,1,0,0,0,0,0,0,0,0,0,0,0,0,0,0,0,0,0,0,0,0,0,0,0,0,0,0,0,0,0,0,0,0,0,0,0,0,0,0,0,0,0,0,0,0,0,0,0,0,0,0,0,0,0,0,0,150,5,1600,400,800,20,4,1,248,200,0,1,7,0,4,6
826,65536,20,1000,5484,1,1,1,1,20,2536,1,0,0,0,0,0,1,0,1,0,0,0,0,0,0,0,0,0,0,0,0,0,0,0,0,0,0,0,0,0,0,0,0,0,0,0,0,0,0,0,0,0,0,0,0,0,0,0,0,0,0,0,0,0,0,0,0,0,0,0,0,0,0,0,150,5,1600,400,800,20,4,1,248,200,0,1,7,0,4,6
827,65536,20,1000,5484,1,1,1,1,20,2536,1,0,0,0,0,0,1,0,1,0,0,0,0,0,0,0,0,0,0,0,0,0,0,0,0,0,0,0,0,0,0,0,0,0,0,0,0,0,0,0,0,0,0,0,0,0,0,0,0,0,0,0,0,0,0,0,0,0,0,0,0,0,0,0,150,5,1600,400,800,20,4,1,248,200,0,1,7,0,4,6
828,65536,20,1000,5484,1,1,1,1,20,2536,1,0,0,0,0,0,1,0,1,0,0,0,0,0,0,0,0,0,0,0,0,0,0,0,0,0,0,0,0,0,0,0,0,0,0,0,0,0,0,0,0,0,0,0,0,0,0,0,0,0,0,0,0,0,0,0,0,0,0,0,0,0,0,0,150,5,1600,400,800,20,4,1,248,200,0,1,7,0,4,6
829,65536,20,1000,5484,1,1,1,1,20,2536,1,0,0,0,0,0,1,0,1,0,0,0,0,0,0,0,0,0,0,0,0,0,0,0,0,0,0,0,0,0,0,0,0,0,0,0,0,0,0,0,0,0,0,0,0,0,0,0,0,0,0,0,0,0,0,0,0,0,0,0,0,0,0,0,150,5,1600,400,800,20,4,1,248,200,0,1,7,0,4,6
830,65536,20,1000,5484,1,1,1,1,20,2536,1,0,0,0,0,0,1,0,1,0,0,0,0,0,0,0,0,0,0,0,0,0,0,0,0,0,0,0,0,0,0,0,0,0,0,0,0,0,0,0,0,0,0,0,0,0,0,0,0,0,0,0,0,0,0,0,0,0,0,0,0,0,0,0,150,5,1600,400,800,20,4,1,248,200,0,1,7,0,4,6
831,65536,20,1000,5484,1,1,1,1,20,2536,1,0,0,0,0,0,1,0,1,0,0,0,0,0,0,0,0,0,0,0,0,0,0,0,0,0,0,0,0,0,0,0,0,0,0,0,0,0,0,0,0,0,0,0,0,0,0,0,0,0,0,0,0,0,0,0,0,0,0,0,0,0,0,0,150,5,1600,400,800,20,4,1,248,200,0,1,7,0,4,6
832,65536,20,1000,5484,1,1,1,1,20,2536,1,0,0,0,0,0,1,0,1,0,0,0,0,0,0,0,0,0,0,0,0,0,0,0,0,0,0,0,0,0,0,0,0,0,0,0,0,0,0,0,0,0,0,0,0,0,0,0,0,0,0,0,0,0,0,0,0,0,0,0,0,0,0,0,150,5,1600,400,800,20,4,1,248,200,0,1,7,0,4,6
833,65536,20,1000,5484,1,1,1,1,20,2536,1,0,0,0,0,0,1,0,1,0,0,0,0,0,0,0,0,0,0,0,0,0,0,0,0,0,0,0,0,0,0,0,0,0,0,0,0,0,0,0,0,0,0,0,0,0,0,0,0,0,0,0,0,0,0,0,0,0,0,0,0,0,0,0,150,5,1600,400,800,20,4,1,248,200,0,1,7,0,4,6
834,65536,20,1000,5484,1,1,1,1,20,2536,1,0,0,0,0,0,1,0,1,0,0,0,0,0,0,0,0,0,0,0,0,0,0,0,0,0,0,0,0,0,0,0,0,0,0,0,0,0,0,0,0,0,0,0,0,0,0,0,0,0,0,0,0,0,0,0,0,0,0,0,0,0,0,0,150,5,1600,400,800,20,4,1,248,200,0,1,7,0,4,6
835,65536,20,1000,5484,1,1,1,1,20,2536,1,0,0,0,0,0,1,0,1,0,0,0,0,0,0,0,0,0,0,0,0,0,0,0,0,0,0,0,0,0,0,0,0,0,0,0,0,0,0,0,0,0,0,0,0,0,0,0,0,0,0,0,0,0,0,0,0,0,0,0,0,0,0,0,150,5,1600,400,800,20,4,1,248,200,0,1,7,0,4,6
836,65536,20,1000,5484,1,1,1,1,20,2536,1,0,0,0,0,0,1,0,1,0,0,0,0,0,0,0,0,0,0,0,0,0,0,0,0,0,0,0,0,0,0,0,0,0,0,0,0,0,0,0,0,0,0,0,0,0,0,0,0,0,0,0,0,0,0,0,0,0,0,0,0,0,0,0,150,5,1600,400,800,20,4,1,248,200,0,1,7,0,4,6
837,65536,20,1000,5484,1,1,1,1,20,2536,1,0,0,0,0,0,1,0,1,0,0,0,0,0,0,0,0,0,0,0,0,0,0,0,0,0,0,0,0,0,0,0,0,0,0,0,0,0,0,0,0,0,0,0,0,0,0,0,0,0,0,0,0,0,0,0,0,0,0,0,0,0,0,0,150,5,1600,400,800,20,4,1,248,200,0,1,7,0,4,6
838,65536,20,1000,5484,1,1,1,1,20,2536,1,0,0,0,0,0,1,0,1,0,0,0,0,0,0,0,0,0,0,0,0,0,0,0,0,0,0,0,0,0,0,0,0,0,0,0,0,0,0,0,0,0,0,0,0,0,0,0,0,0,0,0,0,0,0,0,0,0,0,0,0,0,0,0,150,5,1600,400,800,20,4,1,248,200,0,1,7,0,4,6
839,65536,20,1000,5484,1,1,1,1,20,2536,1,0,0,0,0,0,1,0,1,0,0,0,0,0,0,0,0,0,0,0,0,0,0,0,0,0,0,0,0,0,0,0,0,0,0,0,0,0,0,0,0,0,0,0,0,0,0,0,0,0,0,0,0,0,0,0,0,0,0,0,0,0,0,0,150,5,1600,400,800,20,4,1,248,200,0,1,7,0,4,6
840,65536,20,1000,5484,1,1,1,1,20,2536,1,0,0,0,0,0,1,0,1,0,0,0,0,0,0,0,0,0,0,0,0,0,0,0,0,0,0,0,0,0,0,0,0,0,0,0,0,0,0,0,0,0,0,0,0,0,0,0,0,0,0,0,0,0,0,0,0,0,0,0,0,0,0,0,150,5,1600,400,800,20,4,1,248,200,0,1,7,0,4,6
841,65536,20,1000,5484,1,1,1,1,20,2536,1,0,0,0,0,0,1,0,1,0,0,0,0,0,0,0,0,0,0,0,0,0,0,0,0,0,0,0,0,0,0,0,0,0,0,0,0,0,0,0,0,0,0,0,0,0,0,0,0,0,0,0,0,0,0,0,0,0,0,0,0,0,0,0,150,5,1600,400,800,20,4,1,248,200,0,1,7,0,4,6
842,65536,20,1000,5484,1,1,1,1,20,2536,1,0,0,0,0,0,1,0,1,0,0,0,0,0,0,0,0,0,0,0,0,0,0,0,0,0,0,0,0,0,0,0,0,0,0,0,0,0,0,0,0,0,0,0,0,0,0,0,0,0,0,0,0,0,0,0,0,0,0,0,0,0,0,0,150,5,1600,400,800,20,4,1,248,200,0,1,7,0,4,6
843,65536,20,1000,5484,1,1,1,1,20,2536,1,0,0,0,0,0,1,0,1,0,0,0,0,0,0,0,0,0,0,0,0,0,0,0,0,0,0,0,0,0,0,0,0,0,0,0,0,0,0,0,0,0,0,0,0,0,0,0,0,0,0,0,0,0,0,0,0,0,0,0,0,0,0,0,150,5,1600,400,800,20,4,1,248,200,0,1,7,0,4,6
844,65536,20,1000,5484,1,1,1,1,20,2536,1,0,0,0,0,0,1,0,1,0,0,0,0,0,0,0,0,0,0,0,0,0,0,0,0,0,0,0,0,0,0,0,0,0,0,0,0,0,0,0,0,0,0,0,0,0,0,0,0,0,0,0,0,0,0,0,0,0,0,0,0,0,0,0,150,5,1600,400,800,20,4,1,248,200,0,1,7,0,4,6
845,65536,20,1000,5484,1,1,1,1,20,2536,1,0,0,0,0,0,1,0,1,0,0,0,0,0,0,0,0,0,0,0,0,0,0,0,0,0,0,0,0,0,0,0,0,0,0,0,0,0,0,0,0,0,0,0,0,0,0,0,0,0,0,0,0,0,0,0,0,0,0,0,0,0,0,0,150,5,1600,400,800,20,4,1,248,200,0,1,7,0,4,6
846,65536,20,1000,5484,1,1,1,1,20,2536,1,0,0,0,0,0,1,0,1,0,0,0,0,0,0,0,0,0,0,0,0,0,0,0,0,0,0,0,0,0,0,0,0,0,0,0,0,0,0,0,0,0,0,0,0,0,0,0,0,0,0,0,0,0,0,0,0,0,0,0,0,0,0,0,150,5,1600,400,800,20,4,1,248,200,0,1,7,0,4,6
847,65536,20,1000,5484,1,1,1,1,20,2536,1,0,0,0,0,0,1,0,1,0,0,0,0,0,0,0,0,0,0,0,0,0,0,0,0,0,0,0,0,0,0,0,0,0,0,0,0,0,0,0,0,0,0,0,0,0,0,0,0,0,0,0,0,0,0,0,0,0,0,0,0,0,0,0,150,5,1600,400,800,20,4,1,248,200,0,1,7,0,4,6
848,65536,20,1000,5484,1,1,1,1,20,2536,1,0,0,0,0,0,1,0,1,0,0,0,0,0,0,0,0,0,0,0,0,0,0,0,0,0,0,0,0,0,0,0,0,0,0,0,0,0,0,0,0,0,0,0,0,0,0,0,0,0,0,0,0,0,0,0,0,0,0,0,0,0,0,0,150,5,1600,400,800,20,4,1,248,200,0,1,7,0,4,6
849,65536,20,1000,5484,1,1,1,1,20,2536,1,0,0,0,0,0,1,0,1,0,0,0,0,0,0,0,0,0,0,0,0,0,0,0,0,0,0,0,0,0,0,0,0,0,0,0,0,0,0,0,0,0,0,0,0,0,0,0,0,0,0,0,0,0,0,0,0,0,0,0,0,0,0,0,150,5,1600,400,800,20,4,1,248,200,0,1,7,0,4,6
850,65536,20,1000,5484,1,1,1,1,20,2536,1,0,0,0,0,0,1,0,1,0,0,0,0,0,0,0,0,0,0,0,0,0,0,0,0,0,0,0,0,0,0,0,0,0,0,0,0,0,0,0,0,0,0,0,0,0,0,0,0,0,0,0,0,0,0,0,0,0,0,0,0,0,0,0,150,5,1600,400,800,20,4,1,248,200,0,1,7,0,4,6
851,65536,20,1000,5484,1,1,1,1,20,2536,1,0,0,0,0,0,1,0,1,0,0,0,0,0,0,0,0,0,0,0,0,0,0,0,0,0,0,0,0,0,0,0,0,0,0,0,0,0,0,0,0,0,0,0,0,0,0,0,0,0,0,0,0,0,0,0,0,0,0,0,0,0,0,0,150,5,1600,400,800,20,4,1,248,200,0,1,7,0,4,6
852,65536,20,1000,5484,1,1,1,1,20,2536,1,0,0,0,0,0,1,0,1,0,0,0,0,0,0,0,0,0,0,0,0,0,0,0,0,0,0,0,0,0,0,0,0,0,0,0,0,0,0,0,0,0,0,0,0,0,0,0,0,0,0,0,0,0,0,0,0,0,0,0,0,0,0,0,150,5,1600,400,800,20,4,1,248,200,0,1,7,0,4,6
853,65536,20,1000,5484,1,1,1,1,20,2536,1,0,0,0,0,0,1,0,1,0,0,0,0,0,0,0,0,0,0,0,0,0,0,0,0,0,0,0,0,0,0,0,0,0,0,0,0,0,0,0,0,0,0,0,0,0,0,0,0,0,0,0,0,0,0,0,0,0,0,0,0,0,0,0,150,5,1600,400,800,20,4,1,248,200,0,1,7,0,4,6
854,65536,20,1000,5484,1,1,1,1,20,2536,1,0,0,0,0,0,1,0,1,0,0,0,0,0,0,0,0,0,0,0,0,0,0,0,0,0,0,0,0,0,0,0,0,0,0,0,0,0,0,0,0,0,0,0,0,0,0,0,0,0,0,0,0,0,0,0,0,0,0,0,0,0,0,0,150,5,1600,400,800,20,4,1,248,200,0,1,7,0,4,6
855,65536,20,1000,5484,1,1,1,1,20,2536,1,0,0,0,0,0,1,0,1,0,0,0,0,0,0,0,0,0,0,0,0,0,0,0,0,0,0,0,0,0,0,0,0,0,0,0,0,0,0,0,0,0,0,0,0,0,0,0,0,0,0,0,0,0,0,0,0,0,0,0,0,0,0,0,150,5,1600,400,800,20,4,1,248,200,0,1,7,0,4,6
856,65536,20,1000,5484,1,1,1,1,20,2536,1,0,0,0,0,0,1,0,1,0,0,0,0,0,0,0,0,0,0,0,0,0,0,0,0,0,0,0,0,0,0,0,0,0,0,0,0,0,0,0,0,0,0,0,0,0,0,0,0,0,0,0,0,0,0,0,0,0,0,0,0,0,0,0,150,5,1600,400,800,20,4,1,248,200,0,1,7,0,4,6
857,65536,20,1000,5484,1,1,1,1,20,2536,1,0,0,0,0,0,1,0,1,0,0,0,0,0,0,0,0,0,0,0,0,0,0,0,0,0,0,0,0,0,0,0,0,0,0,0,0,0,0,0,0,0,0,0,0,0,0,0,0,0,0,0,0,0,0,0,0,0,0,0,0,0,0,0,150,5,1600,400,800,20,4,1,248,200,0,1,7,0,4,6
858,65536,20,1000,5484,1,1,1,1,20,2536,1,0,0,0,0,0,1,0,1,0,0,0,0,0,0,0,0,0,0,0,0,0,0,0,0,0,0,0,0,0,0,0,0,0,0,0,0,0,0,0,0,0,0,0,0,0,0,0,0,0,0,0,0,0,0,0,0,0,0,0,0,0,0,0,150,5,1600,400,800,20,4,1,248,200,0,1,7,0,4,6
859,65536,20,1000,5484,1,1,1,1,20,2536,1,0,0,0,0,0,1,0,1,0,0,0,0,0,0,0,0,0,0,0,0,0,0,0,0,0,0,0,0,0,0,0,0,0,0,0,0,0,0,0,0,0,0,0,0,0,0,0,0,0,0,0,0,0,0,0,0,0,0,0,0,0,0,0,150,5,1600,400,800,20,4,1,248,200,0,1,7,0,4,6
860,65536,20,1000,5484,1,1,1,1,20,2536,1,0,0,0,0,0,1,0,1,0,0,0,0,0,0,0,0,0,0,0,0,0,0,0,0,0,0,0,0,0,0,0,0,0,0,0,0,0,0,0,0,0,0,0,0,0,0,0,0,0,0,0,0,0,0,0,0,0,0,0,0,0,0,0,150,5,1600,400,800,20,4,1,248,200,0,1,7,0,4,6
861,65536,20,1000,5484,1,1,1,1,20,2536,1,0,0,0,0,0,1,0,1,0,0,0,0,0,0,0,0,0,0,0,0,0,0,0,0,0,0,0,0,0,0,0,0,0,0,0,0,0,0,0,0,0,0,0,0,0,0,0,0,0,0,0,0,0,0,0,0,0,0,0,0,0,0,0,150,5,1600,400,800,20,4,1,248,200,0,1,7,0,4,6
862,65536,20,1000,5484,1,1,1,1,20,2536,1,0,0,0,0,0,1,0,1,0,0,0,0,0,0,0,0,0,0,0,0,0,0,0,0,0,0,0,0,0,0,0,0,0,0,0,0,0,0,0,0,0,0,0,0,0,0,0,0,0,0,0,0,0,0,0,0,0,0,0,0,0,0,0,150,5,1600,400,800,20,4,1,248,200,0,1,7,0,4,6
863,65536,20,1000,5484,1,1,1,1,20,2536,1,0,0,0,0,0,1,0,1,0,0,0,0,0,0,0,0,0,0,0,0,0,0,0,0,0,0,0,0,0,0,0,0,0,0,0,0,0,0,0,0,0,0,0,0,0,0,0,0,0,0,0,0,0,0,0,0,0,0,0,0,0,0,0,150,5,1600,400,800,20,4,1,248,200,0,1,7,0,4,6
864,65536,20,1000,5484,1,1,1,1,20,2536,1,0,0,0,0,0,1,0,1,0,0,0,0,0,0,0,0,0,0,0,0,0,0,0,0,0,0,0,0,0,0,0,0,0,0,0,0,0,0,0,0,0,0,0,0,0,0,0,0,0,0,0,0,0,0,0,0,0,0,0,0,0,0,0,150,5,1600,400,800,20,4,1,248,200,0,1,7,0,4,6
865,65536,20,1000,5484,1,1,1,1,20,2536,1,0,0,0,0,0,1,0,1,0,0,0,0,0,0,0,0,0,0,0,0,0,0,0,0,0,0,0,0,0,0,0,0,0,0,0,0,0,0,0,0,0,0,0,0,0,0,0,0,0,0,0,0,0,0,0,0,0,0,0,0,0,0,0,150,5,1600,400,800,20,4,1,248,200,0,1,7,0,4,6
866,65536,20,1000,5484,1,1,1,1,20,2536,1,0,0,0,0,0,1,0,1,0,0,0,0,0,0,0,0,0,0,0,0,0,0,0,0,0,0,0,0,0,0,0,0,0,0,0,0,0,0,0,0,0,0,0,0,0,0,0,0,0,0,0,0,0,0,0,0,0,0,0,0,0,0,0,150,5,1600,400,800,20,4,1,248,200,0,1,7,0,4,6
867,65536,20,1000,5484,1,1,1,1,20,2536,1,0,0,0,0,0,1,0,1,0,0,0,0,0,0,0,0,0,0,0,0,0,0,0,0,0,0,0,0,0,0,0,0,0,0,0,0,0,0,0,0,0,0,0,0,0,0,0,0,0,0,0,0,0,0,0,0,0,0,0,0,0,0,0,150,5,1600,400,800,20,4,1,248,200,0,1,7,0,4,6
868,65536,20,1000,5484,1,1,1,1,20,2536,1,0,0,0,0,0,1,0,1,0,0,0,0,0,0,0,0,0,0,0,0,0,0,0,0,0,0,0,0,0,0,0,0,0,0,0,0,0,0,0,0,0,0,0,0,0,0,0,0,0,0,0,0,0,0,0,0,0,0,0,0,0,0,0,150,5,1600,400,800,20,4,1,248,200,0,1,7,0,4,6
869,65536,20,1000,5484,1,1,1,1,20,2536,1,0,0,0,0,0,1,0,1,0,0,0,0,0,0,0,0,0,0,0,0,0,0,0,0,0,0,0,0,0,0,0,0,0,0,0,0,0,0,0,0,0,0,0,0,0,0,0,0,0,0,0,0,0,0,0,0,0,0,0,0,0,0,0,150,5,1600,400,800,20,4,1,248,200,0,1,7,0,4,6
870,65536,20,1000,5484,1,1,1,1,20,2536,1,0,0,0,0,0,1,0,1,0,0,0,0,0,0,0,0,0,0,0,0,0,0,0,0,0,0,0,0,0,0,0,0,0,0,0,0,0,0,0,0,0,0,0,0,0,0,0,0,0,0,0,0,0,0,0,0,0,0,0,0,0,0,0,150,5,1600,400,800,20,4,1,248,200,0,1,7,0,4,6
871,65536,20,1000,5484,1,1,1,1,20,2536,1,0,0,0,0,0,1,0,1,0,0,0,0,0,0,0,0,0,0,0,0,0,0,0,0,0,0,0,0,0,0,0,0,0,0,0,0,0,0,0,0,0,0,0,0,0,0,0,0,0,0,0,0,0,0,0,0,0,0,0,0,0,0,0,150,5,1600,400,800,20,4,1,248,200,0,1,7,0,4,6
872,65536,20,1000,5484,1,1,1,1,20,2536,1,0,0,0,0,0,1,0,1,0,0,0,0,0,0,0,0,0,0,0,0,0,0,0,0,0,0,0,0,0,0,0,0,0,0,0,0,0,0,0,0,0,0,0,0,0,0,0,0,0,0,0,0,0,0,0,0,0,0,0,0,0,0,0,150,5,1600,400,800,20,4,1,248,200,0,1,7,0,4,6
873,65536,20,1000,5484,1,1,1,1,20,2536,1,0,0,0,0,0,1,0,1,0,0,0,0,0,0,0,0,0,0,0,0,0,0,0,0,0,0,0,0,0,0,0,0,0,0,0,0,0,0,0,0,0,0,0,0,0,0,0,0,0,0,0,0,0,0,0,0,0,0,0,0,0,0,0,150,5,1600,400,800,20,4,1,248,200,0,1,7,0,4,6
874,65536,20,1000,5484,1,1,1,1,20,2536,1,0,0,0,0,0,1,0,1,0,0,0,0,0,0,0,0,0,0,0,0,0,0,0,0,0,0,0,0,0,0,0,0,0,0,0,0,0,0,0,0,0,0,0,0,0,0,0,0,0,0,0,0,0,0,0,0,0,0,0,0,0,0,0,150,5,1600,400,800,20,4,1,248,200,0,1,7,0,4,6
875,65536,20,1000,5484,1,1,1,1,20,2536,1,0,0,0,0,0,1,0,1,0,0,0,0,0,0,0,0,0,0,0,0,0,0,0,0,0,0,0,0,0,0,0,0,0,0,0,0,0,0,0,0,0,0,0,0,0,0,0,0,0,0,0,0,0,0,0,0,0,0,0,0,0,0,0,150,5,1600,400,800,20,4,1,248,200,0,1,7,0,4,6
876,65536,20,1000,5484,1,1,1,1,20,2536,1,0,0,0,0,0,1,0,1,0,0,0,0,0,0,0,0,0,0,0,0,0,0,0,0,0,0,0,0,0,0,0,0,0,0,0,0,0,0,0,0,0,0,0,0,0,0,0,0,0,0,0,0,0,0,0,0,0,0,0,0,0,0,0,150,5,1600,400,800,20,4,1,248,200,0,1,7,0,4,6
877,65536,20,1000,5484,1,1,1,1,20,2536,1,0,0,0,0,0,1,0,1,0,0,0,0,0,0,0,0,0,0,0,0,0,0,0,0,0,0,0,0,0,0,0,0,0,0,0,0,0,0,0,0,0,0,0,0,0,0,0,0,0,0,0,0,0,0,0,0,0,0,0,0,0,0,0,150,5,1600,400,800,20,4,1,248,200,0,1,7,0,4,6
878,65536,20,1000,5484,1,1,1,1,20,2536,1,0,0,0,0,0,1,0,1,0,0,0,0,0,0,0,0,0,0,0,0,0,0,0,0,0,0,0,0,0,0,0,0,0,0,0,0,0,0,0,0,0,0,0,0,0,0,0,0,0,0,0,0,0,0,0,0,0,0,0,0,0,0,0,150,5,1600,400,800,20,4,1,248,200,0,1,7,0,4,6
879,65536,20,1000,5484,1,1,1,1,20,2536,1,0,0,0,0,0,1,0,1,0,0,0,0,0,0,0,0,0,0,0,0,0,0,0,0,0,0,0,0,0,0,0,0,0,0,0,0,0,0,0,0,0,0,0,0,0,0,0,0,0,0,0,0,0,0,0,0,0,0,0,0,0,0,0,150,5,1600,400,800,20,4,1,248,200,0,1,7,0,4,6
880,65536,20,1000,5484,1,1,1,1,20,2536,1,0,0,0,0,0,1,0,1,0,0,0,0,0,0,0,0,0,0,0,0,0,0,0,0,0,0,0,0,0,0,0,0,0,0,0,0,0,0,0,0,0,0,0,0,0,0,0,0,0,0,0,0,0,0,0,0,0,0,0,0,0,0,0,150,5,1600,400,800,20,4,1,248,200,0,1,7,0,4,6
881,65536,20,1000,5484,1,1,1,1,20,2536,1,0,0,0,0,0,1,0,1,0,0,0,0,0,0,0,0,0,0,0,0,0,0,0,0,0,0,0,0,0,0,0,0,0,0,0,0,0,0,0,0,0,0,0,0,0,0,0,0,0,0,0,0,0,0,0,0,0,0,0,0,0,0,0,150,5,1600,400,800,20,4,1,248,200,0,1,7,0,4,6
882,65536,20,1000,5484,1,1,1,1,20,2536,1,0,0,0,0,0,1,0,1,0,0,0,0,0,0,0,0,0,0,0,0,0,0,0,0,0,0,0,0,0,0,0,0,0,0,0,0,0,0,0,0,0,0,0,0,0,0,0,0,0,0,0,0,0,0,0,0,0,0,0,0,0,0,0,150,5,1600,400,800,20,4,1,248,200,0,1,7,0,4,6
883,65536,20,1000,5484,1,1,1,1,20,2536,1,0,0,0,0,0,1,0,1,0,0,0,0,0,0,0,0,0,0,0,0,0,0,0,0,0,0,0,0,0,0,0,0,0,0,0,0,0,0,0,0,0,0,0,0,0,0,0,0,0,0,0,0,0,0,0,0,0,0,0,0,0,0,0,150,5,1600,400,800,20,4,1,248,200,0,1,7,0,4,6
884,65536,20,1000,5484,1,1,1,1,20,2536,1,0,0,0,0,0,1,0,1,0,0,0,0,0,0,0,0,0,0,0,0,0,0,0,0,0,0,0,0,0,0,0,0,0,0,0,0,0,0,0,0,0,0,0,0,0,0,0,0,0,0,0,0,0,0,0,0,0,0,0,0,0,0,0,150,5,1600,400,800,20,4,1,248,200,0,1,7,0,4,6
885,65536,20,1000,5484,1,1,1,1,20,2536,1,0,0,0,0,0,1,0,1,0,0,0,0,0,0,0,0,0,0,0,0,0,0,0,0,0,0,0,0,0,0,0,0,0,0,0,0,0,0,0,0,0,0,0,0,0,0,0,0,0,0,0,0,0,0,0,0,0,0,0,0,0,0,0,150,5,1600,400,800,20,4,1,248,200,0,1,7,0,4,6
886,65536,20,1000,5484,1,1,1,1,20,2536,1,0,0,0,0,0,1,0,1,0,0,0,0,0,0,0,0,0,0,0,0,0,0,0,0,0,0,0,0,0,0,0,0,0,0,0,0,0,0,0,0,0,0,0,0,0,0,0,0,0,0,0,0,0,0,0,0,0,0,0,0,0,0,0,150,5,1600,400,800,20,4,1,248,200,0,1,7,0,4,6
887,65536,20,1000,5484,1,1,1,1,20,2536,1,0,0,0,0,0,1,0,1,0,0,0,0,0,0,0,0,0,0,0,0,0,0,0,0,0,0,0,0,0,0,0,0,0,0,0,0,0,0,0,0,0,0,0,0,0,0,0,0,0,0,0,0,0,0,0,0,0,0,0,0,0,0,0,150,5,1600,400,800,20,4,1,248,200,0,1,7,0,4,6
888,65536,20,1000,5484,1,1,1,1,20,2536,1,0,0,0,0,0,1,0,1,0,0,0,0,0,0,0,0,0,0,0,0,0,0,0,0,0,0,0,0,0,0,0,0,0,0,0,0,0,0,0,0,0,0,0,0,0,0,0,0,0,0,0,0,0,0,0,0,0,0,0,0,0,0,0,150,5,1600,400,800,20,4,1,248,200,0,1,7,0,4,6
889,65536,20,1000,5484,1,1,1,1,20,2536,1,0,0,0,0,0,1,0,1,0,0,0,0,0,0,0,0,0,0,0,0,0,0,0,0,0,0,0,0,0,0,0,0,0,0,0,0,0,0,0,0,0,0,0,0,0,0,0,0,0,0,0,0,0,0,0,0,0,0,0,0,0,0,0,150,5,1600,400,800,20,4,1,248,200,0,1,7,0,4,6
890,65536,20,1000,5484,1,1,1,1,20,2536,1,0,0,0,0,0,1,0,1,0,0,0,0,0,0,0,0,0,0,0,0,0,0,0,0,0,0,0,0,0,0,0,0,0,0,0,0,0,0,0,0,0,0,0,0,0,0,0,0,0,0,0,0,0,0,0,0,0,0,0,0,0,0,0,150,5,1600,400,800,20,4,1,248,200,0,1,7,0,4,6
891,65536,20,1000,5484,1,1,1,1,20,2536,1,0,0,0,0,0,1,0,1,0,0,0,0,0,0,0,0,0,0,0,0,0,0,0,0,0,0,0,0,0,0,0,0,0,0,0,0,0,0,0,0,0,0,0,0,0,0,0,0,0,0,0,0,0,0,0,0,0,0,0,0,0,0,0,150,5,1600,400,800,20,4,1,248,200,0,1,7,0,4,6
892,65536,20,1000,5484,1,1,1,1,20,2536,1,0,0,0,0,0,1,0,1,0,0,0,0,0,0,0,0,0,0,0,0,0,0,0,0,0,0,0,0,0,0,0,0,0,0,0,0,0,0,0,0,0,0,0,0,0,0,0,0,0,0,0,0,0,0,0,0,0,0,0,0,0,0,0,150,5,1600,400,800,20,4,1,248,200,0,1,7,0,4,6
893,65536,20,1000,5484,1,1,1,1,20,2536,1,0,0,0,0,0,1,0,1,0,0,0,0,0,0,0,0,0,0,0,0,0,0,0,0,0,0,0,0,0,0,0,0,0,0,0,0,0,0,0,0,0,0,0,0,0,0,0,0,0,0,0,0,0,0,0,0,0,0,0,0,0,0,0,150,5,1600,400,800,20,4,1,248,200,0,1,7,0,4,6
894,65536,20,1000,5484,1,1,1,1,20,2536,1,0,0,0,0,0,1,0,1,0,0,0,0,0,0,0,0,0,0,0,0,0,0,0,0,0,0,0,0,0,0,0,0,0,0,0,0,0,0,0,0,0,0,0,0,0,0,0,0,0,0,0,0,0,0,0,0,0,0,0,0,0,0,0,150,5,1600,400,800,20,4,1,248,200,0,1,7,0,4,6
895,65536,20,1000,5484,1,1,1,1,20,2536,1,0,0,0,0,0,1,0,1,0,0,0,0,0,0,0,0,0,0,0,0,0,0,0,0,0,0,0,0,0,0,0,0,0,0,0,0,0,0,0,0,0,0,0,0,0,0,0,0,0,0,0,0,0,0,0,0,0,0,0,0,0,0,0,150,5,1600,400,800,20,4,1,248,200,0,1,7,0,4,6
896,65536,20,1000,5484,1,1,1,1,20,2536,1,0,0,0,0,0,1,0,1,0,0,0,0,0,0,0,0,0,0,0,0,0,0,0,0,0,0,0,0,0,0,0,0,0,0,0,0,0,0,0,0,0,0,0,0,0,0,0,0,0,0,0,0,0,0,0,0,0,0,0,0,0,0,0,150,5,1600,400,800,20,4,1,248,200,0,1,7,0,4,6
897,65536,20,1000,5484,1,1,1,1,20,2536,1,0,0,0,0,0,1,0,1,0,0,0,0,0,0,0,0,0,0,0,0,0,0,0,0,0,0,0,0,0,0,0,0,0,0,0,0,0,0,0,0,0,0,0,0,0,0,0,0,0,0,0,0,0,0,0,0,0,0,0,0,0,0,0,150,5,1600,400,800,20,4,1,248,200,0,1,7,0,4,6
898,65536,20,1000,5484,1,1,1,1,20,2536,1,0,0,0,0,0,1,0,1,0,0,0,0,0,0,0,0,0,0,0,0,0,0,0,0,0,0,0,0,0,0,0,0,0,0,0,0,0,0,0,0,0,0,0,0,0,0,0,0,0,0,0,0,0,0,0,0,0,0,0,0,0,0,0,150,5,1600,400,800,20,4,1,248,200,0,1,7,0,4,6
899,65536,20,1000,5484,1,1,1,1,20,2536,1,0,0,0,0,0,1,0,1,0,0,0,0,0,0,0,0,0,0,0,0,0,0,0,0,0,0,0,0,0,0,0,0,0,0,0,0,0,0,0,0,0,0,0,0,0,0,0,0,0,0,0,0,0,0,0,0,0,0,0,0,0,0,0,150,5,1600,400,800,20,4,1,248,200,0,1,7,0,4,6
900,65536,20,1000,5484,1,1,1,1,20,2536,1,0,0,0,0,0,1,0,1,0,0,0,0,0,0,0,0,0,0,0,0,0,0,0,0,0,0,0,0,0,0,0,0,0,0,0,0,0,0,0,0,0,0,0,0,0,0,0,0,0,0,0,0,0,0,0,0,0,0,0,0,0,0,0,150,5,1600,400,800,20,4,1,248,200,0,1,7,0,4,6
901,65536,20,1000,5484,1,1,1,1,20,2536,1,0,0,0,0,0,1,0,1,0,0,0,0,0,0,0,0,0,0,0,0,0,0,0,0,0,0,0,0,0,0,0,0,0,0,0,0,0,0,0,0,0,0,0,0,0,0,0,0,0,0,0,0,0,0,0,0,0,0,0,0,0,0,0,150,5,1600,400,800,20,4,1,248,200,0,1,7,0,4,6
902,65536,20,1000,5484,1,1,1,1,20,2536,1,0,0,0,0,0,1,0,1,0,0,0,0,0,0,0,0,0,0,0,0,0,0,0,0,0,0,0,0,0,0,0,0,0,0,0,0,0,0,0,0,0,0,0,0,0,0,0,0,0,0,0,0,0,0,0,0,0,0,0,0,0,0,0,150,5,1600,400,800,20,4,1,248,200,0,1,7,0,4,6
903,65536,20,1000,5484,1,1,1,1,20,2536,1,0,0,0,0,0,1,0,1,0,0,0,0,0,0,0,0,0,0,0,0,0,0,0,0,0,0,0,0,0,0,0,0,0,0,0,0,0,0,0,0,0,0,0,0,0,0,0,0,0,0,0,0,0,0,0,0,0,0,0,0,0,0,0,150,5,1600,400,800,20,4,1,248,200,0,1,7,0,4,6
904,65536,20,1000,5484,1,1,1,1,20,2536,1,0,0,0,0,0,1,0,1,0,0,0,0,0,0,0,0,0,0,0,0,0,0,0,0,0,0,0,0,0,0,0,0,0,0,0,0,0,0,0,0,0,0,0,0,0,0,0,0,0,0,0,0,0,0,0,0,0,0,0,0,0,0,0,150,5,1600,400,800,20,4,1,248,200,0,1,7,0,4,6
905,65536,20,1000,5484,1,1,1,1,20,2536,1,0,0,0,0,0,1,0,1,0,0,0,0,0,0,0,0,0,0,0,0,0,0,0,0,0,0,0,0,0,0,0,0,0,0,0,0,0,0,0,0,0,0,0,0,0,0,0,0,0,0,0,0,0,0,0,0,0,0,0,0,0,0,0,150,5,1600,400,800,20,4,1,248,200,0,1,7,0,4,6
906,65536,20,1000,5484,1,1,1,1,20,2536,1,0,0,0,0,0,1,0,1,0,0,0,0,0,0,0,0,0,0,0,0,0,0,0,0,0,0,0,0,0,0,0,0,0,0,0,0,0,0,0,0,0,0,0,0,0,0,0,0,0,0,0,0,0,0,0,0,0,0,0,0,0,0,0,150,5,1600,400,800,20,4,1,248,200,0,1,7,0,4,6
907,65536,20,1000,5484,1,1,1,1,20,2536,1,0,0,0,0,0,1,0,1,0,0,0,0,0,0,0,0,0,0,0,0,0,0,0,0,0,0,0,0,0,0,0,0,0,0,0,0,0,0,0,0,0,0,0,0,0,0,0,0,0,0,0,0,0,0,0,0,0,0,0,0,0,0,0,150,5,1600,400,800,20,4,1,248,200,0,1,7,0,4,6
908,65536,20,1000,5484,1,1,1,1,20,2536,1,0,0,0,0,0,1,0,1,0,0,0,0,0,0,0,0,0,0,0,0,0,0,0,0,0,0,0,0,0,0,0,0,0,0,0,0,0,0,0,0,0,0,0,0,0,0,0,0,0,0,0,0,0,0,0,0,0,0,0,0,0,0,0,150,5,1600,400,800,20,4,1,248,200,0,1,7,0,4,6
909,65536,20,1000,5484,1,1,1,1,20,2536,1,0,0,0,0,0,1,0,1,0,0,0,0,0,0,0,0,0,0,0,0,0,0,0,0,0,0,0,0,0,0,0,0,0,0,0,0,0,0,0,0,0,0,0,0,0,0,0,0,0,0,0,0,0,0,0,0,0,0,0,0,0,0,0,150,5,1600,400,800,20,4,1,248,200,0,1,7,0,4,6
910,65536,20,1000,5484,1,1,1,1,20,2536,1,0,0,0,0,0,1,0,1,0,0,0,0,0,0,0,0,0,0,0,0,0,0,0,0,0,0,0,0,0,0,0,0,0,0,0,0,0,0,0,0,0,0,0,0,0,0,0,0,0,0,0,0,0,0,0,0,0,0,0,0,0,0,0,150,5,1600,400,800,20,4,1,248,200,0,1,7,0,4,6
911,65536,20,1000,5484,1,1,1,1,20,2536,1,0,0,0,0,0,1,0,1,0,0,0,0,0,0,0,0,0,0,0,0,0,0,0,0,0,0,0,0,0,0,0,0,0,0,0,0,0,0,0,0,0,0,0,0,0,0,0,0,0,0,0,0,0,0,0,0,0,0,0,0,0,0,0,150,5,1600,400,800,20,4,1,248,200,0,1,7,0,4,6
912,65536,20,1000,5484,1,1,1,1,20,2536,1,0,0,0,0,0,1,0,1,0,0,0,0,0,0,0,0,0,0,0,0,0,0,0,0,0,0,0,0,0,0,0,0,0,0,0,0,0,0,0,0,0,0,0,0,0,0,0,0,0,0,0,0,0,0,0,0,0,0,0,0,0,0,0,150,5,1600,400,800,20,4,1,248,200,0,1,7,0,4,6
913,65536,20,1000,5484,1,1,1,1,20,2536,1,0,0,0,0,0,1,0,1,0,0,0,0,0,0,0,0,0,0,0,0,0,0,0,0,0,0,0,0,0,0,0,0,0,0,0,0,0,0,0,0,0,0,0,0,0,0,0,0,0,0,0,0,0,0,0,0,0,0,0,0,0,0,0,150,5,1600,400,800,20,4,1,248,200,0,1,7,0,4,6
914,65536,20,1000,5484,1,1,1,1,20,2536,1,0,0,0,0,0,1,0,1,0,0,0,0,0,0,0,0,0,0,0,0,0,0,0,0,0,0,0,0,0,0,0,0,0,0,0,0,0,0,0,0,0,0,0,0,0,0,0,0,0,0,0,0,0,0,0,0,0,0,0,0,0,0,0,150,5,1600,400,800,20,4,1,248,200,0,1,7,0,4,6
915,65536,20,1000,5484,1,1,1,1,20,2536,1,0,0,0,0,0,1,0,1,0,0,0,0,0,0,0,0,0,0,0,0,0,0,0,0,0,0,0,0,0,0,0,0,0,0,0,0,0,0,0,0,0,0,0,0,0,0,0,0,0,0,0,0,0,0,0,0,0,0,0,0,0,0,0,150,5,1600,400,800,20,4,1,248,200,0,1,7,0,4,6
916,65536,20,1000,5484,1,1,1,1,20,2536,1,0,0,0,0,0,1,0,1,0,0,0,0,0,0,0,0,0,0,0,0,0,0,0,0,0,0,0,0,0,0,0,0,0,0,0,0,0,0,0,0,0,0,0,0,0,0,0,0,0,0,0,0,0,0,0,0,0,0,0,0,0,0,0,150,5,1600,400,800,20,4,1,248,200,0,1,7,0,4,6
917,65536,20,1000,5484,1,1,1,1,20,2536,1,0,0,0,0,0,1,0,1,0,0,0,0,0,0,0,0,0,0,0,0,0,0,0,0,0,0,0,0,0,0,0,0,0,0,0,0,0,0,0,0,0,0,0,0,0,0,0,0,0,0,0,0,0,0,0,0,0,0,0,0,0,0,0,150,5,1600,400,800,20,4,1,248,200,0,1,7,0,4,6
918,65536,20,1000,5484,1,1,1,1,20,2536,1,0,0,0,0,0,1,0,1,0,0,0,0,0,0,0,0,0,0,0,0,0,0,0,0,0,0,0,0,0,0,0,0,0,0,0,0,0,0,0,0,0,0,0,0,0,0,0,0,0,0,0,0,0,0,0,0,0,0,0,0,0,0,0,150,5,1600,400,800,20,4,1,248,200,0,1,7,0,4,6
919,65536,20,1000,5484,1,1,1,1,20,2536,1,0,0,0,0,0,1,0,1,0,0,0,0,0,0,0,0,0,0,0,0,0,0,0,0,0,0,0,0,0,0,0,0,0,0,0,0,0,0,0,0,0,0,0,0,0,0,0,0,0,0,0,0,0,0,0,0,0,0,0,0,0,0,0,150,5,1600,400,800,20,4,1,248,200,0,1,7,0,4,6
920,65536,20,1000,5484,1,1,1,1,20,2536,1,0,0,0,0,0,1,0,1,0,0,0,0,0,0,0,0,0,0,0,0,0,0,0,0,0,0,0,0,0,0,0,0,0,0,0,0,0,0,0,0,0,0,0,0,0,0,0,0,0,0,0,0,0,0,0,0,0,0,0,0,0,0,0,150,5,1600,400,800,20,4,1,248,200,0,1,7,0,4,6
921,65536,20,1000,5484,1,1,1,1,20,2536,1,0,0,0,0,0,1,0,1,0,0,0,0,0,0,0,0,0,0,0,0,0,0,0,0,0,0,0,0,0,0,0,0,0,0,0,0,0,0,0,0,0,0,0,0,0,0,0,0,0,0,0,0,0,0,0,0,0,0,0,0,0,0,0,150,5,1600,400,800,20,4,1,248,200,0,1,7,0,4,6
922,65536,20,1000,5484,1,1,1,1,20,2536,1,0,0,0,0,0,1,0,1,0,0,0,0,0,0,0,0,0,0,0,0,0,0,0,0,0,0,0,0,0,0,0,0,0,0,0,0,0,0,0,0,0,0,0,0,0,0,0,0,0,0,0,0,0,0,0,0,0,0,0,0,0,0,0,150,5,1600,400,800,20,4,1,248,200,0,1,7,0,4,6
923,65536,20,1000,5484,1,1,1,1,20,2536,1,0,0,0,0,0,1,0,1,0,0,0,0,0,0,0,0,0,0,0,0,0,0,0,0,0,0,0,0,0,0,0,0,0,0,0,0,0,0,0,0,0,0,0,0,0,0,0,0,0,0,0,0,0,0,0,0,0,0,0,0,0,0,0,150,5,1600,400,800,20,4,1,248,200,0,1,7,0,4,6
924,65536,20,1000,5484,1,1,1,1,20,2536,1,0,0,0,0,0,1,0,1,0,0,0,0,0,0,0,0,0,0,0,0,0,0,0,0,0,0,0,0,0,0,0,0,0,0,0,0,0,0,0,0,0,0,0,0,0,0,0,0,0,0,0,0,0,0,0,0,0,0,0,0,0,0,0,150,5,1600,400,800,20,4,1,248,200,0,1,7,0,4,6
925,65536,20,1000,5484,1,1,1,1,20,2536,1,0,0,0,0,0,1,0,1,0,0,0,0,0,0,0,0,0,0,0,0,0,0,0,0,0,0,0,0,0,0,0,0,0,0,0,0,0,0,0,0,0,0,0,0,0,0,0,0,0,0,0,0,0,0,0,0,0,0,0,0,0,0,0,150,5,1600,400,800,20,4,1,248,200,0,1,7,0,4,6
926,65536,20,1000,5484,1,1,1,1,20,2536,1,0,0,0,0,0,1,0,1,0,0,0,0,0,0,0,0,0,0,0,0,0,0,0,0,0,0,0,0,0,0,0,0,0,0,0,0,0,0,0,0,0,0,0,0,0,0,0,0,0,0,0,0,0,0,0,0,0,0,0,0,0,0,0,150,5,1600,400,800,20,4,1,248,200,0,1,7,0,4,6
927,65536,20,1000,5484,1,1,1,1,20,2536,1,0,0,0,0,0,1,0,1,0,0,0,0,0,0,0,0,0,0,0,0,0,0,0,0,0,0,0,0,0,0,0,0,0,0,0,0,0,0,0,0,0,0,0,0,0,0,0,0,0,0,0,0,0,0,0,0,0,0,0,0,0,0,0,150,5,1600,400,800,20,4,1,248,200,0,1,7,0,4,6
928,65536,20,1000,5484,1,1,1,1,20,2536,1,0,0,0,0,0,1,0,1,0,0,0,0,0,0,0,0,0,0,0,0,0,0,0,0,0,0,0,0,0,0,0,0,0,0,0,0,0,0,0,0,0,0,0,0,0,0,0,0,0,0,0,0,0,0,0,0,0,0,0,0,0,0,0,150,5,1600,400,800,20,4,1,248,200,0,1,7,0,4,6
929,65536,20,1000,5484,1,1,1,1,20,2536,1,0,0,0,0,0,1,0,1,0,0,0,0,0,0,0,0,0,0,0,0,0,0,0,0,0,0,0,0,0,0,0,0,0,0,0,0,0,0,0,0,0,0,0,0,0,0,0,0,0,0,0,0,0,0,0,0,0,0,0,0,0,0,0,150,5,1600,400,800,20,4,1,248,200,0,1,7,0,4,6
930,65536,20,1000,5484,1,1,1,1,20,2536,1,0,0,0,0,0,1,0,1,0,0,0,0,0,0,0,0,0,0,0,0,0,0,0,0,0,0,0,0,0,0,0,0,0,0,0,0,0,0,0,0,0,0,0,0,0,0,0,0,0,0,0,0,0,0,0,0,0,0,0,0,0,0,0,150,5,1600,400,800,20,4,1,248,200,0,1,7,0,4,6
931,65536,20,1000,5484,1,1,1,1,20,2536,1,0,0,0,0,0,1,0,1,0,0,0,0,0,0,0,0,0,0,0,0,0,0,0,0,0,0,0,0,0,0,0,0,0,0,0,0,0,0,0,0,0,0,0,0,0,0,0,0,0,0,0,0,0,0,0,0,0,0,0,0,0,0,0,150,5,1600,400,800,20,4,1,248,200,0,1,7,0,4,6
932,65536,20,1000,5484,1,1,1,1,20,2536,1,0,0,0,0,0,1,0,1,0,0,0,0,0,0,0,0,0,0,0,0,0,0,0,0,0,0,0,0,0,0,0,0,0,0,0,0,0,0,0,0,0,0,0,0,0,0,0,0,0,0,0,0,0,0,0,0,0,0,0,0,0,0,0,150,5,1600,400,800,20,4,1,248,200,0,1,7,0,4,6
933,65536,20,1000,5484,1,1,1,1,20,2536,1,0,0,0,0,0,1,0,1,0,0,0,0,0,0,0,0,0,0,0,0,0,0,0,0,0,0,0,0,0,0,0,0,0,0,0,0,0,0,0,0,0,0,0,0,0,0,0,0,0,0,0,0,0,0,0,0,0,0,0,0,0,0,0,150,5,1600,400,800,20,4,1,248,200,0,1,7,0,4,6
934,65536,20,1000,5484,1,1,1,1,20,2536,1,0,0,0,0,0,1,0,1,0,0,0,0,0,0,0,0,0,0,0,0,0,0,0,0,0,0,0,0,0,0,0,0,0,0,0,0,0,0,0,0,0,0,0,0,0,0,0,0,0,0,0,0,0,0,0,0,0,0,0,0,0,0,0,150,5,1600,400,800,20,4,1,248,200,0,1,7,0,4,6
935,65536,20,1000,5484,1,1,1,1,20,2536,1,0,0,0,0,0,1,0,1,0,0,0,0,0,0,0,0,0,0,0,0,0,0,0,0,0,0,0,0,0,0,0,0,0,0,0,0,0,0,0,0,0,0,0,0,0,0,0,0,0,0,0,0,0,0,0,0,0,0,0,0,0,0,0,150,5,1600,400,800,20,4,1,248,200,0,1,7,0,4,6
936,65536,20,1000,5484,1,1,1,1,20,2536,1,0,0,0,0,0,1,0,1,0,0,0,0,0,0,0,0,0,0,0,0,0,0,0,0,0,0,0,0,0,0,0,0,0,0,0,0,0,0,0,0,0,0,0,0,0,0,0,0,0,0,0,0,0,0,0,0,0,0,0,0,0,0,0,150,5,1600,400,800,20,4,1,248,200,0,1,7,0,4,6
937,65536,20,1000,5484,1,1,1,1,20,2536,1,0,0,0,0,0,1,0,1,0,0,0,0,0,0,0,0,0,0,0,0,0,0,0,0,0,0,0,0,0,0,0,0,0,0,0,0,0,0,0,0,0,0,0,0,0,0,0,0,0,0,0,0,0,0,0,0,0,0,0,0,0,0,0,150,5,1600,400,800,20,4,1,248,200,0,1,7,0,4,6
938,65536,20,1000,5484,1,1,1,1,20,2536,1,0,0,0,0,0,1,0,1,0,0,0,0,0,0,0,0,0,0,0,0,0,0,0,0,0,0,0,0,0,0,0,0,0,0,0,0,0,0,0,0,0,0,0,0,0,0,0,0,0,0,0,0,0,0,0,0,0,0,0,0,0,0,0,150,5,1600,400,800,20,4,1,248,200,0,1,7,0,4,6
939,65536,20,1000,5484,1,1,1,1,20,2536,1,0,0,0,0,0,1,0,1,0,0,0,0,0,0,0,0,0,0,0,0,0,0,0,0,0,0,0,0,0,0,0,0,0,0,0,0,0,0,0,0,0,0,0,0,0,0,0,0,0,0,0,0,0,0,0,0,0,0,0,0,0,0,0,150,5,1600,400,800,20,4,1,248,200,0,1,7,0,4,6
940,65536,20,1000,5484,1,1,1,1,20,2536,1,0,0,0,0,0,1,0,1,0,0,0,0,0,0,0,0,0,0,0,0,0,0,0,0,0,0,0,0,0,0,0,0,0,0,0,0,0,0,0,0,0,0,0,0,0,0,0,0,0,0,0,0,0,0,0,0,0,0,0,0,0,0,0,150,5,1600,400,800,20,4,1,248,200,0,1,7,0,4,6
941,65536,20,1000,5484,1,1,1,1,20,2536,1,0,0,0,0,0,1,0,1,0,0,0,0,0,0,0,0,0,0,0,0,0,0,0,0,0,0,0,0,0,0,0,0,0,0,0,0,0,0,0,0,0,0,0,0,0,0,0,0,0,0,0,0,0,0,0,0,0,0,0,0,0,0,0,150,5,1600,400,800,20,4,1,248,200,0,1,7,0,4,6
942,65536,20,1000,5484,1,1,1,1,20,2536,1,0,0,0,0,0,1,0,1,0,0,0,0,0,0,0,0,0,0,0,0,0,0,0,0,0,0,0,0,0,0,0,0,0,0,0,0,0,0,0,0,0,0,0,0,0,0,0,0,0,0,0,0,0,0,0,0,0,0,0,0,0,0,0,150,5,1600,400,800,20,4,1,248,200,0,1,7,0,4,6
943,65536,20,1000,5484,1,1,1,1,20,2536,1,0,0,0,0,0,1,0,1,0,0,0,0,0,0,0,0,0,0,0,0,0,0,0,0,0,0,0,0,0,0,0,0,0,0,0,0,0,0,0,0,0,0,0,0,0,0,0,0,0,0,0,0,0,0,0,0,0,0,0,0,0,0,0,150,5,1600,400,800,20,4,1,248,200,0,1,7,0,4,6
944,65536,20,1000,5484,1,1,1,1,20,2536,1,0,0,0,0,0,1,0,1,0,0,0,0,0,0,0,0,0,0,0,0,0,0,0,0,0,0,0,0,0,0,0,0,0,0,0,0,0,0,0,0,0,0,0,0,0,0,0,0,0,0,0,0,0,0,0,0,0,0,0,0,0,0,0,150,5,1600,400,800,20,4,1,248,200,0,1,7,0,4,6
945,65536,20,1000,5484,1,1,1,1,20,2536,1,0,0,0,0,0,1,0,1,0,0,0,0,0,0,0,0,0,0,0,0,0,0,0,0,0,0,0,0,0,0,0,0,0,0,0,0,0,0,0,0,0,0,0,0,0,0,0,0,0,0,0,0,0,0,0,0,0,0,0,0,0,0,0,150,5,1600,400,800,20,4,1,248,200,0,1,7,0,4,6
946,65536,20,1000,5484,1,1,1,1,20,2536,1,0,0,0,0,0,1,0,1,0,0,0,0,0,0,0,0,0,0,0,0,0,0,0,0,0,0,0,0,0,0,0,0,0,0,0,0,0,0,0,0,0,0,0,0,0,0,0,0,0,0,0,0,0,0,0,0,0,0,0,0,0,0,0,150,5,1600,400,800,20,4,1,248,200,0,1,7,0,4,6
947,65536,20,1000,5484,1,1,1,1,20,2536,1,0,0,0,0,0,1,0,1,0,0,0,0,0,0,0,0,0,0,0,0,0,0,0,0,0,0,0,0,0,0,0,0,0,0,0,0,0,0,0,0,0,0,0,0,0,0,0,0,0,0,0,0,0,0,0,0,0,0,0,0,0,0,0,150,5,1600,400,800,20,4,1,248,200,0,1,7,0,4,6
948,65536,20,1000,5484,1,1,1,1,20,2536,1,0,0,0,0,0,1,0,1,0,0,0,0,0,0,0,0,0,0,0,0,0,0,0,0,0,0,0,0,0,0,0,0,0,0,0,0,0,0,0,0,0,0,0,0,0,0,0,0,0,0,0,0,0,0,0,0,0,0,0,0,0,0,0,150,5,1600,400,800,20,4,1,248,200,0,1,7,0,4,6
949,65536,20,1000,5484,1,1,1,1,20,2536,1,0,0,0,0,0,1,0,1,0,0,0,0,0,0,0,0,0,0,0,0,0,0,0,0,0,0,0,0,0,0,0,0,0,0,0,0,0,0,0,0,0,0,0,0,0,0,0,0,0,0,0,0,0,0,0,0,0,0,0,0,0,0,0,150,5,1600,400,800,20,4,1,248,200,0,1,7,0,4,6
950,65536,20,1000,5484,1,1,1,1,20,2536,1,0,0,0,0,0,1,0,1,0,0,0,0,0,0,0,0,0,0,0,0,0,0,0,0,0,0,0,0,0,0,0,0,0,0,0,0,0,0,0,0,0,0,0,0,0,0,0,0,0,0,0,0,0,0,0,0,0,0,0,0,0,0,0,150,5,1600,400,800,20,4,1,248,200,0,1,7,0,4,6
951,65536,20,1000,5484,1,1,1,1,20,2536,1,0,0,0,0,0,1,0,1,0,0,0,0,0,0,0,0,0,0,0,0,0,0,0,0,0,0,0,0,0,0,0,0,0,0,0,0,0,0,0,0,0,0,0,0,0,0,0,0,0,0,0,0,0,0,0,0,0,0,0,0,0,0,0,150,5,1600,400,800,20,4,1,248,200,0,1,7,0,4,6
952,65536,20,1000,5484,1,1,1,1,20,2536,1,0,0,0,0,0,1,0,1,0,0,0,0,0,0,0,0,0,0,0,0,0,0,0,0,0,0,0,0,0,0,0,0,0,0,0,0,0,0,0,0,0,0,0,0,0,0,0,0,0,0,0,0,0,0,0,0,0,0,0,0,0,0,0,150,5,1600,400,800,20,4,1,248,200,0,1,7,0,4,6
953,65536,20,1000,5484,1,1,1,1,20,2536,1,0,0,0,0,0,1,0,1,0,0,0,0,0,0,0,0,0,0,0,0,0,0,0,0,0,0,0,0,0,0,0,0,0,0,0,0,0,0,0,0,0,0,0,0,0,0,0,0,0,0,0,0,0,0,0,0,0,0,0,0,0,0,0,150,5,1600,400,800,20,4,1,248,200,0,1,7,0,4,6
954,65536,20,1000,5484,1,1,1,1,20,2536,1,0,0,0,0,0,1,0,1,0,0,0,0,0,0,0,0,0,0,0,0,0,0,0,0,0,0,0,0,0,0,0,0,0,0,0,0,0,0,0,0,0,0,0,0,0,0,0,0,0,0,0,0,0,0,0,0,0,0,0,0,0,0,0,150,5,1600,400,800,20,4,1,248,200,0,1,7,0,4,6
955,65536,20,1000,5484,1,1,1,1,20,2536,1,0,0,0,0,0,1,0,1,0,0,0,0,0,0,0,0,0,0,0,0,0,0,0,0,0,0,0,0,0,0,0,0,0,0,0,0,0,0,0,0,0,0,0,0,0,0,0,0,0,0,0,0,0,0,0,0,0,0,0,0,0,0,0,150,5,1600,400,800,20,4,1,248,200,0,1,7,0,4,6
956,65536,20,1000,5484,1,1,1,1,20,2536,1,0,0,0,0,0,1,0,1,0,0,0,0,0,0,0,0,0,0,0,0,0,0,0,0,0,0,0,0,0,0,0,0,0,0,0,0,0,0,0,0,0,0,0,0,0,0,0,0,0,0,0,0,0,0,0,0,0,0,0,0,0,0,0,150,5,1600,400,800,20,4,1,248,200,0,1,7,0,4,6
957,65536,20,1000,5484,1,1,1,1,20,2536,1,0,0,0,0,0,1,0,1,0,0,0,0,0,0,0,0,0,0,0,0,0,0,0,0,0,0,0,0,0,0,0,0,0,0,0,0,0,0,0,0,0,0,0,0,0,0,0,0,0,0,0,0,0,0,0,0,0,0,0,0,0,0,0,150,5,1600,400,800,20,4,1,248,200,0,1,7,0,4,6
958,65536,20,1000,5484,1,1,1,1,20,2536,1,0,0,0,0,0,1,0,1,0,0,0,0,0,0,0,0,0,0,0,0,0,0,0,0,0,0,0,0,0,0,0,0,0,0,0,0,0,0,0,0,0,0,0,0,0,0,0,0,0,0,0,0,0,0,0,0,0,0,0,0,0,0,0,150,5,1600,400,800,20,4,1,248,200,0,1,7,0,4,6
959,65536,20,1000,5484,1,1,1,1,20,2536,1,0,0,0,0,0,1,0,1,0,0,0,0,0,0,0,0,0,0,0,0,0,0,0,0,0,0,0,0,0,0,0,0,0,0,0,0,0,0,0,0,0,0,0,0,0,0,0,0,0,0,0,0,0,0,0,0,0,0,0,0,0,0,0,150,5,1600,400,800,20,4,1,248,200,0,1,7,0,4,6
960,65536,20,1000,5484,1,0,1,0,20,2536,1,0,0,0,0,0,1,0,1,0,0,0,0,0,0,0,0,0,0,0,0,0,0,0,0,0,0,0,0,0,0,0,0,0,0,0,0,0,0,0,0,0,0,0,0,0,0,0,0,0,0,0,0,0,0,0,0,0,0,0,0,0,0,0,150,5,1600,400,800,20,5,1,248,200,0,1,7,0,4,6
961,65536,20,1000,5484,1,0,1,0,20,2536,1,0,0,0,0,0,1,0,1,0,0,0,0,0,0,0,0,0,0,0,0,0,0,0,0,0,0,0,0,0,0,0,0,0,0,0,0,0,0,0,0,0,0,0,0,0,0,0,0,0,0,0,0,0,0,0,0,0,0,0,0,0,0,0,150,5,1600,400,800,20,5,1,248,200,0,1,7,0,4,6
962,65536,20,1000,5484,1,0,1,0,20,2536,1,0,0,0,0,0,1,0,1,0,0,0,0,0,0,0,0,0,0,0,0,0,0,0,0,0,0,0,0,0,0,0,0,0,0,0,0,0,0,0,0,0,0,0,0,0,0,0,0,0,0,0,0,0,0,0,0,0,0,0,0,0,0,0,150,5,1600,400,800,20,5,1,248,200,0,1,7,0,4,6
963,65536,20,1000,5484,1,0,1,0,20,2536,1,0,0,0,0,0,1,0,1,0,0,0,0,0,0,0,0,0,0,0,0,0,0,0,0,0,0,0,0,0,0,0,0,0,0,0,0,0,0,0,0,0,0,0,0,0,0,0,0,0,0,0,0,0,0,0,0,0,0,0,0,0,0,0,150,5,1600,400,800,20,5,1,248,200,0,1,7,0,4,6
964,65536,20,1000,5484,1,0,1,0,20,2536,1,0,0,0,0,0,1,0,1,0,0,0,0,0,0,0,0,0,0,0,0,0,0,0,0,0,0,0,0,0,0,0,0,0,0,0,0,0,0,0,0,0,0,0,0,0,0,0,0,0,0,0,0,0,0,0,0,0,0,0,0,0,0,0,150,5,1600,400,800,20,5,1,248,200,0,1,7,0,4,6
965,65536,20,1000,5484,1,0,1,0,20,2536,1,0,0,0,0,0,1,0,1,0,0,0,0,0,0,0,0,0,0,0,0,0,0,0,0,0,0,0,0,0,0,0,0,0,0,0,0,0,0,0,0,0,0,0,0,0,0,0,0,0,0,0,0,0,0,0,0,0,0,0,0,0,0,0,150,5,1600,400,800,20,5,1,248,200,0,1,7,0,4,6
966,65536,20,1000,5484,1,0,1,0,20,2536,1,0,0,0,0,0,1,0,1,0,0,0,0,0,0,0,0,0,0,0,0,0,0,0,0,0,0,0,0,0,0,0,0,0,0,0,0,0,0,0,0,0,0,0,0,0,0,0,0,0,0,0,0,0,0,0,0,0,0,0,0,0,0,0,150,5,1600,400,800,20,5,1,248,200,0,1,7,0,4,6
967,65536,20,1000,5484,1,0,1,0,20,2536,1,0,0,0,0,0,1,0,1,0,0,0,0,0,0,0,0,0,0,0,0,0,0,0,0,0,0,0,0,0,0,0,0,0,0,0,0,0,0,0,0,0,0,0,0,0,0,0,0,0,0,0,0,0,0,0,0,0,0,0,0,0,0,0,150,5,1600,400,800,20,5,1,248,200,0,1,7,0,4,6
968,65536,20,1000,5484,1,0,1,0,20,2536,1,0,0,0,0,0,1,0,1,0,0,0,0,0,0,0,0,0,0,0,0,0,0,0,0,0,0,0,0,0,0,0,0,0,0,0,0,0,0,0,0,0,0,0,0,0,0,0,0,0,0,0,0,0,0,0,0,0,0,0,0,0,0,0,150,5,1600,400,800,20,5,1,248,200,0,1,7,0,4,6
969,65536,20,1000,5484,1,0,1,0,20,2536,1,0,0,0,0,0,1,0,1,0,0,0,0,0,0,0,0,0,0,0,0,0,0,0,0,0,0,0,0,0,0,0,0,0,0,0,0,0,0,0,0,0,0,0,0,0,0,0,0,0,0,0,0,0,0,0,0,0,0,0,0,0,0,0,150,5,1600,400,800,20,5,1,248,200,0,1,7,0,4,6
970,65536,20,1000,5484,1,0,1,0,20,2536,1,0,0,0,0,0,1,0,1,0,0,0,0,0,0,0,0,0,0,0,0,0,0,0,0,0,0,0,0,0,0,0,0,0,0,0,0,0,0,0,0,0,0,0,0,0,0,0,0,0,0,0,0,0,0,0,0,0,0,0,0,0,0,0,150,5,1600,400,800,20,5,1,248,200,0,1,7,0,4,6
971,65536,20,1000,5484,1,0,1,0,20,2536,1,0,0,0,0,0,1,0,1,0,0,0,0,0,0,0,0,0,0,0,0,0,0,0,0,0,0,0,0,0,0,0,0,0,0,0,0,0,0,0,0,0,0,0,0,0,0,0,0,0,0,0,0,0,0,0,0,0,0,0,0,0,0,0,150,5,1600,400,800,20,5,1,248,200,0,1,7,0,4,6
972,65536,20,1000,5484,1,0,1,0,20,2536,1,0,0,0,0,0,1,0,1,0,0,0,0,0,0,0,0,0,0,0,0,0,0,0,0,0,0,0,0,0,0,0,0,0,0,0,0,0,0,0,0,0,0,0,0,0,0,0,0,0,0,0,0,0,0,0,0,0,0,0,0,0,0,0,150,5,1600,400,800,20,5,1,248,200,0,1,7,0,4,6
973,65536,20,1000,5484,1,0,1,0,20,2536,1,0,0,0,0,0,1,0,1,0,0,0,0,0,0,0,0,0,0,0,0,0,0,0,0,0,0,0,0,0,0,0,0,0,0,0,0,0,0,0,0,0,0,0,0,0,0,0,0,0,0,0,0,0,0,0,0,0,0,0,0,0,0,0,150,5,1600,400,800,20,5,1,248,200,0,1,7,0,4,6
974,65536,20,1000,5484,1,0,1,0,20,2536,1,0,0,0,0,0,1,0,1,0,0,0,0,0,0,0,0,0,0,0,0,0,0,0,0,0,0,0,0,0,0,0,0,0,0,0,0,0,0,0,0,0,0,0,0,0,0,0,0,0,0,0,0,0,0,0,0,0,0,0,0,0,0,0,150,5,1600,400,800,20,5,1,248,200,0,1,7,0,4,6
975,65536,20,1000,5484,1,0,1,0,20,2536,1,0,0,0,0,0,1,0,1,0,0,0,0,0,0,0,0,0,0,0,0,0,0,0,0,0,0,0,0,0,0,0,0,0,0,0,0,0,0,0,0,0,0,0,0,0,0,0,0,0,0,0,0,0,0,0,0,0,0,0,0,0,0,0,150,5,1600,400,800,20,5,1,248,200,0,1,7,0,4,6
976,65536,20,1000,5484,1,0,1,0,20,2536,1,0,0,0,0,0,1,0,1,0,0,0,0,0,0,0,0,0,0,0,0,0,0,0,0,0,0,0,0,0,0,0,0,0,0,0,0,0,0,0,0,0,0,0,0,0,0,0,0,0,0,0,0,0,0,0,0,0,0,0,0,0,0,0,150,5,1600,400,800,20,5,1,248,200,0,1,7,0,4,6
977,65536,20,1000,5484,1,0,1,0,20,2536,1,0,0,0,0,0,1,0,1,0,0,0,0,0,0,0,0,0,0,0,0,0,0,0,0,0,0,0,0,0,0,0,0,0,0,0,0,0,0,0,0,0,0,0,0,0,0,0,0,0,0,0,0,0,0,0,0,0,0,0,0,0,0,0,150,5,1600,400,800,20,5,1,248,200,0,1,7,0,4,6
978,65536,20,1000,5484,1,0,1,0,20,2536,1,0,0,0,0,0,1,0,1,0,0,0,0,0,0,0,0,0,0,0,0,0,0,0,0,0,0,0,0,0,0,0,0,0,0,0,0,0,0,0,0,0,0,0,0,0,0,0,0,0,0,0,0,0,0,0,0,0,0,0,0,0,0,0,150,5,1600,400,800,20,5,1,248,200,0,1,7,0,4,6
979,65536,20,1000,5484,1,0,1,0,20,2536,1,0,0,0,0,0,1,0,1,0,0,0,0,0,0,0,0,0,0,0,0,0,0,0,0,0,0,0,0,0,0,0,0,0,0,0,0,0,0,0,0,0,0,0,0,0,0,0,0,0,0,0,0,0,0,0,0,0,0,0,0,0,0,0,150,5,1600,400,800,20,5,1,248,200,0,1,7,0,4,6
980,65536,20,1000,5484,1,0,1,0,20,2536,1,0,0,0,0,0,1,0,1,0,0,0,0,0,0,0,0,0,0,0,0,0,0,0,0,0,0,0,0,0,0,0,0,0,0,0,0,0,0,0,0,0,0,0,0,0,0,0,0,0,0,0,0,0,0,0,0,0,0,0,0,0,0,0,150,5,1600,400,800,20,5,1,248,200,0,1,7,0,4,6
981,65536,20,1000,5484,1,0,1,0,20,2536,1,0,0,0,0,0,1,0,1,0,0,0,0,0,0,0,0,0,0,0,0,0,0,0,0,0,0,0,0,0,0,0,0,0,0,0,0,0,0,0,0,0,0,0,0,0,0,0,0,0,0,0,0,0,0,0,0,0,0,0,0,0,0,0,150,5,1600,400,800,20,5,1,248,200,0,1,7,0,4,6
982,65536,20,1000,5484,1,0,1,0,20,2536,1,0,0,0,0,0,1,0,1,0,0,0,0,0,0,0,0,0,0,0,0,0,0,0,0,0,0,0,0,0,0,0,0,0,0,0,0,0,0,0,0,0,0,0,0,0,0,0,0,0,0,0,0,0,0,0,0,0,0,0,0,0,0,0,150,5,1600,400,800,20,5,1,248,200,0,1,7,0,4,6
983,65536,20,1000,5484,1,0,1,0,20,2536,1,0,0,0,0,0,1,0,1,0,0,0,0,0,0,0,0,0,0,0,0,0,0,0,0,0,0,0,0,0,0,0,0,0,0,0,0,0,0,0,0,0,0,0,0,0,0,0,0,0,0,0,0,0,0,0,0,0,0,0,0,0,0,0,150,5,1600,400,800,20,5,1,248,200,0,1,7,0,4,6
984,65536,20,1000,5484,1,0,1,0,20,2536,1,0,0,0,0,0,1,0,1,0,0,0,0,0,0,0,0,0,0,0,0,0,0,0,0,0,0,0,0,0,0,0,0,0,0,0,0,0,0,0,0,0,0,0,0,0,0,0,0,0,0,0,0,0,0,0,0,0,0,0,0,0,0,0,150,5,1600,400,800,20,5,1,248,200,0,1,7,0,4,6
985,65536,20,1000,5484,1,0,1,0,20,2536,1,0,0,0,0,0,1,0,1,0,0,0,0,0,0,0,0,0,0,0,0,0,0,0,0,0,0,0,0,0,0,0,0,0,0,0,0,0,0,0,0,0,0,0,0,0,0,0,0,0,0,0,0,0,0,0,0,0,0,0,0,0,0,0,150,5,1600,400,800,20,5,1,248,200,0,1,7,0,4,6
986,65536,20,1000,5484,1,0,1,0,20,2536,1,0,0,0,0,0,1,0,1,0,0,0,0,0,0,0,0,0,0,0,0,0,0,0,0,0,0,0,0,0,0,0,0,0,0,0,0,0,0,0,0,0,0,0,0,0,0,0,0,0,0,0,0,0,0,0,0,0,0,0,0,0,0,0,150,5,1600,400,800,20,5,1,248,200,0,1,7,0,4,6
987,65536,20,1000,5484,1,0,1,0,20,2536,1,0,0,0,0,0,1,0,1,0,0,0,0,0,0,0,0,0,0,0,0,0,0,0,0,0,0,0,0,0,0,0,0,0,0,0,0,0,0,0,0,0,0,0,0,0,0,0,0,0,0,0,0,0,0,0,0,0,0,0,0,0,0,0,150,5,1600,400,800,20,5,1,248,200,0,1,7,0,4,6
988,65536,20,1000,5484,1,0,1,0,20,2536,1,0,0,0,0,0,1,0,1,0,0,0,0,0,0,0,0,0,0,0,0,0,0,0,0,0,0,0,0,0,0,0,0,0,0,0,0,0,0,0,0,0,0,0,0,0,0,0,0,0,0,0,0,0,0,0,0,0,0,0,0,0,0,0,150,5,1600,400,800,20,5,1,248,200,0,1,7,0,4,6
989,65536,20,1000,5484,1,0,1,0,20,2536,1,0,0,0,0,0,1,0,1,0,0,0,0,0,0,0,0,0,0,0,0,0,0,0,0,0,0,0,0,0,0,0,0,0,0,0,0,0,0,0,0,0,0,0,0,0,0,0,0,0,0,0,0,0,0,0,0,0,0,0,0,0,0,0,150,5,1600,400,800,20,5,1,248,200,0,1,7,0,4,6
990,65536,20,1000,5484,1,0,1,0,20,2536,1,0,0,0,0,0,1,0,1,0,0,0,0,0,0,0,0,0,0,0,0,0,0,0,0,0,0,0,0,0,0,0,0,0,0,0,0,0,0,0,0,0,0,0,0,0,0,0,0,0,0,0,0,0,0,0,0,0,0,0,0,0,0,0,150,5,1600,400,800,20,5,1,248,200,0,1,7,0,4,6
991,65536,20,1000,5484,1,0,1,0,20,2536,1,0,0,0,0,0,1,0,1,0,0,0,0,0,0,0,0,0,0,0,0,0,0,0,0,0,0,0,0,0,0,0,0,0,0,0,0,0,0,0,0,0,0,0,0,0,0,0,0,0,0,0,0,0,0,0,0,0,0,0,0,0,0,0,150,5,1600,400,800,20,5,1,248,200,0,1,7,0,4,6
992,65536,20,1000,5484,1,0,1,0,20,2536,1,0,0,0,0,0,1,0,1,0,0,0,0,0,0,0,0,0,0,0,0,0,0,0,0,0,0,0,0,0,0,0,0,0,0,0,0,0,0,0,0,0,0,0,0,0,0,0,0,0,0,0,0,0,0,0,0,0,0,0,0,0,0,0,150,5,1600,400,800,20,5,1,248,200,0,1,7,0,4,6
993,65536,20,1000,5484,1,0,1,0,20,2536,1,0,0,0,0,0,1,0,1,0,0,0,0,0,0,0,0,0,0,0,0,0,0,0,0,0,0,0,0,0,0,0,0,0,0,0,0,0,0,0,0,0,0,0,0,0,0,0,0,0,0,0,0,0,0,0,0,0,0,0,0,0,0,0,150,5,1600,400,800,20,5,1,248,200,0,1,7,0,4,6
994,65536,20,1000,5484,1,0,1,0,20,2536,1,0,0,0,0,0,1,0,1,0,0,0,0,0,0,0,0,0,0,0,0,0,0,0,0,0,0,0,0,0,0,0,0,0,0,0,0,0,0,0,0,0,0,0,0,0,0,0,0,0,0,0,0,0,0,0,0,0,0,0,0,0,0,0,150,5,1600,400,800,20,5,1,248,200,0,1,7,0,4,6
995,65536,20,1000,5484,1,0,1,0,20,2536,1,0,0,0,0,0,1,0,1,0,0,0,0,0,0,0,0,0,0,0,0,0,0,0,0,0,0,0,0,0,0,0,0,0,0,0,0,0,0,0,0,0,0,0,0,0,0,0,0,0,0,0,0,0,0,0,0,0,0,0,0,0,0,0,150,5,1600,400,800,20,5,1,248,200,0,1,7,0,4,6
996,65536,20,1000,5484,1,0,1,0,20,2536,1,0,0,0,0,0,1,0,1,0,0,0,0,0,0,0,0,0,0,0,0,0,0,0,0,0,0,0,0,0,0,0,0,0,0,0,0,0,0,0,0,0,0,0,0,0,0,0,0,0,0,0,0,0,0,0,0,0,0,0,0,0,0,0,150,5,1600,400,800,20,5,1,248,200,0,1,7,0,4,6
997,65536,20,1000,5484,1,0,1,0,20,2536,1,0,0,0,0,0,1,0,1,0,0,0,0,0,0,0,0,0,0,0,0,0,0,0,0,0,0,0,0,0,0,0,0,0,0,0,0,0,0,0,0,0,0,0,0,0,0,0,0,0,0,0,0,0,0,0,0,0,0,0,0,0,0,0,150,5,1600,400,800,20,5,1,248,200,0,1,7,0,4,6
998,65536,20,1000,5484,1,0,1,0,20,2536,1,0,0,0,0,0,1,0,1,0,0,0,0,0,0,0,0,0,0,0,0,0,0,0,0,0,0,0,0,0,0,0,0,0,0,0,0,0,0,0,0,0,0,0,0,0,0,0,0,0,0,0,0,0,0,0,0,0,0,0,0,0,0,0,150,5,1600,400,800,20,5,1,248,200,0,1,7,0,4,6
999,65536,20,1000,5484,1,0,1,0,20,2536,1,0,0,0,0,0,1,0,1,0,0,0,0,0,0,0,0,0,0,0,0,0,0,0,0,0,0,0,0,0,0,0,0,0,0,0,0,0,0,0,0,0,0,0,0,0,0,0,0,0,0,0,0,0,0,0,0,0,0,0,0,0,0,0,150,5,1600,400,800,20,5,1,248,200,0,1,7,0,4,6
1000,65536,20,1000,5484,1,0,1,0,20,2536,1,0,0,0,0,0,1,0,1,0,0,0,0,0,0,0,0,0,0,0,0,0,0,0,0,0,0,0,0,0,0,0,0,0,0,0,0,0,0,0,0,0,0,0,0,0,0,0,0,0,0,0,0,0,0,0,0,0,0,0,0,0,0,0,150,5,1600,400,800,20,5,1,248,200,0,1,7,0,4,6
1001,65536,20,1000,5484,1,0,1,0,20,2536,1,0,0,0,0,0,1,0,1,0,0,0,0,0,0,0,0,0,0,0,0,0,0,0,0,0,0,0,0,0,0,0,0,0,0,0,0,0,0,0,0,0,0,0,0,0,0,0,0,0,0,0,0,0,0,0,0,0,0,0,0,0,0,0,150,5,1600,400,800,20,5,1,248,200,0,1,7,0,4,6
1002,65536,20,1000,5484,1,0,1,0,20,2536,1,0,0,0,0,0,1,0,1,0,0,0,0,0,0,0,0,0,0,0,0,0,0,0,0,0,0,0,0,0,0,0,0,0,0,0,0,0,0,0,0,0,0,0,0,0,0,0,0,0,0,0,0,0,0,0,0,0,0,0,0,0,0,0,150,5,1600,400,800,20,5,1,248,200,0,1,7,0,4,6
1003,65536,20,1000,5484,1,0,1,0,20,2536,1,0,0,0,0,0,1,0,1,0,0,0,0,0,0,0,0,0,0,0,0,0,0,0,0,0,0,0,0,0,0,0,0,0,0,0,0,0,0,0,0,0,0,0,0,0,0,0,0,0,0,0,0,0,0,0,0,0,0,0,0,0,0,0,150,5,1600,400,800,20,5,1,248,200,0,1,7,0,4,6
1004,65536,20,1000,5484,1,0,1,0,20,2536,1,0,0,0,0,0,1,0,1,0,0,0,0,0,0,0,0,0,0,0,0,0,0,0,0,0,0,0,0,0,0,0,0,0,0,0,0,0,0,0,0,0,0,0,0,0,0,0,0,0,0,0,0,0,0,0,0,0,0,0,0,0,0,0,150,5,1600,400,800,20,5,1,248,200,0,1,7,0,4,6
1005,65536,20,1000,5484,1,0,1,0,20,2536,1,0,0,0,0,0,1,0,1,0,0,0,0,0,0,0,0,0,0,0,0,0,0,0,0,0,0,0,0,0,0,0,0,0,0,0,0,0,0,0,0,0,0,0,0,0,0,0,0,0,0,0,0,0,0,0,0,0,0,0,0,0,0,0,150,5,1600,400,800,20,5,1,248,200,0,1,7,0,4,6
1006,65536,20,1000,5484,1,0,1,0,20,2536,1,0,0,0,0,0,1,0,1,0,0,0,0,0,0,0,0,0,0,0,0,0,0,0,0,0,0,0,0,0,0,0,0,0,0,0,0,0,0,0,0,0,0,0,0,0,0,0,0,0,0,0,0,0,0,0,0,0,0,0,0,0,0,0,150,5,1600,400,800,20,5,1,248,200,0,1,7,0,4,6
1007,65536,20,1000,5484,1,0,1,0,20,2536,1,0,0,0,0,0,1,0,1,0,0,0,0,0,0,0,0,0,0,0,0,0,0,0,0,0,0,0,0,0,0,0,0,0,0,0,0,0,0,0,0,0,0,0,0,0,0,0,0,0,0,0,0,0,0,0,0,0,0,0,0,0,0,0,150,5,1600,400,800,20,5,1,248,200,0,1,7,0,4,6
1008,65536,20,1000,5484,1,0,1,0,20,2536,1,0,0,0,0,0,1,0,1,0,0,0,0,0,0,0,0,0,0,0,0,0,0,0,0,0,0,0,0,0,0,0,0,0,0,0,0,0,0,0,0,0,0,0,0,0,0,0,0,0,0,0,0,0,0,0,0,0,0,0,0,0,0,0,150,5,1600,400,800,20,5,1,248,200,0,1,7,0,4,6
1009,65536,20,1000,5484,1,0,1,0,20,2536,1,0,0,0,0,0,1,0,1,0,0,0,0,0,0,0,0,0,0,0,0,0,0,0,0,0,0,0,0,0,0,0,0,0,0,0,0,0,0,0,0,0,0,0,0,0,0,0,0,0,0,0,0,0,0,0,0,0,0,0,0,0,0,0,150,5,1600,400,800,20,5,1,248,200,0,1,7,0,4,6
1010,65536,20,1000,5484,1,0,1,0,20,2536,1,0,0,0,0,0,1,0,1,0,0,0,0,0,0,0,0,0,0,0,0,0,0,0,0,0,0,0,0,0,0,0,0,0,0,0,0,0,0,0,0,0,0,0,0,0,0,0,0,0,0,0,0,0,0,0,0,0,0,0,0,0,0,0,150,5,1600,400,800,20,5,1,248,200,0,1,7,0,4,6
1011,65536,20,1000,5484,1,0,1,0,20,2536,1,0,0,0,0,0,1,0,1,0,0,0,0,0,0,0,0,0,0,0,0,0,0,0,0,0,0,0,0,0,0,0,0,0,0,0,0,0,0,0,0,0,0,0,0,0,0,0,0,0,0,0,0,0,0,0,0,0,0,0,0,0,0,0,150,5,1600,400,800,20,5,1,248,200,0,1,7,0,4,6
1012,65536,20,1000,5484,1,0,1,0,20,2536,1,0,0,0,0,0,1,0,1,0,0,0,0,0,0,0,0,0,0,0,0,0,0,0,0,0,0,0,0,0,0,0,0,0,0,0,0,0,0,0,0,0,0,0,0,0,0,0,0,0,0,0,0,0,0,0,0,0,0,0,0,0,0,0,150,5,1600,400,800,20,5,1,248,200,0,1,7,0,4,6
1013,65536,20,1000,5484,1,0,1,0,20,2536,1,0,0,0,0,0,1,0,1,0,0,0,0,0,0,0,0,0,0,0,0,0,0,0,0,0,0,0,0,0,0,0,0,0,0,0,0,0,0,0,0,0,0,0,0,0,0,0,0,0,0,0,0,0,0,0,0,0,0,0,0,0,0,0,150,5,1600,400,800,20,5,1,248,200,0,1,7,0,4,6
1014,65536,20,1000,5484,1,0,1,0,20,2536,1,0,0,0,0,0,1,0,1,0,0,0,0,0,0,0,0,0,0,0,0,0,0,0,0,0,0,0,0,0,0,0,0,0,0,0,0,0,0,0,0,0,0,0,0,0,0,0,0,0,0,0,0,0,0,0,0,0,0,0,0,0,0,0,150,5,1600,400,800,20,5,1,248,200,0,1,7,0,4,6
1015,65536,20,1000,5484,1,0,1,0,20,2536,1,0,0,0,0,0,1,0,1,0,0,0,0,0,0,0,0,0,0,0,0,0,0,0,0,0,0,0,0,0,0,0,0,0,0,0,0,0,0,0,0,0,0,0,0,0,0,0,0,0,0,0,0,0,0,0,0,0,0,0,0,0,0,0,150,5,1600,400,800,20,5,1,248,200,0,1,7,0,4,6
1016,65536,20,1000,5484,1,0,1,0,20,2536,1,0,0,0,0,0,1,0,1,0,0,0,0,0,0,0,0,0,0,0,0,0,0,0,0,0,0,0,0,0,0,0,0,0,0,0,0,0,0,0,0,0,0,0,0,0,0,0,0,0,0,0,0,0,0,0,0,0,0,0,0,0,0,0,150,5,1600,400,800,20,5,1,248,200,0,1,7,0,4,6
1017,65536,20,1000,5484,1,0,1,0,20,2536,1,0,0,0,0,0,1,0,1,0,0,0,0,0,0,0,0,0,0,0,0,0,0,0,0,0,0,0,0,0,0,0,0,0,0,0,0,0,0,0,0,0,0,0,0,0,0,0,0,0,0,0,0,0,0,0,0,0,0,0,0,0,0,0,150,5,1600,400,800,20,5,1,248,200,0,1,7,0,4,6
1018,65536,20,1000,5484,1,0,1,0,20,2536,1,0,0,0,0,0,1,0,1,0,0,0,0,0,0,0,0,0,0,0,0,0,0,0,0,0,0,0,0,0,0,0,0,0,0,0,0,0,0,0,0,0,0,0,0,0,0,0,0,0,0,0,0,0,0,0,0,0,0,0,0,0,0,0,150,5,1600,400,800,20,5,1,248,200,0,1,7,0,4,6
1019,65536,20,1000,5484,1,0,1,0,20,2536,1,0,0,0,0,0,1,0,1,0,0,0,0,0,0,0,0,0,0,0,0,0,0,0,0,0,0,0,0,0,0,0,0,0,0,0,0,0,0,0,0,0,0,0,0,0,0,0,0,0,0,0,0,0,0,0,0,0,0,0,0,0,0,0,150,5,1600,400,800,20,5,1,248,200,0,1,7,0,4,6
1020,65536,20,1000,5484,1,0,1,0,20,2536,1,0,0,0,0,0,1,0,1,0,0,0,0,0,0,0,0,0,0,0,0,0,0,0,0,0,0,0,0,0,0,0,0,0,0,0,0,0,0,0,0,0,0,0,0,0,0,0,0,0,0,0,0,0,0,0,0,0,0,0,0,0,0,0,150,5,1600,400,800,20,5,1,248,200,0,1,7,0,4,6
1021,65536,20,1000,5484,1,0,1,0,20,2536,1,0,0,0,0,0,1,0,1,0,0,0,0,0,0,0,0,0,0,0,0,0,0,0,0,0,0,0,0,0,0,0,0,0,0,0,0,0,0,0,0,0,0,0,0,0,0,0,0,0,0,0,0,0,0,0,0,0,0,0,0,0,0,0,150,5,1600,400,800,20,5,1,248,200,0,1,7,0,4,6
1022,65536,20,1000,5484,1,0,1,0,20,2536,1,0,0,0,0,0,1,0,1,0,0,0,0,0,0,0,0,0,0,0,0,0,0,0,0,0,0,0,0,0,0,0,0,0,0,0,0,0,0,0,0,0,0,0,0,0,0,0,0,0,0,0,0,0,0,0,0,0,0,0,0,0,0,0,150,5,1600,400,800,20,5,1,248,200,0,1,7,0,4,6
1023,65536,20,1000,5484,1,0,1,0,20,2536,1,0,0,0,0,0,1,0,1,0,0,0,0,0,0,0,0,0,0,0,0,0,0,0,0,0,0,0,0,0,0,0,0,0,0,0,0,0,0,0,0,0,0,0,0,0,0,0,0,0,0,0,0,0,0,0,0,0,0,0,0,0,0,0,150,5,1600,400,800,20,5,1,248,200,0,1,7,0,4,6
1024,65536,20,1000,5484,1,0,1,0,20,2536,1,0,0,0,0,0,1,0,1,0,0,0,0,0,0,0,0,0,0,0,0,0,0,0,0,0,0,0,0,0,0,0,0,0,0,0,0,0,0,0,0,0,0,0,0,0,0,0,0,0,0,0,0,0,0,0,0,0,0,0,0,0,0,0,150,5,1600,400,800,20,5,1,248,200,0,1,7,0,4,6
1025,65536,20,1000,5484,1,0,1,0,20,2536,1,0,0,0,0,0,1,0,1,0,0,0,0,0,0,0,0,0,0,0,0,0,0,0,0,0,0,0,0,0,0,0,0,0,0,0,0,0,0,0,0,0,0,0,0,0,0,0,0,0,0,0,0,0,0,0,0,0,0,0,0,0,0,0,150,5,1600,400,800,20,5,1,248,200,0,1,7,0,4,6
1026,65536,20,1000,5484,1,0,1,0,20,2536,1,0,0,0,0,0,1,0,1,0,0,0,0,0,0,0,0,0,0,0,0,0,0,0,0,0,0,0,0,0,0,0,0,0,0,0,0,0,0,0,0,0,0,0,0,0,0,0,0,0,0,0,0,0,0,0,0,0,0,0,0,0,0,0,150,5,1600,400,800,20,5,1,248,200,0,1,7,0,4,6
1027,65536,20,1000,5484,1,0,1,0,20,2536,1,0,0,0,0,0,1,0,1,0,0,0,0,0,0,0,0,0,0,0,0,0,0,0,0,0,0,0,0,0,0,0,0,0,0,0,0,0,0,0,0,0,0,0,0,0,0,0,0,0,0,0,0,0,0,0,0,0,0,0,0,0,0,0,150,5,1600,400,800,20,5,1,248,200,0,1,7,0,4,6
1028,65536,20,1000,5484,1,0,1,0,20,2536,1,0,0,0,0,0,1,0,1,0,0,0,0,0,0,0,0,0,0,0,0,0,0,0,0,0,0,0,0,0,0,0,0,0,0,0,0,0,0,0,0,0,0,0,0,0,0,0,0,0,0,0,0,0,0,0,0,0,0,0,0,0,0,0,150,5,1600,400,800,20,5,1,248,200,0,1,7,0,4,6
1029,65536,20,1000,5484,1,0,1,0,20,2536,1,0,0,0,0,0,1,0,1,0,0,0,0,0,0,0,0,0,0,0,0,0,0,0,0,0,0,0,0,0,0,0,0,0,0,0,0,0,0,0,0,0,0,0,0,0,0,0,0,0,0,0,0,0,0,0,0,0,0,0,0,0,0,0,150,5,1600,400,800,20,5,1,248,200,0,1,7,0,4,6
1030,65536,20,1000,5484,1,0,1,0,20,2536,1,0,0,0,0,0,1,0,1,0,0,0,0,0,0,0,0,0,0,0,0,0,0,0,0,0,0,0,0,0,0,0,0,0,0,0,0,0,0,0,0,0,0,0,0,0,0,0,0,0,0,0,0,0,0,0,0,0,0,0,0,0,0,0,150,5,1600,400,800,20,5,1,248,200,0,1,7,0,4,6
1031,65536,20,1000,5484,1,0,1,0,20,2536,1,0,0,0,0,0,1,0,1,0,0,0,0,0,0,0,0,0,0,0,0,0,0,0,0,0,0,0,0,0,0,0,0,0,0,0,0,0,0,0,0,0,0,0,0,0,0,0,0,0,0,0,0,0,0,0,0,0,0,0,0,0,0,0,150,5,1600,400,800,20,5,1,248,200,0,1,7,0,4,6
1032,65536,20,1000,5484,1,0,1,0,20,2536,1,0,0,0,0,0,1,0,1,0,0,0,0,0,0,0,0,0,0,0,0,0,0,0,0,0,0,0,0,0,0,0,0,0,0,0,0,0,0,0,0,0,0,0,0,0,0,0,0,0,0,0,0,0,0,0,0,0,0,0,0,0,0,0,150,5,1600,400,800,20,5,1,248,200,0,1,7,0,4,6
1033,65536,20,1000,5484,1,0,1,0,20,2536,1,0,0,0,0,0,1,0,1,0,0,0,0,0,0,0,0,0,0,0,0,0,0,0,0,0,0,0,0,0,0,0,0,0,0,0,0,0,0,0,0,0,0,0,0,0,0,0,0,0,0,0,0,0,0,0,0,0,0,0,0,0,0,0,150,5,1600,400,800,20,5,1,248,200,0,1,7,0,4,6
1034,65536,20,1000,5484,1,0,1,0,20,2536,1,0,0,0,0,0,1,0,1,0,0,0,0,0,0,0,0,0,0,0,0,0,0,0,0,0,0,0,0,0,0,0,0,0,0,0,0,0,0,0,0,0,0,0,0,0,0,0,0,0,0,0,0,0,0,0,0,0,0,0,0,0,0,0,150,5,1600,400,800,20,5,1,248,200,0,1,7,0,4,6
1035,65536,20,1000,5484,1,0,1,0,20,2536,1,0,0,0,0,0,1,0,1,0,0,0,0,0,0,0,0,0,0,0,0,0,0,0,0,0,0,0,0,0,0,0,0,0,0,0,0,0,0,0,0,0,0,0,0,0,0,0,0,0,0,0,0,0,0,0,0,0,0,0,0,0,0,0,150,5,1600,400,800,20,5,1,248,200,0,1,7,0,4,6
1036,65536,20,1000,5484,1,0,1,0,20,2536,1,0,0,0,0,0,1,0,1,0,0,0,0,0,0,0,0,0,0,0,0,0,0,0,0,0,0,0,0,0,0,0,0,0,0,0,0,0,0,0,0,0,0,0,0,0,0,0,0,0,0,0,0,0,0,0,0,0,0,0,0,0,0,0,150,5,1600,400,800,20,5,1,248,200,0,1,7,0,4,6
1037,65536,20,1000,5484,1,0,1,0,20,2536,1,0,0,0,0,0,1,0,1,0,0,0,0,0,0,0,0,0,0,0,0,0,0,0,0,0,0,0,0,0,0,0,0,0,0,0,0,0,0,0,0,0,0,0,0,0,0,0,0,0,0,0,0,0,0,0,0,0,0,0,0,0,0,0,150,5,1600,400,800,20,5,1,248,200,0,1,7,0,4,6
1038,65536,20,1000,5484,1,0,1,0,20,2536,1,0,0,0,0,0,1,0,1,0,0,0,0,0,0,0,0,0,0,0,0,0,0,0,0,0,0,0,0,0,0,0,0,0,0,0,0,0,0,0,0,0,0,0,0,0,0,0,0,0,0,0,0,0,0,0,0,0,0,0,0,0,0,0,150,5,1600,400,800,20,5,1,248,200,0,1,7,0,4,6
1039,65536,20,1000,5484,1,0,1,0,20,2536,1,0,0,0,0,0,1,0,1,0,0,0,0,0,0,0,0,0,0,0,0,0,0,0,0,0,0,0,0,0,0,0,0,0,0,0,0,0,0,0,0,0,0,0,0,0,0,0,0,0,0,0,0,0,0,0,0,0,0,0,0,0,0,0,150,5,1600,400,800,20,5,1,248,200,0,1,7,0,4,6
1040,65536,20,1000,5484,1,0,1,0,20,2536,1,0,0,0,0,0,1,0,1,0,0,0,0,0,0,0,0,0,0,0,0,0,0,0,0,0,0,0,0,0,0,0,0,0,0,0,0,0,0,0,0,0,0,0,0,0,0,0,0,0,0,0,0,0,0,0,0,0,0,0,0,0,0,0,150,5,1600,400,800,20,5,1,248,200,0,1,7,0,4,6
1041,65536,20,1000,5484,1,0,1,0,20,2536,1,0,0,0,0,0,1,0,1,0,0,0,0,0,0,0,0,0,0,0,0,0,0,0,0,0,0,0,0,0,0,0,0,0,0,0,0,0,0,0,0,0,0,0,0,0,0,0,0,0,0,0,0,0,0,0,0,0,0,0,0,0,0,0,150,5,1600,400,800,20,5,1,248,200,0,1,7,0,4,6
1042,65536,20,1000,5484,1,0,1,0,20,2536,1,0,0,0,0,0,1,0,1,0,0,0,0,0,0,0,0,0,0,0,0,0,0,0,0,0,0,0,0,0,0,0,0,0,0,0,0,0,0,0,0,0,0,0,0,0,0,0,0,0,0,0,0,0,0,0,0,0,0,0,0,0,0,0,150,5,1600,400,800,20,5,1,248,200,0,1,7,0,4,6
1043,65536,20,1000,5484,1,0,1,0,20,2536,1,0,0,0,0,0,1,0,1,0,0,0,0,0,0,0,0,0,0,0,0,0,0,0,0,0,0,0,0,0,0,0,0,0,0,0,0,0,0,0,0,0,0,0,0,0,0,0,0,0,0,0,0,0,0,0,0,0,0,0,0,0,0,0,150,5,1600,400,800,20,5,1,248,200,0,1,7,0,4,6
1044,65536,20,1000,5484,1,0,1,0,20,2536,1,0,0,0,0,0,1,0,1,0,0,0,0,0,0,0,0,0,0,0,0,0,0,0,0,0,0,0,0,0,0,0,0,0,0,0,0,0,0,0,0,0,0,0,0,0,0,0,0,0,0,0,0,0,0,0,0,0,0,0,0,0,0,0,150,5,1600,400,800,20,5,1,248,200,0,1,7,0,4,6
1045,65536,20,1000,5484,1,0,1,0,20,2536,1,0,0,0,0,0,1,0,1,0,0,0,0,0,0,0,0,0,0,0,0,0,0,0,0,0,0,0,0,0,0,0,0,0,0,0,0,0,0,0,0,0,0,0,0,0,0,0,0,0,0,0,0,0,0,0,0,0,0,0,0,0,0,0,150,5,1600,400,800,20,5,1,248,200,0,1,7,0,4,6
1046,65536,20,1000,5484,1,0,1,0,20,2536,1,0,0,0,0,0,1,0,1,0,0,0,0,0,0,0,0,0,0,0,0,0,0,0,0,0,0,0,0,0,0,0,0,0,0,0,0,0,0,0,0,0,0,0,0,0,0,0,0,0,0,0,0,0,0,0,0,0,0,0,0,0,0,0,150,5,1600,400,800,20,5,1,248,200,0,1,7,0,4,6
1047,65536,20,1000,5484,1,0,1,0,20,2536,1,0,0,0,0,0,1,0,1,0,0,0,0,0,0,0,0,0,0,0,0,0,0,0,0,0,0,0,0,0,0,0,0,0,0,0,0,0,0,0,0,0,0,0,0,0,0,0,0,0,0,0,0,0,0,0,0,0,0,0,0,0,0,0,150,5,1600,400,800,20,5,1,248,200,0,1,7,0,4,6
1048,65536,20,1000,5484,1,0,1,0,20,2536,1,0,0,0,0,0,1,0,1,0,0,0,0,0,0,0,0,0,0,0,0,0,0,0,0,0,0,0,0,0,0,0,0,0,0,0,0,0,0,0,0,0,0,0,0,0,0,0,0,0,0,0,0,0,0,0,0,0,0,0,0,0,0,0,150,5,1600,400,800,20,5,1,248,200,0,1,7,0,4,6
1049,65536,20,1000,5484,1,0,1,0,20,2536,1,0,0,0,0,0,1,0,1,0,0,0,0,0,0,0,0,0,0,0,0,0,0,0,0,0,0,0,0,0,0,0,0,0,0,0,0,0,0,0,0,0,0,0,0,0,0,0,0,0,0,0,0,0,0,0,0,0,0,0,0,0,0,0,150,5,1600,400,800,20,5,1,248,200,0,1,7,0,4,6
1050,65536,20,1000,5484,1,0,1,0,20,2536,1,0,0,0,0,0,1,0,1,0,0,0,0,0,0,0,0,0,0,0,0,0,0,0,0,0,0,0,0,0,0,0,0,0,0,0,0,0,0,0,0,0,0,0,0,0,0,0,0,0,0,0,0,0,0,0,0,0,0,0,0,0,0,0,150,5,1600,400,800,20,5,1,248,200,0,1,7,0,4,6
1051,65536,20,1000,5484,1,0,1,0,20,2536,1,0,0,0,0,0,1,0,1,0,0,0,0,0,0,0,0,0,0,0,0,0,0,0,0,0,0,0,0,0,0,0,0,0,0,0,0,0,0,0,0,0,0,0,0,0,0,0,0,0,0,0,0,0,0,0,0,0,0,0,0,0,0,0,150,5,1600,400,800,20,5,1,248,200,0,1,7,0,4,6
1052,65536,20,1000,5484,1,0,1,0,20,2536,1,0,0,0,0,0,1,0,1,0,0,0,0,0,0,0,0,0,0,0,0,0,0,0,0,0,0,0,0,0,0,0,0,0,0,0,0,0,0,0,0,0,0,0,0,0,0,0,0,0,0,0,0,0,0,0,0,0,0,0,0,0,0,0,150,5,1600,400,800,20,5,1,248,200,0,1,7,0,4,6
1053,65536,20,1000,5484,1,0,1,0,20,2536,1,0,0,0,0,0,1,0,1,0,0,0,0,0,0,0,0,0,0,0,0,0,0,0,0,0,0,0,0,0,0,0,0,0,0,0,0,0,0,0,0,0,0,0,0,0,0,0,0,0,0,0,0,0,0,0,0,0,0,0,0,0,0,0,150,5,1600,400,800,20,5,1,248,200,0,1,7,0,4,6
1054,65536,20,1000,5484,1,0,1,0,20,2536,1,0,0,0,0,0,1,0,1,0,0,0,0,0,0,0,0,0,0,0,0,0,0,0,0,0,0,0,0,0,0,0,0,0,0,0,0,0,0,0,0,0,0,0,0,0,0,0,0,0,0,0,0,0,0,0,0,0,0,0,0,0,0,0,150,5,1600,400,800,20,5,1,248,200,0,1,7,0,4,6
1055,65536,20,1000,5484,1,0,1,0,20,2536,1,0,0,0,0,0,1,0,1,0,0,0,0,0,0,0,0,0,0,0,0,0,0,0,0,0,0,0,0,0,0,0,0,0,0,0,0,0,0,0,0,0,0,0,0,0,0,0,0,0,0,0,0,0,0,0,0,0,0,0,0,0,0,0,150,5,1600,400,800,20,5,1,248,200,0,1,7,0,4,6
1056,65536,20,1000,5484,1,0,1,0,20,2536,1,0,0,0,0,0,1,0,1,0,0,0,0,0,0,0,0,0,0,0,0,0,0,0,0,0,0,0,0,0,0,0,0,0,0,0,0,0,0,0,0,0,0,0,0,0,0,0,0,0,0,0,0,0,0,0,0,0,0,0,0,0,0,0,150,5,1600,400,800,20,5,1,248,200,0,1,7,0,4,6
1057,65536,20,1000,5484,1,0,1,0,20,2536,1,0,0,0,0,0,1,0,1,0,0,0,0,0,0,0,0,0,0,0,0,0,0,0,0,0,0,0,0,0,0,0,0,0,0,0,0,0,0,0,0,0,0,0,0,0,0,0,0,0,0,0,0,0,0,0,0,0,0,0,0,0,0,0,150,5,1600,400,800,20,5,1,248,200,0,1,7,0,4,6
1058,65536,20,1000,5484,1,0,1,0,20,2536,1,0,0,0,0,0,1,0,1,0,0,0,0,0,0,0,0,0,0,0,0,0,0,0,0,0,0,0,0,0,0,0,0,0,0,0,0,0,0,0,0,0,0,0,0,0,0,0,0,0,0,0,0,0,0,0,0,0,0,0,0,0,0,0,150,5,1600,400,800,20,5,1,248,200,0,1,7,0,4,6
1059,65536,20,1000,5484,1,0,1,0,20,2536,1,0,0,0,0,0,1,0,1,0,0,0,0,0,0,0,0,0,0,0,0,0,0,0,0,0,0,0,0,0,0,0,0,0,0,0,0,0,0,0,0,0,0,0,0,0,0,0,0,0,0,0,0,0,0,0,0,0,0,0,0,0,0,0,150,5,1600,400,800,20,5,1,248,200,0,1,7,0,4,6
1060,65536,20,1000,5484,1,0,1,0,20,2536,1,0,0,0,0,0,1,0,1,0,0,0,0,0,0,0,0,0,0,0,0,0,0,0,0,0,0,0,0,0,0,0,0,0,0,0,0,0,0,0,0,0,0,0,0,0,0,0,0,0,0,0,0,0,0,0,0,0,0,0,0,0,0,0,150,5,1600,400,800,20,5,1,248,200,0,1,7,0,4,6
1061,65536,20,1000,5484,1,0,1,0,20,2536,1,0,0,0,0,0,1,0,1,0,0,0,0,0,0,0,0,0,0,0,0,0,0,0,0,0,0,0,0,0,0,0,0,0,0,0,0,0,0,0,0,0,0,0,0,0,0,0,0,0,0,0,0,0,0,0,0,0,0,0,0,0,0,0,150,5,1600,400,800,20,5,1,248,200,0,1,7,0,4,6
1062,65536,20,1000,5484,1,0,1,0,20,2536,1,0,0,0,0,0,1,0,1,0,0,0,0,0,0,0,0,0,0,0,0,0,0,0,0,0,0,0,0,0,0,0,0,0,0,0,0,0,0,0,0,0,0,0,0,0,0,0,0,0,0,0,0,0,0,0,0,0,0,0,0,0,0,0,150,5,1600,400,800,20,5,1,248,200,0,1,7,0,4,6
1063,65536,20,1000,5484,1,0,1,0,20,2536,1,0,0,0,0,0,1,0,1,0,0,0,0,0,0,0,0,0,0,0,0,0,0,0,0,0,0,0,0,0,0,0,0,0,0,0,0,0,0,0,0,0,0,0,0,0,0,0,0,0,0,0,0,0,0,0,0,0,0,0,0,0,0,0,150,5,1600,400,800,20,5,1,248,200,0,1,7,0,4,6
1064,65536,20,1000,5484,1,0,1,0,20,2536,1,0,0,0,0,0,1,0,1,0,0,0,0,0,0,0,0,0,0,0,0,0,0,0,0,0,0,0,0,0,0,0,0,0,0,0,0,0,0,0,0,0,0,0,0,0,0,0,0,0,0,0,0,0,0,0,0,0,0,0,0,0,0,0,150,5,1600,400,800,20,5,1,248,200,0,1,7,0,4,6
1065,65536,20,1000,5484,1,0,1,0,20,2536,1,0,0,0,0,0,1,0,1,0,0,0,0,0,0,0,0,0,0,0,0,0,0,0,0,0,0,0,0,0,0,0,0,0,0,0,0,0,0,0,0,0,0,0,0,0,0,0,0,0,0,0,0,0,0,0,0,0,0,0,0,0,0,0,150,5,1600,400,800,20,5,1,248,200,0,1,7,0,4,6
1066,65536,20,1000,5484,1,0,1,0,20,2536,1,0,0,0,0,0,1,0,1,0,0,0,0,0,0,0,0,0,0,0,0,0,0,0,0,0,0,0,0,0,0,0,0,0,0,0,0,0,0,0,0,0,0,0,0,0,0,0,0,0,0,0,0,0,0,0,0,0,0,0,0,0,0,0,150,5,1600,400,800,20,5,1,248,200,0,1,7,0,4,6
1067,65536,20,1000,5484,1,0,1,0,20,2536,1,0,0,0,0,0,1,0,1,0,0,0,0,0,0,0,0,0,0,0,0,0,0,0,0,0,0,0,0,0,0,0,0,0,0,0,0,0,0,0,0,0,0,0,0,0,0,0,0,0,0,0,0,0,0,0,0,0,0,0,0,0,0,0,150,5,1600,400,800,20,5,1,248,200,0,1,7,0,4,6
1068,65536,20,1000,5484,1,0,1,0,20,2536,1,0,0,0,0,0,1,0,1,0,0,0,0,0,0,0,0,0,0,0,0,0,0,0,0,0,0,0,0,0,0,0,0,0,0,0,0,0,0,0,0,0,0,0,0,0,0,0,0,0,0,0,0,0,0,0,0,0,0,0,0,0,0,0,150,5,1600,400,800,20,5,1,248,200,0,1,7,0,4,6
1069,65536,20,1000,5484,1,0,1,0,20,2536,1,0,0,0,0,0,1,0,1,0,0,0,0,0,0,0,0,0,0,0,0,0,0,0,0,0,0,0,0,0,0,0,0,0,0,0,0,0,0,0,0,0,0,0,0,0,0,0,0,0,0,0,0,0,0,0,0,0,0,0,0,0,0,0,150,5,1600,400,800,20,5,1,248,200,0,1,7,0,4,6
1070,65536,20,1000,5484,1,0,1,0,20,2536,1,0,0,0,0,0,1,0,1,0,0,0,0,0,0,0,0,0,0,0,0,0,0,0,0,0,0,0,0,0,0,0,0,0,0,0,0,0,0,0,0,0,0,0,0,0,0,0,0,0,0,0,0,0,0,0,0,0,0,0,0,0,0,0,150,5,1600,400,800,20,5,1,248,200,0,1,7,0,4,6
1071,65536,20,1000,5484,1,0,1,0,20,2536,1,0,0,0,0,0,1,0,1,0,0,0,0,0,0,0,0,0,0,0,0,0,0,0,0,0,0,0,0,0,0,0,0,0,0,0,0,0,0,0,0,0,0,0,0,0,0,0,0,0,0,0,0,0,0,0,0,0,0,0,0,0,0,0,150,5,1600,400,800,20,5,1,248,200,0,1,7,0,4,6
1072,65536,20,1000,5484,1,0,1,0,20,2536,1,0,0,0,0,0,1,0,1,0,0,0,0,0,0,0,0,0,0,0,0,0,0,0,0,0,0,0,0,0,0,0,0,0,0,0,0,0,0,0,0,0,0,0,0,0,0,0,0,0,0,0,0,0,0,0,0,0,0,0,0,0,0,0,150,5,1600,400,800,20,5,1,248,200,0,1,7,0,4,6
1073,65536,20,1000,5484,1,0,1,0,20,2536,1,0,0,0,0,0,1,0,1,0,0,0,0,0,0,0,0,0,0,0,0,0,0,0,0,0,0,0,0,0,0,0,0,0,0,0,0,0,0,0,0,0,0,0,0,0,0,0,0,0,0,0,0,0,0,0,0,0,0,0,0,0,0,0,150,5,1600,400,800,20,5,1,248,200,0,1,7,0,4,6
1074,65536,20,1000,5484,1,0,1,0,20,2536,1,0,0,0,0,0,1,0,1,0,0,0,0,0,0,0,0,0,0,0,0,0,0,0,0,0,0,0,0,0,0,0,0,0,0,0,0,0,0,0,0,0,0,0,0,0,0,0,0,0,0,0,0,0,0,0,0,0,0,0,0,0,0,0,150,5,1600,400,800,20,5,1,248,200,0,1,7,0,4,6
1075,65536,20,1000,5484,1,0,1,0,20,2536,1,0,0,0,0,0,1,0,1,0,0,0,0,0,0,0,0,0,0,0,0,0,0,0,0,0,0,0,0,0,0,0,0,0,0,0,0,0,0,0,0,0,0,0,0,0,0,0,0,0,0,0,0,0,0,0,0,0,0,0,0,0,0,0,150,5,1600,400,800,20,5,1,248,200,0,1,7,0,4,6
1076,65536,20,1000,5484,1,0,1,0,20,2536,1,0,0,0,0,0,1,0,1,0,0,0,0,0,0,0,0,0,0,0,0,0,0,0,0,0,0,0,0,0,0,0,0,0,0,0,0,0,0,0,0,0,0,0,0,0,0,0,0,0,0,0,0,0,0,0,0,0,0,0,0,0,0,0,150,5,1600,400,800,20,5,1,248,200,0,1,7,0,4,6
1077,65536,20,1000,5484,1,0,1,0,20,2536,1,0,0,0,0,0,1,0,1,0,0,0,0,0,0,0,0,0,0,0,0,0,0,0,0,0,0,0,0,0,0,0,0,0,0,0,0,0,0,0,0,0,0,0,0,0,0,0,0,0,0,0,0,0,0,0,0,0,0,0,0,0,0,0,150,5,1600,400,800,20,5,1,248,200,0,1,7,0,4,6
1078,65536,20,1000,5484,1,0,1,0,20,2536,1,0,0,0,0,0,1,0,1,0,0,0,0,0,0,0,0,0,0,0,0,0,0,0,0,0,0,0,0,0,0,0,0,0,0,0,0,0,0,0,0,0,0,0,0,0,0,0,0,0,0,0,0,0,0,0,0,0,0,0,0,0,0,0,150,5,1600,400,800,20,5,1,248,200,0,1,7,0,4,6
1079,65536,20,1000,5484,1,0,1,0,20,2536,1,0,0,0,0,0,1,0,1,0,0,0,0,0,0,0,0,0,0,0,0,0,0,0,0,0,0,0,0,0,0,0,0,0,0,0,0,0,0,0,0,0,0,0,0,0,0,0,0,0,0,0,0,0,0,0,0,0,0,0,0,0,0,0,150,5,1600,400,800,20,5,1,248,200,0,1,7,0,4,6
